2025-10-29T12:48:43.352495 - USER:a1 - ACTION:get_file_access - DETAILS:{"read": true, "write": true}
2025-10-29T12:48:43.416806 - USER:a1 - ACTION:list_shared_files - DETAILS:{"count": 3}
2025-10-29T12:48:43.428514 - USER:a1 - ACTION:download - DETAILS:{"filename": "file_access.log", "size": 189}
2025-10-29T12:48:43.436813 - USER:a1 - ACTION:download - DETAILS:{"filename": "model_file.ipynb", "size": 8940}
2025-10-29T12:48:43.459694 - USER:a1 - ACTION:upload - DETAILS:{"filename": "web_activity.log", "size": 328489}
2025-10-29T12:48:43.470913 - USER:a1 - ACTION:upload - DETAILS:{"filename": "test_file_2.txt", "size": 52}
2025-10-29T12:48:43.488151 - USER:a1 - ACTION:upload - DETAILS:{"filename": "test_data.json", "size": 54}
2025-10-29T12:48:43.490846 - USER:a1 - ACTION:list_shared_files - DETAILS:{"count": 6}
2025-10-29T12:48:43.513417 - USER:a1 - ACTION:upload - DETAILS:{"filename": "debug_test.txt", "size": 23}
2025-10-29T12:48:43.529221 - USER:a1 - ACTION:upload - DETAILS:{"filename": "my.txt", "size": 0}
2025-10-29T12:48:48.505061 - USER:a1 - ACTION:list_shared_files - DETAILS:{"count": 7}
2025-10-29T12:48:50.212760 - USER:a1 - ACTION:get_file_access - DETAILS:{"read": true, "write": true}
2025-10-29T12:48:53.515139 - USER:a1 - ACTION:list_shared_files - DETAILS:{"count": 7}
2025-10-29T12:48:58.559714 - USER:a1 - ACTION:list_shared_files - DETAILS:{"count": 7}
2025-10-29T12:49:03.571142 - USER:a1 - ACTION:list_shared_files - DETAILS:{"count": 7}
2025-10-29T12:49:08.581672 - USER:a1 - ACTION:list_shared_files - DETAILS:{"count": 7}
2025-10-29T12:49:13.591022 - USER:a1 - ACTION:list_shared_files - DETAILS:{"count": 7}
2025-10-29T12:49:18.601383 - USER:a1 - ACTION:list_shared_files - DETAILS:{"count": 7}
2025-10-29T12:49:23.611073 - USER:a1 - ACTION:list_shared_files - DETAILS:{"count": 7}
2025-10-29T12:49:28.655142 - USER:a1 - ACTION:list_shared_files - DETAILS:{"count": 7}
2025-10-29T12:49:33.700078 - USER:a1 - ACTION:list_shared_files - DETAILS:{"count": 7}
2025-10-29T12:49:38.709148 - USER:a1 - ACTION:list_shared_files - DETAILS:{"count": 7}
2025-10-29T12:49:43.540134 - USER:a1 - ACTION:get_file_access - DETAILS:{"read": true, "write": true}
2025-10-29T12:49:43.546776 - USER:a1 - ACTION:list_shared_files - DETAILS:{"count": 7}
2025-10-29T12:49:43.551937 - USER:a1 - ACTION:download - DETAILS:{"filename": "file_access.log", "size": 2274}
2025-10-29T12:49:43.559841 - USER:a1 - ACTION:download - DETAILS:{"filename": "web_activity.log", "size": 328489}
2025-10-29T12:49:43.571903 - USER:a1 - ACTION:download - DETAILS:{"filename": "test_file_2.txt", "size": 52}
2025-10-29T12:49:43.582095 - USER:a1 - ACTION:download - DETAILS:{"filename": "test_data.json", "size": 54}
2025-10-29T12:49:43.600069 - USER:a1 - ACTION:download - DETAILS:{"filename": "debug_test.txt", "size": 23}
2025-10-29T12:49:43.611519 - USER:a1 - ACTION:download - DETAILS:{"filename": "my.txt", "size": 0}
2025-10-29T12:49:43.756586 - USER:a1 - ACTION:list_shared_files - DETAILS:{"count": 7}
2025-10-29T12:49:48.767306 - USER:a1 - ACTION:list_shared_files - DETAILS:{"count": 7}
2025-10-29T12:49:53.775258 - USER:a1 - ACTION:list_shared_files - DETAILS:{"count": 7}
2025-10-29T12:49:58.784268 - USER:a1 - ACTION:list_shared_files - DETAILS:{"count": 7}
2025-10-29T12:50:03.831046 - USER:a1 - ACTION:list_shared_files - DETAILS:{"count": 7}
2025-10-29T12:50:08.842767 - USER:a1 - ACTION:list_shared_files - DETAILS:{"count": 7}
2025-10-29T12:50:13.852581 - USER:a1 - ACTION:list_shared_files - DETAILS:{"count": 7}
2025-10-29T12:50:15.841389 - USER:a1 - ACTION:get_file_access - DETAILS:{"read": true, "write": true}
2025-10-29T12:50:18.864236 - USER:a1 - ACTION:list_shared_files - DETAILS:{"count": 7}
2025-10-29T12:50:23.873918 - USER:a1 - ACTION:list_shared_files - DETAILS:{"count": 7}
2025-10-29T12:50:28.883812 - USER:a1 - ACTION:list_shared_files - DETAILS:{"count": 7}
2025-10-29T12:50:33.893324 - USER:a1 - ACTION:list_shared_files - DETAILS:{"count": 7}
2025-10-29T12:50:38.903071 - USER:a1 - ACTION:list_shared_files - DETAILS:{"count": 7}
2025-10-29T12:50:43.621825 - USER:a1 - ACTION:get_file_access - DETAILS:{"read": true, "write": true}
2025-10-29T12:50:43.627177 - USER:a1 - ACTION:list_shared_files - DETAILS:{"count": 7}
2025-10-29T12:50:43.632144 - USER:a1 - ACTION:download - DETAILS:{"filename": "file_access.log", "size": 4258}
2025-10-29T12:50:43.908925 - USER:a1 - ACTION:list_shared_files - DETAILS:{"count": 7}
2025-10-29T12:50:48.916909 - USER:a1 - ACTION:list_shared_files - DETAILS:{"count": 7}
2025-10-29T12:50:53.926474 - USER:a1 - ACTION:list_shared_files - DETAILS:{"count": 7}
2025-10-29T12:50:58.935258 - USER:a1 - ACTION:list_shared_files - DETAILS:{"count": 7}
2025-10-29T12:51:03.944432 - USER:a1 - ACTION:list_shared_files - DETAILS:{"count": 7}
2025-10-29T12:51:08.955096 - USER:a1 - ACTION:list_shared_files - DETAILS:{"count": 7}
2025-10-29T12:51:13.965520 - USER:a1 - ACTION:list_shared_files - DETAILS:{"count": 7}
2025-10-29T12:51:18.971486 - USER:a1 - ACTION:list_shared_files - DETAILS:{"count": 7}
2025-10-29T12:51:23.983869 - USER:a1 - ACTION:list_shared_files - DETAILS:{"count": 7}
2025-10-29T12:51:28.997532 - USER:a1 - ACTION:list_shared_files - DETAILS:{"count": 7}
2025-10-29T12:51:34.008094 - USER:a1 - ACTION:list_shared_files - DETAILS:{"count": 7}
2025-10-29T12:51:39.054079 - USER:a1 - ACTION:list_shared_files - DETAILS:{"count": 7}
2025-10-29T12:51:43.642055 - USER:a1 - ACTION:get_file_access - DETAILS:{"read": true, "write": true}
2025-10-29T12:51:43.652573 - USER:a1 - ACTION:list_shared_files - DETAILS:{"count": 7}
2025-10-29T12:51:43.662384 - USER:a1 - ACTION:download - DETAILS:{"filename": "file_access.log", "size": 5602}
2025-10-29T12:51:44.061151 - USER:a1 - ACTION:list_shared_files - DETAILS:{"count": 7}
2025-10-29T12:51:49.070041 - USER:a1 - ACTION:list_shared_files - DETAILS:{"count": 7}
2025-10-29T12:51:54.081783 - USER:a1 - ACTION:list_shared_files - DETAILS:{"count": 7}
2025-10-29T12:51:59.091683 - USER:a1 - ACTION:list_shared_files - DETAILS:{"count": 7}
2025-10-29T12:52:04.100517 - USER:a1 - ACTION:list_shared_files - DETAILS:{"count": 7}
2025-10-29T12:52:09.113154 - USER:a1 - ACTION:list_shared_files - DETAILS:{"count": 7}
2025-10-29T12:52:14.127760 - USER:a1 - ACTION:list_shared_files - DETAILS:{"count": 7}
2025-10-29T12:52:19.137249 - USER:a1 - ACTION:list_shared_files - DETAILS:{"count": 7}
2025-10-29T12:52:24.149148 - USER:a1 - ACTION:list_shared_files - DETAILS:{"count": 7}
2025-10-29T12:52:29.161592 - USER:a1 - ACTION:list_shared_files - DETAILS:{"count": 7}
2025-10-29T12:52:34.171118 - USER:a1 - ACTION:list_shared_files - DETAILS:{"count": 7}
2025-10-29T12:52:39.181993 - USER:a1 - ACTION:list_shared_files - DETAILS:{"count": 7}
2025-10-29T12:52:43.677044 - USER:a1 - ACTION:get_file_access - DETAILS:{"read": true, "write": true}
2025-10-29T12:52:43.689163 - USER:a1 - ACTION:list_shared_files - DETAILS:{"count": 7}
2025-10-29T12:52:43.701039 - USER:a1 - ACTION:download - DETAILS:{"filename": "file_access.log", "size": 6946}
2025-10-29T12:52:44.190454 - USER:a1 - ACTION:list_shared_files - DETAILS:{"count": 7}
2025-10-29T12:52:49.197594 - USER:a1 - ACTION:list_shared_files - DETAILS:{"count": 7}
2025-10-29T12:52:54.207210 - USER:a1 - ACTION:list_shared_files - DETAILS:{"count": 7}
2025-10-29T12:52:59.251671 - USER:a1 - ACTION:list_shared_files - DETAILS:{"count": 7}
2025-10-29T12:53:04.258232 - USER:a1 - ACTION:list_shared_files - DETAILS:{"count": 7}
2025-10-29T12:53:09.302010 - USER:a1 - ACTION:list_shared_files - DETAILS:{"count": 7}
2025-10-29T12:53:14.311821 - USER:a1 - ACTION:list_shared_files - DETAILS:{"count": 7}
2025-10-29T12:53:19.319041 - USER:a1 - ACTION:list_shared_files - DETAILS:{"count": 7}
2025-10-29T12:53:24.327006 - USER:a1 - ACTION:list_shared_files - DETAILS:{"count": 7}
2025-10-29T12:53:29.372139 - USER:a1 - ACTION:list_shared_files - DETAILS:{"count": 7}
2025-10-29T12:53:34.384403 - USER:a1 - ACTION:list_shared_files - DETAILS:{"count": 7}
2025-10-29T12:53:39.397986 - USER:a1 - ACTION:list_shared_files - DETAILS:{"count": 7}
2025-10-29T12:53:43.712119 - USER:a1 - ACTION:get_file_access - DETAILS:{"read": true, "write": true}
2025-10-29T12:53:43.720531 - USER:a1 - ACTION:list_shared_files - DETAILS:{"count": 7}
2025-10-29T12:53:43.729984 - USER:a1 - ACTION:download - DETAILS:{"filename": "file_access.log", "size": 8290}
2025-10-29T12:53:44.408350 - USER:a1 - ACTION:list_shared_files - DETAILS:{"count": 7}
2025-10-29T12:53:49.417983 - USER:a1 - ACTION:list_shared_files - DETAILS:{"count": 7}
2025-10-29T12:53:54.428910 - USER:a1 - ACTION:list_shared_files - DETAILS:{"count": 7}
2025-10-29T12:53:59.436263 - USER:a1 - ACTION:list_shared_files - DETAILS:{"count": 7}
2025-10-29T12:54:04.445011 - USER:a1 - ACTION:list_shared_files - DETAILS:{"count": 7}
2025-10-29T12:54:09.491722 - USER:a1 - ACTION:list_shared_files - DETAILS:{"count": 7}
2025-10-29T12:54:14.538819 - USER:a1 - ACTION:list_shared_files - DETAILS:{"count": 7}
2025-10-29T12:54:19.549011 - USER:a1 - ACTION:list_shared_files - DETAILS:{"count": 7}
2025-10-29T12:54:24.560343 - USER:a1 - ACTION:list_shared_files - DETAILS:{"count": 7}
2025-10-29T12:54:29.604746 - USER:a1 - ACTION:list_shared_files - DETAILS:{"count": 7}
2025-10-29T12:54:34.617958 - USER:a1 - ACTION:list_shared_files - DETAILS:{"count": 7}
2025-10-29T12:54:39.626094 - USER:a1 - ACTION:list_shared_files - DETAILS:{"count": 7}
2025-10-29T12:54:43.736783 - USER:a1 - ACTION:get_file_access - DETAILS:{"read": true, "write": true}
2025-10-29T12:54:43.773670 - USER:a1 - ACTION:list_shared_files - DETAILS:{"count": 7}
2025-10-29T12:54:43.779127 - USER:a1 - ACTION:download - DETAILS:{"filename": "file_access.log", "size": 9634}
2025-10-29T12:54:44.634995 - USER:a1 - ACTION:list_shared_files - DETAILS:{"count": 7}
2025-10-29T12:54:49.647073 - USER:a1 - ACTION:list_shared_files - DETAILS:{"count": 7}
2025-10-29T12:54:54.659937 - USER:a1 - ACTION:list_shared_files - DETAILS:{"count": 7}
2025-10-29T12:54:59.703803 - USER:a1 - ACTION:list_shared_files - DETAILS:{"count": 7}
2025-10-29T12:55:04.748494 - USER:a1 - ACTION:list_shared_files - DETAILS:{"count": 7}
2025-10-29T12:55:09.791798 - USER:a1 - ACTION:list_shared_files - DETAILS:{"count": 7}
2025-10-29T12:55:14.802447 - USER:a1 - ACTION:list_shared_files - DETAILS:{"count": 7}
2025-10-29T12:55:19.813125 - USER:a1 - ACTION:list_shared_files - DETAILS:{"count": 7}
2025-10-29T12:55:24.859175 - USER:a1 - ACTION:list_shared_files - DETAILS:{"count": 7}
2025-10-29T12:55:29.869550 - USER:a1 - ACTION:list_shared_files - DETAILS:{"count": 7}
2025-10-29T12:55:34.915204 - USER:a1 - ACTION:list_shared_files - DETAILS:{"count": 7}
2025-10-29T12:55:39.963063 - USER:a1 - ACTION:list_shared_files - DETAILS:{"count": 7}
2025-10-29T12:55:43.789359 - USER:a1 - ACTION:get_file_access - DETAILS:{"read": true, "write": true}
2025-10-29T12:55:43.795192 - USER:a1 - ACTION:list_shared_files - DETAILS:{"count": 7}
2025-10-29T12:55:43.799951 - USER:a1 - ACTION:download - DETAILS:{"filename": "file_access.log", "size": 10978}
2025-10-29T12:55:45.006583 - USER:a1 - ACTION:list_shared_files - DETAILS:{"count": 7}
2025-10-29T12:55:50.013790 - USER:a1 - ACTION:list_shared_files - DETAILS:{"count": 7}
2025-10-29T12:55:55.022521 - USER:a1 - ACTION:list_shared_files - DETAILS:{"count": 7}
2025-10-29T12:56:00.031695 - USER:a1 - ACTION:list_shared_files - DETAILS:{"count": 7}
2025-10-29T12:56:05.040242 - USER:a1 - ACTION:list_shared_files - DETAILS:{"count": 7}
2025-10-29T12:56:10.047813 - USER:a1 - ACTION:list_shared_files - DETAILS:{"count": 7}
2025-10-29T12:56:15.091580 - USER:a1 - ACTION:list_shared_files - DETAILS:{"count": 7}
2025-10-29T12:56:20.102884 - USER:a1 - ACTION:list_shared_files - DETAILS:{"count": 7}
2025-10-29T12:56:25.146243 - USER:a1 - ACTION:list_shared_files - DETAILS:{"count": 7}
2025-10-29T12:56:30.155892 - USER:a1 - ACTION:list_shared_files - DETAILS:{"count": 7}
2025-10-29T12:56:35.168290 - USER:a1 - ACTION:list_shared_files - DETAILS:{"count": 7}
2025-10-29T12:56:40.179158 - USER:a1 - ACTION:list_shared_files - DETAILS:{"count": 7}
2025-10-29T12:56:43.809777 - USER:a1 - ACTION:get_file_access - DETAILS:{"read": true, "write": true}
2025-10-29T12:56:43.815980 - USER:a1 - ACTION:list_shared_files - DETAILS:{"count": 7}
2025-10-29T12:56:43.821584 - USER:a1 - ACTION:download - DETAILS:{"filename": "file_access.log", "size": 12323}
2025-10-29T12:56:45.222456 - USER:a1 - ACTION:list_shared_files - DETAILS:{"count": 7}
2025-10-29T12:56:50.231259 - USER:a1 - ACTION:list_shared_files - DETAILS:{"count": 7}
2025-10-29T12:56:55.240447 - USER:a1 - ACTION:list_shared_files - DETAILS:{"count": 7}
2025-10-29T12:57:00.251667 - USER:a1 - ACTION:list_shared_files - DETAILS:{"count": 7}
2025-10-29T12:57:05.260190 - USER:a1 - ACTION:list_shared_files - DETAILS:{"count": 7}
2025-10-29T12:57:10.269574 - USER:a1 - ACTION:list_shared_files - DETAILS:{"count": 7}
2025-10-29T12:57:15.311290 - USER:a1 - ACTION:list_shared_files - DETAILS:{"count": 7}
2025-10-29T12:57:20.317925 - USER:a1 - ACTION:list_shared_files - DETAILS:{"count": 7}
2025-10-29T12:57:25.327117 - USER:a1 - ACTION:list_shared_files - DETAILS:{"count": 7}
2025-10-29T12:57:30.339284 - USER:a1 - ACTION:list_shared_files - DETAILS:{"count": 7}
2025-10-29T12:57:35.352344 - USER:a1 - ACTION:list_shared_files - DETAILS:{"count": 7}
2025-10-29T12:57:40.363458 - USER:a1 - ACTION:list_shared_files - DETAILS:{"count": 7}
2025-10-29T12:57:43.829910 - USER:a1 - ACTION:get_file_access - DETAILS:{"read": true, "write": true}
2025-10-29T12:57:43.835067 - USER:a1 - ACTION:list_shared_files - DETAILS:{"count": 7}
2025-10-29T12:57:43.839720 - USER:a1 - ACTION:download - DETAILS:{"filename": "file_access.log", "size": 13668}
2025-10-29T12:57:45.375407 - USER:a1 - ACTION:list_shared_files - DETAILS:{"count": 7}
2025-10-29T12:57:50.386773 - USER:a1 - ACTION:list_shared_files - DETAILS:{"count": 7}
2025-10-29T12:57:55.397871 - USER:a1 - ACTION:list_shared_files - DETAILS:{"count": 7}
2025-10-29T12:58:00.409463 - USER:a1 - ACTION:list_shared_files - DETAILS:{"count": 7}
2025-10-29T12:58:05.420271 - USER:a1 - ACTION:list_shared_files - DETAILS:{"count": 7}
2025-10-29T12:58:10.467725 - USER:a1 - ACTION:list_shared_files - DETAILS:{"count": 7}
2025-10-29T12:58:15.514852 - USER:a1 - ACTION:list_shared_files - DETAILS:{"count": 7}
2025-10-29T12:58:20.525376 - USER:a1 - ACTION:list_shared_files - DETAILS:{"count": 7}
2025-10-29T12:58:25.571815 - USER:a1 - ACTION:list_shared_files - DETAILS:{"count": 7}
2025-10-29T12:58:30.616870 - USER:a1 - ACTION:list_shared_files - DETAILS:{"count": 7}
2025-10-29T12:58:35.627193 - USER:a1 - ACTION:list_shared_files - DETAILS:{"count": 7}
2025-10-29T12:58:40.635864 - USER:a1 - ACTION:list_shared_files - DETAILS:{"count": 7}
2025-10-29T12:58:43.850210 - USER:a1 - ACTION:get_file_access - DETAILS:{"read": true, "write": true}
2025-10-29T12:58:43.855791 - USER:a1 - ACTION:list_shared_files - DETAILS:{"count": 7}
2025-10-29T12:58:43.860524 - USER:a1 - ACTION:download - DETAILS:{"filename": "file_access.log", "size": 15013}
2025-10-29T12:58:45.646870 - USER:a1 - ACTION:list_shared_files - DETAILS:{"count": 7}
2025-10-29T12:58:50.658042 - USER:a1 - ACTION:list_shared_files - DETAILS:{"count": 7}
2025-10-29T12:58:55.706479 - USER:a1 - ACTION:list_shared_files - DETAILS:{"count": 7}
2025-10-29T12:59:00.718845 - USER:a1 - ACTION:list_shared_files - DETAILS:{"count": 7}
2025-10-29T12:59:05.765969 - USER:a1 - ACTION:list_shared_files - DETAILS:{"count": 7}
2025-10-29T12:59:10.777098 - USER:a1 - ACTION:list_shared_files - DETAILS:{"count": 7}
2025-10-29T12:59:15.788545 - USER:a1 - ACTION:list_shared_files - DETAILS:{"count": 7}
2025-10-29T12:59:20.800069 - USER:a1 - ACTION:list_shared_files - DETAILS:{"count": 7}
2025-10-29T12:59:25.846781 - USER:a1 - ACTION:list_shared_files - DETAILS:{"count": 7}
2025-10-29T12:59:30.894047 - USER:a1 - ACTION:list_shared_files - DETAILS:{"count": 7}
2025-10-29T12:59:35.906304 - USER:a1 - ACTION:list_shared_files - DETAILS:{"count": 7}
2025-10-29T12:59:40.952221 - USER:a1 - ACTION:list_shared_files - DETAILS:{"count": 7}
2025-10-29T12:59:43.871106 - USER:a1 - ACTION:get_file_access - DETAILS:{"read": true, "write": true}
2025-10-29T12:59:43.878416 - USER:a1 - ACTION:list_shared_files - DETAILS:{"count": 7}
2025-10-29T12:59:43.883511 - USER:a1 - ACTION:download - DETAILS:{"filename": "file_access.log", "size": 16358}
2025-10-29T12:59:45.964266 - USER:a1 - ACTION:list_shared_files - DETAILS:{"count": 7}
2025-10-29T12:59:50.976380 - USER:a1 - ACTION:list_shared_files - DETAILS:{"count": 7}
2025-10-29T12:59:55.987319 - USER:a1 - ACTION:list_shared_files - DETAILS:{"count": 7}
2025-10-29T13:00:01.031843 - USER:a1 - ACTION:list_shared_files - DETAILS:{"count": 7}
2025-10-29T13:00:06.076310 - USER:a1 - ACTION:list_shared_files - DETAILS:{"count": 7}
2025-10-29T13:00:11.088212 - USER:a1 - ACTION:list_shared_files - DETAILS:{"count": 7}
2025-10-29T13:00:16.094999 - USER:a1 - ACTION:list_shared_files - DETAILS:{"count": 7}
2025-10-30T21:29:24.365798 - USER:a1 - ACTION:get_file_access - DETAILS:{"read": true, "write": true}
2025-11-07T11:38:27.946372 - USER:a1 - ACTION:get_file_access - DETAILS:{"read": true, "write": true}
2025-11-07T11:38:28.035948 - USER:a1 - ACTION:list_shared_files - DETAILS:{"count": 7}
2025-11-07T11:38:28.043770 - USER:a1 - ACTION:download - DETAILS:{"filename": "file_access.log", "size": 17370}
2025-11-07T11:38:28.087856 - USER:a1 - ACTION:list_shared_files - DETAILS:{"count": 7}
2025-11-07T11:38:33.100006 - USER:a1 - ACTION:list_shared_files - DETAILS:{"count": 7}
2025-11-07T11:38:33.232154 - USER:a1 - ACTION:list_shared_files - DETAILS:{"count": 7}
2025-11-07T11:38:38.249934 - USER:a1 - ACTION:list_shared_files - DETAILS:{"count": 7}
2025-11-07T11:38:38.257632 - USER:a1 - ACTION:list_shared_files - DETAILS:{"count": 7}
2025-11-07T11:38:43.258458 - USER:a1 - ACTION:list_shared_files - DETAILS:{"count": 7}
2025-11-07T11:38:43.300748 - USER:a1 - ACTION:list_shared_files - DETAILS:{"count": 7}
2025-11-07T11:38:45.733798 - USER:a1 - ACTION:get_file_access - DETAILS:{"read": true, "write": true}
2025-11-07T11:38:48.301122 - USER:a1 - ACTION:list_shared_files - DETAILS:{"count": 7}
2025-11-07T11:38:48.308503 - USER:a1 - ACTION:list_shared_files - DETAILS:{"count": 7}
2025-11-07T11:38:53.309390 - USER:a1 - ACTION:list_shared_files - DETAILS:{"count": 7}
2025-11-07T11:38:53.351974 - USER:a1 - ACTION:list_shared_files - DETAILS:{"count": 7}
2025-11-07T11:38:58.352879 - USER:a1 - ACTION:list_shared_files - DETAILS:{"count": 7}
2025-11-07T11:38:58.361473 - USER:a1 - ACTION:list_shared_files - DETAILS:{"count": 7}
2025-11-07T11:39:03.360173 - USER:a1 - ACTION:list_shared_files - DETAILS:{"count": 7}
2025-11-07T11:39:03.373188 - USER:a1 - ACTION:list_shared_files - DETAILS:{"count": 7}
2025-11-07T11:39:08.368219 - USER:a1 - ACTION:list_shared_files - DETAILS:{"count": 7}
2025-11-07T11:39:08.386726 - USER:a1 - ACTION:list_shared_files - DETAILS:{"count": 7}
2025-11-07T11:39:13.374681 - USER:a1 - ACTION:list_shared_files - DETAILS:{"count": 7}
2025-11-07T11:39:13.394252 - USER:a1 - ACTION:list_shared_files - DETAILS:{"count": 7}
2025-11-07T11:39:18.383631 - USER:a1 - ACTION:list_shared_files - DETAILS:{"count": 7}
2025-11-07T11:39:18.401950 - USER:a1 - ACTION:list_shared_files - DETAILS:{"count": 7}
2025-11-07T11:39:23.390464 - USER:a1 - ACTION:list_shared_files - DETAILS:{"count": 7}
2025-11-07T11:39:23.408663 - USER:a1 - ACTION:list_shared_files - DETAILS:{"count": 7}
2025-11-07T11:39:28.056151 - USER:a1 - ACTION:get_file_access - DETAILS:{"read": true, "write": true}
2025-11-07T11:39:28.063880 - USER:a1 - ACTION:list_shared_files - DETAILS:{"count": 7}
2025-11-07T11:39:28.069937 - USER:a1 - ACTION:download - DETAILS:{"filename": "file_access.log", "size": 19774}
2025-11-07T11:39:28.400013 - USER:a1 - ACTION:list_shared_files - DETAILS:{"count": 7}
2025-11-07T11:39:28.416234 - USER:a1 - ACTION:list_shared_files - DETAILS:{"count": 7}
2025-11-07T11:39:33.408609 - USER:a1 - ACTION:list_shared_files - DETAILS:{"count": 7}
2025-11-07T11:39:33.429102 - USER:a1 - ACTION:list_shared_files - DETAILS:{"count": 7}
2025-11-07T11:39:38.418156 - USER:a1 - ACTION:list_shared_files - DETAILS:{"count": 7}
2025-11-07T11:39:38.441066 - USER:a1 - ACTION:list_shared_files - DETAILS:{"count": 7}
2025-11-07T11:39:43.425181 - USER:a1 - ACTION:list_shared_files - DETAILS:{"count": 7}
2025-11-07T11:39:43.449051 - USER:a1 - ACTION:list_shared_files - DETAILS:{"count": 7}
2025-11-07T11:39:48.433758 - USER:a1 - ACTION:list_shared_files - DETAILS:{"count": 7}
2025-11-07T11:39:48.456596 - USER:a1 - ACTION:list_shared_files - DETAILS:{"count": 7}
2025-11-07T11:39:53.439385 - USER:a1 - ACTION:list_shared_files - DETAILS:{"count": 7}
2025-11-07T11:39:53.463616 - USER:a1 - ACTION:list_shared_files - DETAILS:{"count": 7}
2025-11-07T11:39:58.450377 - USER:a1 - ACTION:list_shared_files - DETAILS:{"count": 7}
2025-11-07T11:39:58.473080 - USER:a1 - ACTION:list_shared_files - DETAILS:{"count": 7}
2025-11-07T11:40:03.462695 - USER:a1 - ACTION:list_shared_files - DETAILS:{"count": 7}
2025-11-07T11:40:03.480493 - USER:a1 - ACTION:list_shared_files - DETAILS:{"count": 7}
2025-11-07T11:40:08.471069 - USER:a1 - ACTION:list_shared_files - DETAILS:{"count": 7}
2025-11-07T11:40:08.487869 - USER:a1 - ACTION:list_shared_files - DETAILS:{"count": 7}
2025-11-07T11:40:13.481357 - USER:a1 - ACTION:list_shared_files - DETAILS:{"count": 7}
2025-11-07T11:40:13.495746 - USER:a1 - ACTION:list_shared_files - DETAILS:{"count": 7}
2025-11-07T11:40:18.492331 - USER:a1 - ACTION:list_shared_files - DETAILS:{"count": 7}
2025-11-07T11:40:18.507880 - USER:a1 - ACTION:list_shared_files - DETAILS:{"count": 7}
2025-11-07T11:40:23.502829 - USER:a1 - ACTION:list_shared_files - DETAILS:{"count": 7}
2025-11-07T11:40:23.517149 - USER:a1 - ACTION:list_shared_files - DETAILS:{"count": 7}
2025-11-07T11:40:28.077108 - USER:a1 - ACTION:get_file_access - DETAILS:{"read": true, "write": true}
2025-11-07T11:40:28.083831 - USER:a1 - ACTION:list_shared_files - DETAILS:{"count": 7}
2025-11-07T11:40:28.089537 - USER:a1 - ACTION:download - DETAILS:{"filename": "file_access.log", "size": 22163}
2025-11-07T11:40:28.510905 - USER:a1 - ACTION:list_shared_files - DETAILS:{"count": 7}
2025-11-07T11:40:28.524373 - USER:a1 - ACTION:list_shared_files - DETAILS:{"count": 7}
2025-11-07T11:40:33.518258 - USER:a1 - ACTION:list_shared_files - DETAILS:{"count": 7}
2025-11-07T11:40:33.532012 - USER:a1 - ACTION:list_shared_files - DETAILS:{"count": 7}
2025-11-07T11:40:48.960198 - USER:a1 - ACTION:get_file_access - DETAILS:{"read": true, "write": true}
2025-11-07T11:40:49.019821 - USER:a1 - ACTION:list_shared_files - DETAILS:{"count": 7}
2025-11-07T11:40:49.027394 - USER:a1 - ACTION:download - DETAILS:{"filename": "file_access.log", "size": 22812}
2025-11-07T11:40:49.061733 - USER:a1 - ACTION:list_shared_files - DETAILS:{"count": 7}
2025-11-07T11:40:54.070340 - USER:a1 - ACTION:list_shared_files - DETAILS:{"count": 7}
2025-11-07T11:40:59.080525 - USER:a1 - ACTION:list_shared_files - DETAILS:{"count": 7}
2025-11-07T11:41:01.084782 - USER:a1 - ACTION:update_file_access - DETAILS:{"read": false, "write": true}
2025-11-07T11:41:03.999021 - USER:a1 - ACTION:list_shared_files - DETAILS:{"count": 7}
2025-11-07T11:41:04.088108 - USER:a1 - ACTION:list_shared_files - DETAILS:{"count": 7}
2025-11-07T11:41:04.426688 - USER:a1 - ACTION:list_shared_files - DETAILS:{"count": 7}
2025-11-07T11:41:04.611561 - USER:a1 - ACTION:list_shared_files - DETAILS:{"count": 7}
2025-11-07T11:41:06.430970 - USER:a1 - ACTION:list_shared_files - DETAILS:{"count": 7}
2025-11-07T11:41:06.602250 - USER:a1 - ACTION:list_shared_files - DETAILS:{"count": 7}
2025-11-07T11:41:06.759790 - USER:a1 - ACTION:list_shared_files - DETAILS:{"count": 7}
2025-11-07T11:41:09.013968 - USER:a1 - ACTION:list_shared_files - DETAILS:{"count": 7}
2025-11-07T11:41:09.095834 - USER:a1 - ACTION:list_shared_files - DETAILS:{"count": 7}
2025-11-07T11:41:09.437142 - USER:a1 - ACTION:list_shared_files - DETAILS:{"count": 7}
2025-11-07T11:41:09.621676 - USER:a1 - ACTION:list_shared_files - DETAILS:{"count": 7}
2025-11-07T11:41:11.439933 - USER:a1 - ACTION:list_shared_files - DETAILS:{"count": 7}
2025-11-07T11:41:11.612071 - USER:a1 - ACTION:list_shared_files - DETAILS:{"count": 7}
2025-11-07T11:41:11.766429 - USER:a1 - ACTION:list_shared_files - DETAILS:{"count": 7}
2025-11-07T11:41:13.639471 - USER:a1 - ACTION:download - DETAILS:{"filename": "web_activity.log", "size": 328489}
2025-11-07T11:41:14.058026 - USER:a1 - ACTION:list_shared_files - DETAILS:{"count": 7}
2025-11-07T11:41:14.103155 - USER:a1 - ACTION:list_shared_files - DETAILS:{"count": 7}
2025-11-07T11:41:14.448273 - USER:a1 - ACTION:list_shared_files - DETAILS:{"count": 7}
2025-11-07T11:41:14.631566 - USER:a1 - ACTION:list_shared_files - DETAILS:{"count": 7}
2025-11-07T11:41:16.451544 - USER:a1 - ACTION:list_shared_files - DETAILS:{"count": 7}
2025-11-07T11:41:16.623009 - USER:a1 - ACTION:list_shared_files - DETAILS:{"count": 7}
2025-11-07T11:41:16.775019 - USER:a1 - ACTION:list_shared_files - DETAILS:{"count": 7}
2025-11-07T11:41:19.065259 - USER:a1 - ACTION:list_shared_files - DETAILS:{"count": 7}
2025-11-07T11:41:19.118981 - USER:a1 - ACTION:list_shared_files - DETAILS:{"count": 7}
2025-11-07T11:41:19.452900 - USER:a1 - ACTION:list_shared_files - DETAILS:{"count": 7}
2025-11-07T11:41:19.638317 - USER:a1 - ACTION:list_shared_files - DETAILS:{"count": 7}
2025-11-07T11:41:21.460171 - USER:a1 - ACTION:list_shared_files - DETAILS:{"count": 7}
2025-11-07T11:41:21.632059 - USER:a1 - ACTION:list_shared_files - DETAILS:{"count": 7}
2025-11-07T11:41:21.783399 - USER:a1 - ACTION:list_shared_files - DETAILS:{"count": 7}
2025-11-07T11:41:24.073548 - USER:a1 - ACTION:list_shared_files - DETAILS:{"count": 7}
2025-11-07T11:41:24.126453 - USER:a1 - ACTION:list_shared_files - DETAILS:{"count": 7}
2025-11-07T11:41:24.464469 - USER:a1 - ACTION:list_shared_files - DETAILS:{"count": 7}
2025-11-07T11:41:24.647430 - USER:a1 - ACTION:list_shared_files - DETAILS:{"count": 7}
2025-11-07T11:41:26.468146 - USER:a1 - ACTION:list_shared_files - DETAILS:{"count": 7}
2025-11-07T11:41:26.640096 - USER:a1 - ACTION:list_shared_files - DETAILS:{"count": 7}
2025-11-07T11:41:26.792443 - USER:a1 - ACTION:list_shared_files - DETAILS:{"count": 7}
2025-11-07T11:41:29.080784 - USER:a1 - ACTION:list_shared_files - DETAILS:{"count": 7}
2025-11-07T11:41:29.133495 - USER:a1 - ACTION:list_shared_files - DETAILS:{"count": 7}
2025-11-07T11:41:29.473632 - USER:a1 - ACTION:list_shared_files - DETAILS:{"count": 7}
2025-11-07T11:41:29.658035 - USER:a1 - ACTION:list_shared_files - DETAILS:{"count": 7}
2025-11-07T11:41:31.480264 - USER:a1 - ACTION:list_shared_files - DETAILS:{"count": 7}
2025-11-07T11:41:31.648096 - USER:a1 - ACTION:list_shared_files - DETAILS:{"count": 7}
2025-11-07T11:41:31.802463 - USER:a1 - ACTION:list_shared_files - DETAILS:{"count": 7}
2025-11-20T09:09:33.367242 - USER:a1 - ACTION:get_file_access - DETAILS:{"read": false, "write": true}
2025-11-20T09:10:58.652541 - USER:a1 - ACTION:get_file_access - DETAILS:{"read": false, "write": true}
2025-11-20T09:10:58.707593 - USER:a1 - ACTION:list_shared_files - DETAILS:{"count": 7}
2025-11-20T09:11:01.365639 - USER:a1 - ACTION:get_file_access - DETAILS:{"read": false, "write": true}
2025-11-20T09:11:03.716791 - USER:a1 - ACTION:list_shared_files - DETAILS:{"count": 7}
2025-11-20T09:11:08.725259 - USER:a1 - ACTION:list_shared_files - DETAILS:{"count": 7}
2025-11-20T09:11:13.733047 - USER:a1 - ACTION:list_shared_files - DETAILS:{"count": 7}
2025-11-20T09:11:18.742943 - USER:a1 - ACTION:list_shared_files - DETAILS:{"count": 7}
2025-11-20T09:11:23.752697 - USER:a1 - ACTION:list_shared_files - DETAILS:{"count": 7}
2025-11-20T09:11:28.761328 - USER:a1 - ACTION:list_shared_files - DETAILS:{"count": 7}
2025-11-20T09:11:33.456140 - USER:a1 - ACTION:get_file_access - DETAILS:{"read": false, "write": true}
2025-11-20T09:11:33.768607 - USER:a1 - ACTION:list_shared_files - DETAILS:{"count": 7}
2025-11-20T09:11:38.778548 - USER:a1 - ACTION:list_shared_files - DETAILS:{"count": 7}
2025-11-20T09:11:43.787652 - USER:a1 - ACTION:list_shared_files - DETAILS:{"count": 7}
2025-11-20T09:11:48.796020 - USER:a1 - ACTION:list_shared_files - DETAILS:{"count": 7}
2025-11-20T09:11:53.804982 - USER:a1 - ACTION:list_shared_files - DETAILS:{"count": 7}
2025-11-20T09:11:58.692587 - USER:a1 - ACTION:get_file_access - DETAILS:{"read": false, "write": true}
2025-11-20T09:11:58.831019 - USER:a1 - ACTION:list_shared_files - DETAILS:{"count": 7}
2025-11-20T09:12:03.593857 - USER:a1 - ACTION:get_file_access - DETAILS:{"read": false, "write": true}
2025-11-20T09:12:03.834456 - USER:a1 - ACTION:list_shared_files - DETAILS:{"count": 7}
2025-11-20T09:12:08.841661 - USER:a1 - ACTION:list_shared_files - DETAILS:{"count": 7}
2025-11-20T09:12:13.851335 - USER:a1 - ACTION:list_shared_files - DETAILS:{"count": 7}
2025-11-20T09:12:17.538456 - USER:a1 - ACTION:get_file_access - DETAILS:{"read": false, "write": true}
2025-11-20T09:12:18.858886 - USER:a1 - ACTION:list_shared_files - DETAILS:{"count": 7}
2025-11-20T09:12:23.864443 - USER:a1 - ACTION:list_shared_files - DETAILS:{"count": 7}
2025-11-20T09:12:28.869260 - USER:a1 - ACTION:list_shared_files - DETAILS:{"count": 7}
2025-11-20T09:12:33.878195 - USER:a1 - ACTION:list_shared_files - DETAILS:{"count": 7}
2025-11-20T09:12:38.925654 - USER:a1 - ACTION:list_shared_files - DETAILS:{"count": 7}
2025-11-20T09:12:43.932683 - USER:a1 - ACTION:list_shared_files - DETAILS:{"count": 7}
2025-11-20T09:12:48.943027 - USER:a1 - ACTION:list_shared_files - DETAILS:{"count": 7}
2025-11-20T09:12:53.949735 - USER:a1 - ACTION:list_shared_files - DETAILS:{"count": 7}
2025-11-20T09:12:58.699632 - USER:a1 - ACTION:get_file_access - DETAILS:{"read": false, "write": true}
2025-11-20T09:12:58.991693 - USER:a1 - ACTION:list_shared_files - DETAILS:{"count": 7}
2025-11-20T09:13:03.997874 - USER:a1 - ACTION:list_shared_files - DETAILS:{"count": 7}
2025-11-20T09:13:09.040739 - USER:a1 - ACTION:list_shared_files - DETAILS:{"count": 7}
2025-11-20T09:13:14.049434 - USER:a1 - ACTION:list_shared_files - DETAILS:{"count": 7}
2025-11-20T09:13:19.056540 - USER:a1 - ACTION:list_shared_files - DETAILS:{"count": 7}
2025-11-20T09:13:19.274574 - USER:a1 - ACTION:get_file_access - DETAILS:{"read": false, "write": true}
2025-11-20T09:13:24.064364 - USER:a1 - ACTION:list_shared_files - DETAILS:{"count": 7}
2025-11-20T09:13:29.072240 - USER:a1 - ACTION:list_shared_files - DETAILS:{"count": 7}
2025-11-20T09:13:34.078461 - USER:a1 - ACTION:list_shared_files - DETAILS:{"count": 7}
2025-11-20T09:13:39.084927 - USER:a1 - ACTION:list_shared_files - DETAILS:{"count": 7}
2025-11-20T09:13:44.091876 - USER:a1 - ACTION:list_shared_files - DETAILS:{"count": 7}
2025-11-20T09:13:49.101801 - USER:a1 - ACTION:list_shared_files - DETAILS:{"count": 7}
2025-11-20T09:13:54.110288 - USER:a1 - ACTION:list_shared_files - DETAILS:{"count": 7}
2025-11-20T09:13:58.744787 - USER:a1 - ACTION:get_file_access - DETAILS:{"read": false, "write": true}
2025-11-20T09:13:59.119221 - USER:a1 - ACTION:list_shared_files - DETAILS:{"count": 7}
2025-11-20T09:14:04.129406 - USER:a1 - ACTION:list_shared_files - DETAILS:{"count": 7}
2025-11-20T09:14:09.136421 - USER:a1 - ACTION:list_shared_files - DETAILS:{"count": 7}
2025-11-20T09:14:14.140806 - USER:a1 - ACTION:list_shared_files - DETAILS:{"count": 7}
2025-11-20T09:14:19.147416 - USER:a1 - ACTION:list_shared_files - DETAILS:{"count": 7}
2025-11-20T09:14:24.187940 - USER:a1 - ACTION:list_shared_files - DETAILS:{"count": 7}
2025-11-20T09:14:29.196375 - USER:a1 - ACTION:list_shared_files - DETAILS:{"count": 7}
2025-11-20T09:14:34.202522 - USER:a1 - ACTION:list_shared_files - DETAILS:{"count": 7}
2025-11-20T09:14:39.210346 - USER:a1 - ACTION:list_shared_files - DETAILS:{"count": 7}
2025-11-20T09:14:44.222795 - USER:a1 - ACTION:list_shared_files - DETAILS:{"count": 7}
2025-11-20T09:14:49.236005 - USER:a1 - ACTION:list_shared_files - DETAILS:{"count": 7}
2025-11-20T09:14:54.240632 - USER:a1 - ACTION:list_shared_files - DETAILS:{"count": 7}
2025-11-20T09:14:58.786053 - USER:a1 - ACTION:get_file_access - DETAILS:{"read": false, "write": true}
2025-11-20T09:14:59.245462 - USER:a1 - ACTION:list_shared_files - DETAILS:{"count": 7}
2025-11-20T09:15:04.250043 - USER:a1 - ACTION:list_shared_files - DETAILS:{"count": 7}
2025-11-20T09:15:09.257424 - USER:a1 - ACTION:list_shared_files - DETAILS:{"count": 7}
2025-11-20T09:15:14.263767 - USER:a1 - ACTION:list_shared_files - DETAILS:{"count": 7}
2025-11-20T09:15:19.272487 - USER:a1 - ACTION:list_shared_files - DETAILS:{"count": 7}
2025-11-20T09:15:24.281659 - USER:a1 - ACTION:list_shared_files - DETAILS:{"count": 7}
2025-11-20T09:15:29.289684 - USER:a1 - ACTION:list_shared_files - DETAILS:{"count": 7}
2025-11-20T09:15:34.298789 - USER:a1 - ACTION:list_shared_files - DETAILS:{"count": 7}
2025-11-20T09:15:39.308288 - USER:a1 - ACTION:list_shared_files - DETAILS:{"count": 7}
2025-11-20T09:15:44.314805 - USER:a1 - ACTION:list_shared_files - DETAILS:{"count": 7}
2025-11-20T09:15:57.073729 - USER:a1 - ACTION:get_file_access - DETAILS:{"read": false, "write": true}
2025-11-20T09:15:57.115676 - USER:a1 - ACTION:list_shared_files - DETAILS:{"count": 7}
2025-11-20T09:16:01.175496 - USER:a1 - ACTION:get_file_access - DETAILS:{"read": false, "write": true}
2025-11-20T09:16:02.119708 - USER:a1 - ACTION:list_shared_files - DETAILS:{"count": 7}
2025-11-20T09:16:07.127871 - USER:a1 - ACTION:list_shared_files - DETAILS:{"count": 7}
2025-11-20T09:16:09.433370 - USER:a1 - ACTION:get_file_access - DETAILS:{"read": false, "write": true}
2025-11-20T09:16:12.171182 - USER:a1 - ACTION:list_shared_files - DETAILS:{"count": 7}
2025-11-20T09:16:17.179789 - USER:a1 - ACTION:list_shared_files - DETAILS:{"count": 7}
2025-11-20T09:16:22.189746 - USER:a1 - ACTION:list_shared_files - DETAILS:{"count": 7}
2025-11-20T09:16:27.196925 - USER:a1 - ACTION:list_shared_files - DETAILS:{"count": 7}
2025-11-20T09:16:32.203469 - USER:a1 - ACTION:list_shared_files - DETAILS:{"count": 7}
2025-11-20T09:16:37.211748 - USER:a1 - ACTION:list_shared_files - DETAILS:{"count": 7}
2025-11-20T09:16:42.220871 - USER:a1 - ACTION:list_shared_files - DETAILS:{"count": 7}
2025-11-20T09:16:47.263254 - USER:a1 - ACTION:list_shared_files - DETAILS:{"count": 7}
2025-11-20T09:16:52.272247 - USER:a1 - ACTION:list_shared_files - DETAILS:{"count": 7}
2025-11-20T09:16:57.115108 - USER:a1 - ACTION:get_file_access - DETAILS:{"read": false, "write": true}
2025-11-20T09:16:57.312422 - USER:a1 - ACTION:list_shared_files - DETAILS:{"count": 7}
2025-11-20T09:17:02.318232 - USER:a1 - ACTION:list_shared_files - DETAILS:{"count": 7}
2025-11-20T09:17:07.326692 - USER:a1 - ACTION:list_shared_files - DETAILS:{"count": 7}
2025-11-20T09:17:12.371142 - USER:a1 - ACTION:list_shared_files - DETAILS:{"count": 7}
2025-11-20T09:17:17.381264 - USER:a1 - ACTION:list_shared_files - DETAILS:{"count": 7}
2025-11-20T09:17:22.387526 - USER:a1 - ACTION:list_shared_files - DETAILS:{"count": 7}
2025-11-20T09:17:27.393336 - USER:a1 - ACTION:list_shared_files - DETAILS:{"count": 7}
2025-11-20T09:17:32.400496 - USER:a1 - ACTION:list_shared_files - DETAILS:{"count": 7}
2025-11-20T09:17:37.410795 - USER:a1 - ACTION:list_shared_files - DETAILS:{"count": 7}
2025-11-20T09:17:42.418048 - USER:a1 - ACTION:list_shared_files - DETAILS:{"count": 7}
2025-11-20T09:17:47.426712 - USER:a1 - ACTION:list_shared_files - DETAILS:{"count": 7}
2025-11-20T09:17:52.437983 - USER:a1 - ACTION:list_shared_files - DETAILS:{"count": 7}
2025-11-20T09:17:57.124260 - USER:a1 - ACTION:get_file_access - DETAILS:{"read": false, "write": true}
2025-11-20T09:17:57.453608 - USER:a1 - ACTION:list_shared_files - DETAILS:{"count": 7}
2025-11-20T09:17:58.939719 - USER:a1 - ACTION:download - DETAILS:{"filename": "my.txt", "size": 0}
2025-11-20T09:18:02.459364 - USER:a1 - ACTION:list_shared_files - DETAILS:{"count": 7}
2025-11-20T09:18:07.466880 - USER:a1 - ACTION:list_shared_files - DETAILS:{"count": 7}
2025-11-20T09:18:10.997391 - USER:a1 - ACTION:download - DETAILS:{"filename": "debug_test.txt", "size": 23}
2025-11-20T09:18:12.476767 - USER:a1 - ACTION:list_shared_files - DETAILS:{"count": 7}
2025-11-20T09:18:17.485675 - USER:a1 - ACTION:list_shared_files - DETAILS:{"count": 7}
2025-11-20T09:18:22.493698 - USER:a1 - ACTION:list_shared_files - DETAILS:{"count": 7}
2025-11-20T09:18:27.501459 - USER:a1 - ACTION:list_shared_files - DETAILS:{"count": 7}
2025-11-20T09:18:32.511401 - USER:a1 - ACTION:list_shared_files - DETAILS:{"count": 7}
2025-11-20T09:18:37.521408 - USER:a1 - ACTION:list_shared_files - DETAILS:{"count": 7}
2025-11-20T09:18:42.550480 - USER:a1 - ACTION:list_shared_files - DETAILS:{"count": 7}
2025-11-20T09:18:47.558178 - USER:a1 - ACTION:list_shared_files - DETAILS:{"count": 7}
2025-11-20T09:18:52.566661 - USER:a1 - ACTION:list_shared_files - DETAILS:{"count": 7}
2025-11-20T09:18:57.130143 - USER:a1 - ACTION:get_file_access - DETAILS:{"read": false, "write": true}
2025-11-20T09:18:57.574118 - USER:a1 - ACTION:list_shared_files - DETAILS:{"count": 7}
2025-11-20T09:19:02.583769 - USER:a1 - ACTION:list_shared_files - DETAILS:{"count": 7}
2025-11-20T09:19:07.594503 - USER:a1 - ACTION:list_shared_files - DETAILS:{"count": 7}
2025-11-20T09:19:12.604453 - USER:a1 - ACTION:list_shared_files - DETAILS:{"count": 7}
2025-11-20T09:19:17.614051 - USER:a1 - ACTION:list_shared_files - DETAILS:{"count": 7}
2025-11-20T09:19:22.624311 - USER:a1 - ACTION:list_shared_files - DETAILS:{"count": 7}
2025-11-20T09:19:27.631351 - USER:a1 - ACTION:list_shared_files - DETAILS:{"count": 7}
2025-11-20T09:19:32.640604 - USER:a1 - ACTION:list_shared_files - DETAILS:{"count": 7}
2025-11-20T09:19:37.647468 - USER:a1 - ACTION:list_shared_files - DETAILS:{"count": 7}
2025-11-20T09:19:42.653271 - USER:a1 - ACTION:list_shared_files - DETAILS:{"count": 7}
2025-11-20T09:19:47.663074 - USER:a1 - ACTION:list_shared_files - DETAILS:{"count": 7}
2025-11-20T09:19:52.669402 - USER:a1 - ACTION:list_shared_files - DETAILS:{"count": 7}
2025-11-20T09:19:57.173270 - USER:a1 - ACTION:get_file_access - DETAILS:{"read": false, "write": true}
2025-11-20T09:19:57.675790 - USER:a1 - ACTION:list_shared_files - DETAILS:{"count": 7}
2025-11-20T09:20:02.679702 - USER:a1 - ACTION:list_shared_files - DETAILS:{"count": 7}
2025-11-20T09:20:07.683213 - USER:a1 - ACTION:list_shared_files - DETAILS:{"count": 7}
2025-11-20T09:20:12.687689 - USER:a1 - ACTION:list_shared_files - DETAILS:{"count": 7}
2025-11-20T09:20:18.146302 - USER:a1 - ACTION:list_shared_files - DETAILS:{"count": 7}
2025-11-20T09:20:23.149608 - USER:a1 - ACTION:list_shared_files - DETAILS:{"count": 7}
2025-11-20T09:20:57.214628 - USER:a1 - ACTION:get_file_access - DETAILS:{"read": false, "write": true}
2025-11-20T09:21:57.224141 - USER:a1 - ACTION:get_file_access - DETAILS:{"read": false, "write": true}
2025-11-20T09:22:57.229481 - USER:a1 - ACTION:get_file_access - DETAILS:{"read": false, "write": true}
2025-11-20T09:23:57.239331 - USER:a1 - ACTION:get_file_access - DETAILS:{"read": false, "write": true}
2025-11-20T09:24:57.246640 - USER:a1 - ACTION:get_file_access - DETAILS:{"read": false, "write": true}
2025-11-20T09:25:57.255283 - USER:a1 - ACTION:get_file_access - DETAILS:{"read": false, "write": true}
2025-11-20T09:26:57.263371 - USER:a1 - ACTION:get_file_access - DETAILS:{"read": false, "write": true}
2025-11-20T09:27:57.307139 - USER:a1 - ACTION:get_file_access - DETAILS:{"read": false, "write": true}
2025-11-20T09:28:43.741750 - USER:a1 - ACTION:get_file_access - DETAILS:{"read": false, "write": true}
2025-11-20T09:28:57.316231 - USER:a1 - ACTION:get_file_access - DETAILS:{"read": false, "write": true}
2025-11-20T10:02:45.100989 - USER:a1 - ACTION:get_file_access - DETAILS:{"read": false, "write": true}
2025-11-20T10:02:56.040394 - USER:a1 - ACTION:get_file_access - DETAILS:{"read": false, "write": true}
2025-11-20T10:02:56.114630 - USER:a1 - ACTION:get_file_access - DETAILS:{"read": false, "write": true}
2025-11-20T10:03:01.119674 - USER:a1 - ACTION:get_file_access - DETAILS:{"read": false, "write": true}
2025-11-20T10:03:06.127579 - USER:a1 - ACTION:get_file_access - DETAILS:{"read": false, "write": true}
2025-11-20T10:03:11.135791 - USER:a1 - ACTION:get_file_access - DETAILS:{"read": false, "write": true}
2025-11-20T10:03:12.876207 - USER:a1 - ACTION:get_file_access - DETAILS:{"read": false, "write": true}
2025-11-20T10:03:16.143277 - USER:a1 - ACTION:get_file_access - DETAILS:{"read": false, "write": true}
2025-11-20T10:03:18.503889 - USER:a1 - ACTION:update_file_access - DETAILS:{"read": true, "write": true}
2025-11-20T10:03:21.149779 - USER:a1 - ACTION:get_file_access - DETAILS:{"read": true, "write": true}
2025-11-20T10:03:21.154641 - USER:a1 - ACTION:list_shared_files - DETAILS:{"count": 7}
2025-11-20T10:03:26.153166 - USER:a1 - ACTION:get_file_access - DETAILS:{"read": true, "write": true}
2025-11-20T10:03:26.167233 - USER:a1 - ACTION:list_shared_files - DETAILS:{"count": 7}
2025-11-20T10:03:31.168840 - USER:a1 - ACTION:get_file_access - DETAILS:{"read": true, "write": true}
2025-11-20T10:03:31.175757 - USER:a1 - ACTION:list_shared_files - DETAILS:{"count": 7}
2025-11-20T10:03:36.179947 - USER:a1 - ACTION:get_file_access - DETAILS:{"read": true, "write": true}
2025-11-20T10:03:36.186863 - USER:a1 - ACTION:list_shared_files - DETAILS:{"count": 7}
2025-11-20T10:03:41.190448 - USER:a1 - ACTION:get_file_access - DETAILS:{"read": true, "write": true}
2025-11-20T10:03:41.197116 - USER:a1 - ACTION:list_shared_files - DETAILS:{"count": 7}
2025-11-20T10:03:46.198652 - USER:a1 - ACTION:get_file_access - DETAILS:{"read": true, "write": true}
2025-11-20T10:03:46.208272 - USER:a1 - ACTION:list_shared_files - DETAILS:{"count": 7}
2025-11-20T10:03:51.207887 - USER:a1 - ACTION:get_file_access - DETAILS:{"read": true, "write": true}
2025-11-20T10:03:51.212852 - USER:a1 - ACTION:list_shared_files - DETAILS:{"count": 7}
2025-11-20T10:03:56.073745 - USER:a1 - ACTION:get_file_access - DETAILS:{"read": true, "write": true}
2025-11-20T10:03:56.081560 - USER:a1 - ACTION:list_shared_files - DETAILS:{"count": 7}
2025-11-20T10:03:56.085822 - USER:a1 - ACTION:download - DETAILS:{"filename": "file_access.log", "size": 42335}
2025-11-20T10:03:56.217604 - USER:a1 - ACTION:get_file_access - DETAILS:{"read": true, "write": true}
2025-11-20T10:03:56.224970 - USER:a1 - ACTION:list_shared_files - DETAILS:{"count": 7}
2025-11-20T10:04:01.227617 - USER:a1 - ACTION:get_file_access - DETAILS:{"read": true, "write": true}
2025-11-20T10:04:01.271794 - USER:a1 - ACTION:list_shared_files - DETAILS:{"count": 7}
2025-11-20T10:04:06.272115 - USER:a1 - ACTION:get_file_access - DETAILS:{"read": true, "write": true}
2025-11-20T10:04:06.316909 - USER:a1 - ACTION:list_shared_files - DETAILS:{"count": 7}
2025-11-20T10:04:11.316684 - USER:a1 - ACTION:get_file_access - DETAILS:{"read": true, "write": true}
2025-11-20T10:04:11.324124 - USER:a1 - ACTION:list_shared_files - DETAILS:{"count": 7}
2025-11-20T10:04:16.323506 - USER:a1 - ACTION:get_file_access - DETAILS:{"read": true, "write": true}
2025-11-20T10:04:16.330111 - USER:a1 - ACTION:list_shared_files - DETAILS:{"count": 7}
2025-11-20T10:04:21.333410 - USER:a1 - ACTION:get_file_access - DETAILS:{"read": true, "write": true}
2025-11-20T10:04:21.340675 - USER:a1 - ACTION:list_shared_files - DETAILS:{"count": 7}
2025-11-20T10:04:26.340637 - USER:a1 - ACTION:get_file_access - DETAILS:{"read": true, "write": true}
2025-11-20T10:04:26.344754 - USER:a1 - ACTION:list_shared_files - DETAILS:{"count": 7}
2025-11-20T10:04:31.343904 - USER:a1 - ACTION:get_file_access - DETAILS:{"read": true, "write": true}
2025-11-20T10:04:31.348814 - USER:a1 - ACTION:list_shared_files - DETAILS:{"count": 7}
2025-11-20T10:04:36.348621 - USER:a1 - ACTION:get_file_access - DETAILS:{"read": true, "write": true}
2025-11-20T10:04:36.351690 - USER:a1 - ACTION:list_shared_files - DETAILS:{"count": 7}
2025-11-20T10:04:41.355179 - USER:a1 - ACTION:get_file_access - DETAILS:{"read": true, "write": true}
2025-11-20T10:04:41.364209 - USER:a1 - ACTION:list_shared_files - DETAILS:{"count": 7}
2025-11-20T10:04:46.364992 - USER:a1 - ACTION:get_file_access - DETAILS:{"read": true, "write": true}
2025-11-20T10:04:46.407465 - USER:a1 - ACTION:list_shared_files - DETAILS:{"count": 7}
2025-11-20T10:04:51.407221 - USER:a1 - ACTION:get_file_access - DETAILS:{"read": true, "write": true}
2025-11-20T10:04:51.421844 - USER:a1 - ACTION:list_shared_files - DETAILS:{"count": 7}
2025-11-20T10:04:56.092994 - USER:a1 - ACTION:get_file_access - DETAILS:{"read": true, "write": true}
2025-11-20T10:04:56.099269 - USER:a1 - ACTION:list_shared_files - DETAILS:{"count": 7}
2025-11-20T10:04:56.103989 - USER:a1 - ACTION:download - DETAILS:{"filename": "file_access.log", "size": 44904}
2025-11-20T10:04:56.421712 - USER:a1 - ACTION:get_file_access - DETAILS:{"read": true, "write": true}
2025-11-20T10:04:56.428182 - USER:a1 - ACTION:list_shared_files - DETAILS:{"count": 7}
2025-11-20T10:05:01.432461 - USER:a1 - ACTION:get_file_access - DETAILS:{"read": true, "write": true}
2025-11-20T10:05:01.439633 - USER:a1 - ACTION:list_shared_files - DETAILS:{"count": 7}
2025-11-20T10:05:06.441755 - USER:a1 - ACTION:get_file_access - DETAILS:{"read": true, "write": true}
2025-11-20T10:05:06.449217 - USER:a1 - ACTION:list_shared_files - DETAILS:{"count": 7}
2025-11-20T10:05:11.447839 - USER:a1 - ACTION:get_file_access - DETAILS:{"read": true, "write": true}
2025-11-20T10:05:11.452347 - USER:a1 - ACTION:list_shared_files - DETAILS:{"count": 7}
2025-11-20T10:05:16.455831 - USER:a1 - ACTION:get_file_access - DETAILS:{"read": true, "write": true}
2025-11-20T10:05:16.482469 - USER:a1 - ACTION:list_shared_files - DETAILS:{"count": 7}
2025-11-20T10:05:21.484433 - USER:a1 - ACTION:get_file_access - DETAILS:{"read": true, "write": true}
2025-11-20T10:05:21.492854 - USER:a1 - ACTION:list_shared_files - DETAILS:{"count": 7}
2025-11-20T10:05:26.493119 - USER:a1 - ACTION:get_file_access - DETAILS:{"read": true, "write": true}
2025-11-20T10:05:26.499205 - USER:a1 - ACTION:list_shared_files - DETAILS:{"count": 7}
2025-11-20T10:05:31.501371 - USER:a1 - ACTION:get_file_access - DETAILS:{"read": true, "write": true}
2025-11-20T10:05:31.508716 - USER:a1 - ACTION:list_shared_files - DETAILS:{"count": 7}
2025-11-20T10:05:36.510830 - USER:a1 - ACTION:get_file_access - DETAILS:{"read": true, "write": true}
2025-11-20T10:05:36.554405 - USER:a1 - ACTION:list_shared_files - DETAILS:{"count": 7}
2025-11-20T10:05:41.556999 - USER:a1 - ACTION:get_file_access - DETAILS:{"read": true, "write": true}
2025-11-20T10:05:41.563640 - USER:a1 - ACTION:list_shared_files - DETAILS:{"count": 7}
2025-11-20T10:05:46.564434 - USER:a1 - ACTION:get_file_access - DETAILS:{"read": true, "write": true}
2025-11-20T10:05:46.570385 - USER:a1 - ACTION:list_shared_files - DETAILS:{"count": 7}
2025-11-20T10:05:51.568214 - USER:a1 - ACTION:get_file_access - DETAILS:{"read": true, "write": true}
2025-11-20T10:05:51.576041 - USER:a1 - ACTION:list_shared_files - DETAILS:{"count": 7}
2025-11-20T10:05:56.107216 - USER:a1 - ACTION:get_file_access - DETAILS:{"read": true, "write": true}
2025-11-20T10:05:56.110750 - USER:a1 - ACTION:list_shared_files - DETAILS:{"count": 7}
2025-11-20T10:05:56.113833 - USER:a1 - ACTION:download - DETAILS:{"filename": "file_access.log", "size": 47473}
2025-11-20T10:05:56.571463 - USER:a1 - ACTION:get_file_access - DETAILS:{"read": true, "write": true}
2025-11-20T10:05:56.579603 - USER:a1 - ACTION:list_shared_files - DETAILS:{"count": 7}
2025-11-20T10:06:01.575540 - USER:a1 - ACTION:get_file_access - DETAILS:{"read": true, "write": true}
2025-11-20T10:06:01.583725 - USER:a1 - ACTION:list_shared_files - DETAILS:{"count": 7}
2025-11-20T10:06:06.583212 - USER:a1 - ACTION:get_file_access - DETAILS:{"read": true, "write": true}
2025-11-20T10:06:06.590966 - USER:a1 - ACTION:list_shared_files - DETAILS:{"count": 7}
2025-11-20T10:06:11.594747 - USER:a1 - ACTION:get_file_access - DETAILS:{"read": true, "write": true}
2025-11-20T10:06:11.602434 - USER:a1 - ACTION:list_shared_files - DETAILS:{"count": 7}
2025-11-20T10:06:16.602782 - USER:a1 - ACTION:get_file_access - DETAILS:{"read": true, "write": true}
2025-11-20T10:06:16.609784 - USER:a1 - ACTION:list_shared_files - DETAILS:{"count": 7}
2025-11-20T10:06:21.612144 - USER:a1 - ACTION:get_file_access - DETAILS:{"read": true, "write": true}
2025-11-20T10:06:21.620232 - USER:a1 - ACTION:list_shared_files - DETAILS:{"count": 7}
2025-11-20T10:06:26.619470 - USER:a1 - ACTION:get_file_access - DETAILS:{"read": true, "write": true}
2025-11-20T10:06:26.625532 - USER:a1 - ACTION:list_shared_files - DETAILS:{"count": 7}
2025-11-20T10:06:31.627315 - USER:a1 - ACTION:get_file_access - DETAILS:{"read": true, "write": true}
2025-11-20T10:06:31.635557 - USER:a1 - ACTION:list_shared_files - DETAILS:{"count": 7}
2025-11-20T10:06:36.637903 - USER:a1 - ACTION:get_file_access - DETAILS:{"read": true, "write": true}
2025-11-20T10:06:36.645726 - USER:a1 - ACTION:list_shared_files - DETAILS:{"count": 7}
2025-11-20T10:06:41.645912 - USER:a1 - ACTION:get_file_access - DETAILS:{"read": true, "write": true}
2025-11-20T10:06:41.652971 - USER:a1 - ACTION:list_shared_files - DETAILS:{"count": 7}
2025-11-20T10:06:46.652114 - USER:a1 - ACTION:get_file_access - DETAILS:{"read": true, "write": true}
2025-11-20T10:06:46.657708 - USER:a1 - ACTION:list_shared_files - DETAILS:{"count": 7}
2025-11-20T10:06:51.661441 - USER:a1 - ACTION:get_file_access - DETAILS:{"read": true, "write": true}
2025-11-20T10:06:51.668669 - USER:a1 - ACTION:list_shared_files - DETAILS:{"count": 7}
2025-11-20T10:06:56.119244 - USER:a1 - ACTION:get_file_access - DETAILS:{"read": true, "write": true}
2025-11-20T10:06:56.126914 - USER:a1 - ACTION:list_shared_files - DETAILS:{"count": 7}
2025-11-20T10:06:56.130005 - USER:a1 - ACTION:download - DETAILS:{"filename": "file_access.log", "size": 50042}
2025-11-20T10:06:56.669644 - USER:a1 - ACTION:get_file_access - DETAILS:{"read": true, "write": true}
2025-11-20T10:06:56.676787 - USER:a1 - ACTION:list_shared_files - DETAILS:{"count": 7}
2025-11-20T10:07:01.676900 - USER:a1 - ACTION:get_file_access - DETAILS:{"read": true, "write": true}
2025-11-20T10:07:01.685354 - USER:a1 - ACTION:list_shared_files - DETAILS:{"count": 7}
2025-11-20T10:07:06.687038 - USER:a1 - ACTION:get_file_access - DETAILS:{"read": true, "write": true}
2025-11-20T10:07:06.693885 - USER:a1 - ACTION:list_shared_files - DETAILS:{"count": 7}
2025-11-20T10:07:11.696725 - USER:a1 - ACTION:get_file_access - DETAILS:{"read": true, "write": true}
2025-11-20T10:07:11.704704 - USER:a1 - ACTION:list_shared_files - DETAILS:{"count": 7}
2025-11-20T10:07:16.706408 - USER:a1 - ACTION:get_file_access - DETAILS:{"read": true, "write": true}
2025-11-20T10:07:16.712572 - USER:a1 - ACTION:list_shared_files - DETAILS:{"count": 7}
2025-11-20T10:07:21.711690 - USER:a1 - ACTION:get_file_access - DETAILS:{"read": true, "write": true}
2025-11-20T10:07:21.715908 - USER:a1 - ACTION:list_shared_files - DETAILS:{"count": 7}
2025-11-20T10:07:26.718725 - USER:a1 - ACTION:get_file_access - DETAILS:{"read": true, "write": true}
2025-11-20T10:07:26.725063 - USER:a1 - ACTION:list_shared_files - DETAILS:{"count": 7}
2025-11-20T10:07:31.725366 - USER:a1 - ACTION:get_file_access - DETAILS:{"read": true, "write": true}
2025-11-20T10:07:31.732613 - USER:a1 - ACTION:list_shared_files - DETAILS:{"count": 7}
2025-11-20T10:07:36.731122 - USER:a1 - ACTION:get_file_access - DETAILS:{"read": true, "write": true}
2025-11-20T10:07:36.740856 - USER:a1 - ACTION:list_shared_files - DETAILS:{"count": 7}
2025-11-20T10:07:41.736067 - USER:a1 - ACTION:get_file_access - DETAILS:{"read": true, "write": true}
2025-11-20T10:07:41.745330 - USER:a1 - ACTION:list_shared_files - DETAILS:{"count": 7}
2025-11-20T10:07:46.740555 - USER:a1 - ACTION:get_file_access - DETAILS:{"read": true, "write": true}
2025-11-20T10:07:46.779024 - USER:a1 - ACTION:list_shared_files - DETAILS:{"count": 7}
2025-11-20T10:07:51.779036 - USER:a1 - ACTION:get_file_access - DETAILS:{"read": true, "write": true}
2025-11-20T10:07:51.782607 - USER:a1 - ACTION:list_shared_files - DETAILS:{"count": 7}
2025-11-20T10:07:56.137359 - USER:a1 - ACTION:get_file_access - DETAILS:{"read": true, "write": true}
2025-11-20T10:07:56.144327 - USER:a1 - ACTION:list_shared_files - DETAILS:{"count": 7}
2025-11-20T10:07:56.147789 - USER:a1 - ACTION:download - DETAILS:{"filename": "file_access.log", "size": 52611}
2025-11-20T10:07:56.786842 - USER:a1 - ACTION:get_file_access - DETAILS:{"read": true, "write": true}
2025-11-20T10:07:56.794580 - USER:a1 - ACTION:list_shared_files - DETAILS:{"count": 7}
2025-11-20T10:08:01.872091 - USER:a1 - ACTION:get_file_access - DETAILS:{"read": true, "write": true}
2025-11-20T10:08:01.876728 - USER:a1 - ACTION:list_shared_files - DETAILS:{"count": 7}
2025-11-20T10:08:06.879618 - USER:a1 - ACTION:get_file_access - DETAILS:{"read": true, "write": true}
2025-11-20T10:08:06.919317 - USER:a1 - ACTION:list_shared_files - DETAILS:{"count": 7}
2025-11-20T10:08:11.922724 - USER:a1 - ACTION:get_file_access - DETAILS:{"read": true, "write": true}
2025-11-20T10:08:11.932367 - USER:a1 - ACTION:list_shared_files - DETAILS:{"count": 7}
2025-11-20T10:08:16.933269 - USER:a1 - ACTION:get_file_access - DETAILS:{"read": true, "write": true}
2025-11-20T10:08:16.941444 - USER:a1 - ACTION:list_shared_files - DETAILS:{"count": 7}
2025-11-20T10:08:21.939786 - USER:a1 - ACTION:get_file_access - DETAILS:{"read": true, "write": true}
2025-11-20T10:08:21.945131 - USER:a1 - ACTION:list_shared_files - DETAILS:{"count": 7}
2025-11-20T10:08:26.945618 - USER:a1 - ACTION:get_file_access - DETAILS:{"read": true, "write": true}
2025-11-20T10:08:26.951665 - USER:a1 - ACTION:list_shared_files - DETAILS:{"count": 7}
2025-11-20T10:08:31.952051 - USER:a1 - ACTION:get_file_access - DETAILS:{"read": true, "write": true}
2025-11-20T10:08:31.957533 - USER:a1 - ACTION:list_shared_files - DETAILS:{"count": 7}
2025-11-20T10:08:36.957194 - USER:a1 - ACTION:get_file_access - DETAILS:{"read": true, "write": true}
2025-11-20T10:08:36.960486 - USER:a1 - ACTION:list_shared_files - DETAILS:{"count": 7}
2025-11-20T10:08:41.960966 - USER:a1 - ACTION:get_file_access - DETAILS:{"read": true, "write": true}
2025-11-20T10:08:42.004667 - USER:a1 - ACTION:list_shared_files - DETAILS:{"count": 7}
2025-11-20T10:08:47.005057 - USER:a1 - ACTION:get_file_access - DETAILS:{"read": true, "write": true}
2025-11-20T10:08:47.013431 - USER:a1 - ACTION:list_shared_files - DETAILS:{"count": 7}
2025-11-20T10:08:52.011607 - USER:a1 - ACTION:get_file_access - DETAILS:{"read": true, "write": true}
2025-11-20T10:08:52.017005 - USER:a1 - ACTION:list_shared_files - DETAILS:{"count": 7}
2025-11-20T10:08:56.155269 - USER:a1 - ACTION:get_file_access - DETAILS:{"read": true, "write": true}
2025-11-20T10:08:56.199015 - USER:a1 - ACTION:list_shared_files - DETAILS:{"count": 7}
2025-11-20T10:08:56.204519 - USER:a1 - ACTION:download - DETAILS:{"filename": "file_access.log", "size": 55180}
2025-11-20T10:08:57.020284 - USER:a1 - ACTION:get_file_access - DETAILS:{"read": true, "write": true}
2025-11-20T10:08:57.028521 - USER:a1 - ACTION:list_shared_files - DETAILS:{"count": 7}
2025-11-20T10:09:02.031679 - USER:a1 - ACTION:get_file_access - DETAILS:{"read": true, "write": true}
2025-11-20T10:09:02.040383 - USER:a1 - ACTION:list_shared_files - DETAILS:{"count": 7}
2025-11-20T10:09:07.042850 - USER:a1 - ACTION:get_file_access - DETAILS:{"read": true, "write": true}
2025-11-20T10:09:07.050061 - USER:a1 - ACTION:list_shared_files - DETAILS:{"count": 7}
2025-11-20T10:09:12.052804 - USER:a1 - ACTION:get_file_access - DETAILS:{"read": true, "write": true}
2025-11-20T10:09:12.060528 - USER:a1 - ACTION:list_shared_files - DETAILS:{"count": 7}
2025-11-20T10:09:17.061732 - USER:a1 - ACTION:get_file_access - DETAILS:{"read": true, "write": true}
2025-11-20T10:09:17.104696 - USER:a1 - ACTION:list_shared_files - DETAILS:{"count": 7}
2025-11-20T10:09:22.105898 - USER:a1 - ACTION:get_file_access - DETAILS:{"read": true, "write": true}
2025-11-20T10:09:22.113791 - USER:a1 - ACTION:list_shared_files - DETAILS:{"count": 7}
2025-11-20T10:09:27.116176 - USER:a1 - ACTION:get_file_access - DETAILS:{"read": true, "write": true}
2025-11-20T10:09:27.123519 - USER:a1 - ACTION:list_shared_files - DETAILS:{"count": 7}
2025-11-20T10:09:32.122057 - USER:a1 - ACTION:get_file_access - DETAILS:{"read": true, "write": true}
2025-11-20T10:09:32.126688 - USER:a1 - ACTION:list_shared_files - DETAILS:{"count": 7}
2025-11-20T10:09:37.128872 - USER:a1 - ACTION:get_file_access - DETAILS:{"read": true, "write": true}
2025-11-20T10:09:37.135927 - USER:a1 - ACTION:list_shared_files - DETAILS:{"count": 7}
2025-11-20T10:09:42.133329 - USER:a1 - ACTION:get_file_access - DETAILS:{"read": true, "write": true}
2025-11-20T10:09:42.139986 - USER:a1 - ACTION:list_shared_files - DETAILS:{"count": 7}
2025-11-20T10:09:47.140376 - USER:a1 - ACTION:get_file_access - DETAILS:{"read": true, "write": true}
2025-11-20T10:09:47.147280 - USER:a1 - ACTION:list_shared_files - DETAILS:{"count": 7}
2025-11-20T10:09:52.145891 - USER:a1 - ACTION:get_file_access - DETAILS:{"read": true, "write": true}
2025-11-20T10:09:52.150526 - USER:a1 - ACTION:list_shared_files - DETAILS:{"count": 7}
2025-11-20T10:09:56.214309 - USER:a1 - ACTION:get_file_access - DETAILS:{"read": true, "write": true}
2025-11-20T10:09:56.222399 - USER:a1 - ACTION:list_shared_files - DETAILS:{"count": 7}
2025-11-20T10:09:56.225326 - USER:a1 - ACTION:download - DETAILS:{"filename": "file_access.log", "size": 57749}
2025-11-20T10:09:57.153358 - USER:a1 - ACTION:get_file_access - DETAILS:{"read": true, "write": true}
2025-11-20T10:09:57.161783 - USER:a1 - ACTION:list_shared_files - DETAILS:{"count": 7}
2025-11-20T10:10:02.162712 - USER:a1 - ACTION:get_file_access - DETAILS:{"read": true, "write": true}
2025-11-20T10:10:02.170606 - USER:a1 - ACTION:list_shared_files - DETAILS:{"count": 7}
2025-11-20T10:10:07.170596 - USER:a1 - ACTION:get_file_access - DETAILS:{"read": true, "write": true}
2025-11-20T10:10:07.177747 - USER:a1 - ACTION:list_shared_files - DETAILS:{"count": 7}
2025-11-20T10:10:12.178521 - USER:a1 - ACTION:get_file_access - DETAILS:{"read": true, "write": true}
2025-11-20T10:10:12.187208 - USER:a1 - ACTION:list_shared_files - DETAILS:{"count": 7}
2025-11-20T10:10:17.187381 - USER:a1 - ACTION:get_file_access - DETAILS:{"read": true, "write": true}
2025-11-20T10:10:17.193362 - USER:a1 - ACTION:list_shared_files - DETAILS:{"count": 7}
2025-11-20T10:10:22.192546 - USER:a1 - ACTION:get_file_access - DETAILS:{"read": true, "write": true}
2025-11-20T10:10:22.199053 - USER:a1 - ACTION:list_shared_files - DETAILS:{"count": 7}
2025-11-20T10:10:27.201644 - USER:a1 - ACTION:get_file_access - DETAILS:{"read": true, "write": true}
2025-11-20T10:10:27.209546 - USER:a1 - ACTION:list_shared_files - DETAILS:{"count": 7}
2025-11-20T10:10:32.211953 - USER:a1 - ACTION:get_file_access - DETAILS:{"read": true, "write": true}
2025-11-20T10:10:32.218386 - USER:a1 - ACTION:list_shared_files - DETAILS:{"count": 7}
2025-11-20T10:10:37.216369 - USER:a1 - ACTION:get_file_access - DETAILS:{"read": true, "write": true}
2025-11-20T10:10:37.222858 - USER:a1 - ACTION:list_shared_files - DETAILS:{"count": 7}
2025-11-20T10:10:42.223593 - USER:a1 - ACTION:get_file_access - DETAILS:{"read": true, "write": true}
2025-11-20T10:10:42.231338 - USER:a1 - ACTION:list_shared_files - DETAILS:{"count": 7}
2025-11-20T10:10:47.233148 - USER:a1 - ACTION:get_file_access - DETAILS:{"read": true, "write": true}
2025-11-20T10:10:47.240826 - USER:a1 - ACTION:list_shared_files - DETAILS:{"count": 7}
2025-11-20T10:10:52.243285 - USER:a1 - ACTION:get_file_access - DETAILS:{"read": true, "write": true}
2025-11-20T10:10:52.251010 - USER:a1 - ACTION:list_shared_files - DETAILS:{"count": 7}
2025-11-20T10:10:56.232957 - USER:a1 - ACTION:get_file_access - DETAILS:{"read": true, "write": true}
2025-11-20T10:10:56.240341 - USER:a1 - ACTION:list_shared_files - DETAILS:{"count": 7}
2025-11-20T10:10:56.244962 - USER:a1 - ACTION:download - DETAILS:{"filename": "file_access.log", "size": 60318}
2025-11-20T10:10:57.248773 - USER:a1 - ACTION:get_file_access - DETAILS:{"read": true, "write": true}
2025-11-20T10:10:57.255089 - USER:a1 - ACTION:list_shared_files - DETAILS:{"count": 7}
2025-11-20T10:11:02.256638 - USER:a1 - ACTION:get_file_access - DETAILS:{"read": true, "write": true}
2025-11-20T10:11:02.264206 - USER:a1 - ACTION:list_shared_files - DETAILS:{"count": 7}
2025-11-20T10:11:07.265223 - USER:a1 - ACTION:get_file_access - DETAILS:{"read": true, "write": true}
2025-11-20T10:11:07.274796 - USER:a1 - ACTION:list_shared_files - DETAILS:{"count": 7}
2025-11-20T10:11:12.273713 - USER:a1 - ACTION:get_file_access - DETAILS:{"read": true, "write": true}
2025-11-20T10:11:12.317305 - USER:a1 - ACTION:list_shared_files - DETAILS:{"count": 7}
2025-11-20T10:11:17.314254 - USER:a1 - ACTION:get_file_access - DETAILS:{"read": true, "write": true}
2025-11-20T10:11:17.321306 - USER:a1 - ACTION:list_shared_files - DETAILS:{"count": 7}
2025-11-20T10:11:22.321222 - USER:a1 - ACTION:get_file_access - DETAILS:{"read": true, "write": true}
2025-11-20T10:11:22.328323 - USER:a1 - ACTION:list_shared_files - DETAILS:{"count": 7}
2025-11-20T10:11:27.328699 - USER:a1 - ACTION:get_file_access - DETAILS:{"read": true, "write": true}
2025-11-20T10:11:27.335989 - USER:a1 - ACTION:list_shared_files - DETAILS:{"count": 7}
2025-11-20T10:11:32.338719 - USER:a1 - ACTION:get_file_access - DETAILS:{"read": true, "write": true}
2025-11-20T10:11:32.382311 - USER:a1 - ACTION:list_shared_files - DETAILS:{"count": 7}
2025-11-20T10:11:37.382475 - USER:a1 - ACTION:get_file_access - DETAILS:{"read": true, "write": true}
2025-11-20T10:11:37.388195 - USER:a1 - ACTION:list_shared_files - DETAILS:{"count": 7}
2025-11-20T10:11:42.391047 - USER:a1 - ACTION:get_file_access - DETAILS:{"read": true, "write": true}
2025-11-20T10:11:42.398536 - USER:a1 - ACTION:list_shared_files - DETAILS:{"count": 7}
2025-11-20T10:11:47.399973 - USER:a1 - ACTION:get_file_access - DETAILS:{"read": true, "write": true}
2025-11-20T10:11:47.407430 - USER:a1 - ACTION:list_shared_files - DETAILS:{"count": 7}
2025-11-20T10:11:52.408312 - USER:a1 - ACTION:get_file_access - DETAILS:{"read": true, "write": true}
2025-11-20T10:11:52.414600 - USER:a1 - ACTION:list_shared_files - DETAILS:{"count": 7}
2025-11-20T10:11:56.249708 - USER:a1 - ACTION:get_file_access - DETAILS:{"read": true, "write": true}
2025-11-20T10:11:56.252923 - USER:a1 - ACTION:list_shared_files - DETAILS:{"count": 7}
2025-11-20T10:11:56.255692 - USER:a1 - ACTION:download - DETAILS:{"filename": "file_access.log", "size": 62887}
2025-11-20T10:11:57.415453 - USER:a1 - ACTION:get_file_access - DETAILS:{"read": true, "write": true}
2025-11-20T10:11:57.422824 - USER:a1 - ACTION:list_shared_files - DETAILS:{"count": 7}
2025-11-20T10:12:02.425832 - USER:a1 - ACTION:get_file_access - DETAILS:{"read": true, "write": true}
2025-11-20T10:12:02.471080 - USER:a1 - ACTION:list_shared_files - DETAILS:{"count": 7}
2025-11-20T10:12:07.472739 - USER:a1 - ACTION:get_file_access - DETAILS:{"read": true, "write": true}
2025-11-20T10:12:07.479986 - USER:a1 - ACTION:list_shared_files - DETAILS:{"count": 7}
2025-11-20T10:12:12.481080 - USER:a1 - ACTION:get_file_access - DETAILS:{"read": true, "write": true}
2025-11-20T10:12:12.523846 - USER:a1 - ACTION:list_shared_files - DETAILS:{"count": 7}
2025-11-20T10:12:17.526446 - USER:a1 - ACTION:get_file_access - DETAILS:{"read": true, "write": true}
2025-11-20T10:12:17.534502 - USER:a1 - ACTION:list_shared_files - DETAILS:{"count": 7}
2025-11-20T10:12:22.535667 - USER:a1 - ACTION:get_file_access - DETAILS:{"read": true, "write": true}
2025-11-20T10:12:22.542627 - USER:a1 - ACTION:list_shared_files - DETAILS:{"count": 7}
2025-11-20T10:12:27.545472 - USER:a1 - ACTION:get_file_access - DETAILS:{"read": true, "write": true}
2025-11-20T10:12:27.553252 - USER:a1 - ACTION:list_shared_files - DETAILS:{"count": 7}
2025-11-20T10:12:32.551567 - USER:a1 - ACTION:get_file_access - DETAILS:{"read": true, "write": true}
2025-11-20T10:12:32.557307 - USER:a1 - ACTION:list_shared_files - DETAILS:{"count": 7}
2025-11-20T10:12:37.556974 - USER:a1 - ACTION:get_file_access - DETAILS:{"read": true, "write": true}
2025-11-20T10:12:37.561624 - USER:a1 - ACTION:list_shared_files - DETAILS:{"count": 7}
2025-11-20T10:12:42.566330 - USER:a1 - ACTION:get_file_access - DETAILS:{"read": true, "write": true}
2025-11-20T10:12:42.574364 - USER:a1 - ACTION:list_shared_files - DETAILS:{"count": 7}
2025-11-20T10:12:47.576159 - USER:a1 - ACTION:get_file_access - DETAILS:{"read": true, "write": true}
2025-11-20T10:12:47.582669 - USER:a1 - ACTION:list_shared_files - DETAILS:{"count": 7}
2025-11-20T10:12:52.584519 - USER:a1 - ACTION:get_file_access - DETAILS:{"read": true, "write": true}
2025-11-20T10:12:52.594449 - USER:a1 - ACTION:list_shared_files - DETAILS:{"count": 7}
2025-11-20T10:12:56.261599 - USER:a1 - ACTION:get_file_access - DETAILS:{"read": true, "write": true}
2025-11-20T10:12:56.267877 - USER:a1 - ACTION:list_shared_files - DETAILS:{"count": 7}
2025-11-20T10:12:56.270721 - USER:a1 - ACTION:download - DETAILS:{"filename": "file_access.log", "size": 65456}
2025-11-20T10:12:57.594690 - USER:a1 - ACTION:get_file_access - DETAILS:{"read": true, "write": true}
2025-11-20T10:12:57.601831 - USER:a1 - ACTION:list_shared_files - DETAILS:{"count": 7}
2025-11-20T10:13:02.603867 - USER:a1 - ACTION:get_file_access - DETAILS:{"read": true, "write": true}
2025-11-20T10:13:02.612428 - USER:a1 - ACTION:list_shared_files - DETAILS:{"count": 7}
2025-11-20T10:13:07.614376 - USER:a1 - ACTION:get_file_access - DETAILS:{"read": true, "write": true}
2025-11-20T10:13:07.622333 - USER:a1 - ACTION:list_shared_files - DETAILS:{"count": 7}
2025-11-20T10:13:12.624426 - USER:a1 - ACTION:get_file_access - DETAILS:{"read": true, "write": true}
2025-11-20T10:13:12.632435 - USER:a1 - ACTION:list_shared_files - DETAILS:{"count": 7}
2025-11-20T10:13:17.632247 - USER:a1 - ACTION:get_file_access - DETAILS:{"read": true, "write": true}
2025-11-20T10:13:17.639401 - USER:a1 - ACTION:list_shared_files - DETAILS:{"count": 7}
2025-11-20T10:13:22.640347 - USER:a1 - ACTION:get_file_access - DETAILS:{"read": true, "write": true}
2025-11-20T10:13:22.649155 - USER:a1 - ACTION:list_shared_files - DETAILS:{"count": 7}
2025-11-20T10:13:27.651236 - USER:a1 - ACTION:get_file_access - DETAILS:{"read": true, "write": true}
2025-11-20T10:13:27.658532 - USER:a1 - ACTION:list_shared_files - DETAILS:{"count": 7}
2025-11-20T10:13:32.657868 - USER:a1 - ACTION:get_file_access - DETAILS:{"read": true, "write": true}
2025-11-20T10:13:32.701215 - USER:a1 - ACTION:list_shared_files - DETAILS:{"count": 7}
2025-11-20T10:13:37.698779 - USER:a1 - ACTION:get_file_access - DETAILS:{"read": true, "write": true}
2025-11-20T10:13:37.735254 - USER:a1 - ACTION:list_shared_files - DETAILS:{"count": 7}
2025-11-20T10:13:42.704837 - USER:a1 - ACTION:get_file_access - DETAILS:{"read": true, "write": true}
2025-11-20T10:13:42.740020 - USER:a1 - ACTION:list_shared_files - DETAILS:{"count": 7}
2025-11-20T10:13:47.715361 - USER:a1 - ACTION:get_file_access - DETAILS:{"read": true, "write": true}
2025-11-20T10:13:47.744289 - USER:a1 - ACTION:list_shared_files - DETAILS:{"count": 7}
2025-11-20T10:13:52.723202 - USER:a1 - ACTION:get_file_access - DETAILS:{"read": true, "write": true}
2025-11-20T10:13:52.747931 - USER:a1 - ACTION:list_shared_files - DETAILS:{"count": 7}
2025-11-20T10:13:56.277194 - USER:a1 - ACTION:get_file_access - DETAILS:{"read": true, "write": true}
2025-11-20T10:13:56.284168 - USER:a1 - ACTION:list_shared_files - DETAILS:{"count": 7}
2025-11-20T10:13:56.288004 - USER:a1 - ACTION:download - DETAILS:{"filename": "file_access.log", "size": 68025}
2025-11-20T10:13:57.729424 - USER:a1 - ACTION:get_file_access - DETAILS:{"read": true, "write": true}
2025-11-20T10:13:57.751640 - USER:a1 - ACTION:list_shared_files - DETAILS:{"count": 7}
2025-11-20T10:14:02.732822 - USER:a1 - ACTION:get_file_access - DETAILS:{"read": true, "write": true}
2025-11-20T10:14:02.755768 - USER:a1 - ACTION:list_shared_files - DETAILS:{"count": 7}
2025-11-20T10:14:07.737732 - USER:a1 - ACTION:get_file_access - DETAILS:{"read": true, "write": true}
2025-11-20T10:14:07.777648 - USER:a1 - ACTION:list_shared_files - DETAILS:{"count": 7}
2025-11-20T10:14:12.780351 - USER:a1 - ACTION:get_file_access - DETAILS:{"read": true, "write": true}
2025-11-20T10:14:12.824679 - USER:a1 - ACTION:list_shared_files - DETAILS:{"count": 7}
2025-11-20T10:14:17.824674 - USER:a1 - ACTION:get_file_access - DETAILS:{"read": true, "write": true}
2025-11-20T10:14:17.831909 - USER:a1 - ACTION:list_shared_files - DETAILS:{"count": 7}
2025-11-20T10:14:22.832030 - USER:a1 - ACTION:get_file_access - DETAILS:{"read": true, "write": true}
2025-11-20T10:14:22.839880 - USER:a1 - ACTION:list_shared_files - DETAILS:{"count": 7}
2025-11-20T10:14:27.840611 - USER:a1 - ACTION:get_file_access - DETAILS:{"read": true, "write": true}
2025-11-20T10:14:27.848649 - USER:a1 - ACTION:list_shared_files - DETAILS:{"count": 7}
2025-11-20T10:14:32.846473 - USER:a1 - ACTION:get_file_access - DETAILS:{"read": true, "write": true}
2025-11-20T10:14:32.852076 - USER:a1 - ACTION:list_shared_files - DETAILS:{"count": 7}
2025-11-20T10:14:37.850843 - USER:a1 - ACTION:get_file_access - DETAILS:{"read": true, "write": true}
2025-11-20T10:14:37.855572 - USER:a1 - ACTION:list_shared_files - DETAILS:{"count": 7}
2025-11-20T10:14:42.856131 - USER:a1 - ACTION:get_file_access - DETAILS:{"read": true, "write": true}
2025-11-20T10:14:42.861185 - USER:a1 - ACTION:list_shared_files - DETAILS:{"count": 7}
2025-11-20T10:14:47.863188 - USER:a1 - ACTION:get_file_access - DETAILS:{"read": true, "write": true}
2025-11-20T10:14:47.871856 - USER:a1 - ACTION:list_shared_files - DETAILS:{"count": 7}
2025-11-20T10:14:53.762731 - USER:a1 - ACTION:get_file_access - DETAILS:{"read": true, "write": true}
2025-11-20T10:14:53.768728 - USER:a1 - ACTION:list_shared_files - DETAILS:{"count": 7}
2025-11-20T10:14:56.295274 - USER:a1 - ACTION:get_file_access - DETAILS:{"read": true, "write": true}
2025-11-20T10:14:56.302408 - USER:a1 - ACTION:list_shared_files - DETAILS:{"count": 7}
2025-11-20T10:14:56.306089 - USER:a1 - ACTION:download - DETAILS:{"filename": "file_access.log", "size": 70594}
2025-11-20T10:14:58.770186 - USER:a1 - ACTION:get_file_access - DETAILS:{"read": true, "write": true}
2025-11-20T10:14:58.777680 - USER:a1 - ACTION:list_shared_files - DETAILS:{"count": 7}
2025-11-20T10:15:03.779220 - USER:a1 - ACTION:get_file_access - DETAILS:{"read": true, "write": true}
2025-11-20T10:15:03.785830 - USER:a1 - ACTION:list_shared_files - DETAILS:{"count": 7}
2025-11-20T10:15:08.786151 - USER:a1 - ACTION:get_file_access - DETAILS:{"read": true, "write": true}
2025-11-20T10:15:08.817489 - USER:a1 - ACTION:list_shared_files - DETAILS:{"count": 7}
2025-11-20T10:15:13.816177 - USER:a1 - ACTION:get_file_access - DETAILS:{"read": true, "write": true}
2025-11-20T10:15:13.821165 - USER:a1 - ACTION:list_shared_files - DETAILS:{"count": 7}
2025-11-20T10:15:18.819762 - USER:a1 - ACTION:get_file_access - DETAILS:{"read": true, "write": true}
2025-11-20T10:15:18.824645 - USER:a1 - ACTION:list_shared_files - DETAILS:{"count": 7}
2025-11-20T10:15:23.825804 - USER:a1 - ACTION:get_file_access - DETAILS:{"read": true, "write": true}
2025-11-20T10:15:23.836518 - USER:a1 - ACTION:list_shared_files - DETAILS:{"count": 7}
2025-11-20T10:15:28.831576 - USER:a1 - ACTION:get_file_access - DETAILS:{"read": true, "write": true}
2025-11-20T10:15:28.840914 - USER:a1 - ACTION:list_shared_files - DETAILS:{"count": 7}
2025-11-20T10:15:33.836922 - USER:a1 - ACTION:get_file_access - DETAILS:{"read": true, "write": true}
2025-11-20T10:15:33.844634 - USER:a1 - ACTION:list_shared_files - DETAILS:{"count": 7}
2025-11-20T10:15:38.841745 - USER:a1 - ACTION:get_file_access - DETAILS:{"read": true, "write": true}
2025-11-20T10:15:38.849302 - USER:a1 - ACTION:list_shared_files - DETAILS:{"count": 7}
2025-11-20T10:15:43.847949 - USER:a1 - ACTION:get_file_access - DETAILS:{"read": true, "write": true}
2025-11-20T10:15:43.855322 - USER:a1 - ACTION:list_shared_files - DETAILS:{"count": 7}
2025-11-20T10:15:48.855416 - USER:a1 - ACTION:get_file_access - DETAILS:{"read": true, "write": true}
2025-11-20T10:15:48.863629 - USER:a1 - ACTION:list_shared_files - DETAILS:{"count": 7}
2025-11-20T10:15:53.864052 - USER:a1 - ACTION:get_file_access - DETAILS:{"read": true, "write": true}
2025-11-20T10:15:53.871088 - USER:a1 - ACTION:list_shared_files - DETAILS:{"count": 7}
2025-11-20T10:15:56.349705 - USER:a1 - ACTION:get_file_access - DETAILS:{"read": true, "write": true}
2025-11-20T10:15:56.353962 - USER:a1 - ACTION:list_shared_files - DETAILS:{"count": 7}
2025-11-20T10:15:56.356713 - USER:a1 - ACTION:download - DETAILS:{"filename": "file_access.log", "size": 73163}
2025-11-20T10:15:58.872120 - USER:a1 - ACTION:get_file_access - DETAILS:{"read": true, "write": true}
2025-11-20T10:15:58.880439 - USER:a1 - ACTION:list_shared_files - DETAILS:{"count": 7}
2025-11-20T10:16:03.882557 - USER:a1 - ACTION:get_file_access - DETAILS:{"read": true, "write": true}
2025-11-20T10:16:03.889856 - USER:a1 - ACTION:list_shared_files - DETAILS:{"count": 7}
2025-11-20T10:16:08.888640 - USER:a1 - ACTION:get_file_access - DETAILS:{"read": true, "write": true}
2025-11-20T10:16:08.894273 - USER:a1 - ACTION:list_shared_files - DETAILS:{"count": 7}
2025-11-20T10:16:13.898645 - USER:a1 - ACTION:get_file_access - DETAILS:{"read": true, "write": true}
2025-11-20T10:16:13.906556 - USER:a1 - ACTION:list_shared_files - DETAILS:{"count": 7}
2025-11-20T10:16:18.908870 - USER:a1 - ACTION:get_file_access - DETAILS:{"read": true, "write": true}
2025-11-20T10:16:18.917166 - USER:a1 - ACTION:list_shared_files - DETAILS:{"count": 7}
2025-11-20T10:16:23.918181 - USER:a1 - ACTION:get_file_access - DETAILS:{"read": true, "write": true}
2025-11-20T10:16:23.926935 - USER:a1 - ACTION:list_shared_files - DETAILS:{"count": 7}
2025-11-20T10:16:28.926861 - USER:a1 - ACTION:get_file_access - DETAILS:{"read": true, "write": true}
2025-11-20T10:16:28.934405 - USER:a1 - ACTION:list_shared_files - DETAILS:{"count": 7}
2025-11-20T10:16:33.936309 - USER:a1 - ACTION:get_file_access - DETAILS:{"read": true, "write": true}
2025-11-20T10:16:33.944819 - USER:a1 - ACTION:list_shared_files - DETAILS:{"count": 7}
2025-11-20T10:16:38.943193 - USER:a1 - ACTION:get_file_access - DETAILS:{"read": true, "write": true}
2025-11-20T10:16:38.948098 - USER:a1 - ACTION:list_shared_files - DETAILS:{"count": 7}
2025-11-20T10:16:43.947755 - USER:a1 - ACTION:get_file_access - DETAILS:{"read": true, "write": true}
2025-11-20T10:16:43.951275 - USER:a1 - ACTION:list_shared_files - DETAILS:{"count": 7}
2025-11-20T10:16:48.950958 - USER:a1 - ACTION:get_file_access - DETAILS:{"read": true, "write": true}
2025-11-20T10:16:48.955765 - USER:a1 - ACTION:list_shared_files - DETAILS:{"count": 7}
2025-11-20T10:16:53.955396 - USER:a1 - ACTION:get_file_access - DETAILS:{"read": true, "write": true}
2025-11-20T10:16:53.961514 - USER:a1 - ACTION:list_shared_files - DETAILS:{"count": 7}
2025-11-20T10:16:56.365738 - USER:a1 - ACTION:get_file_access - DETAILS:{"read": true, "write": true}
2025-11-20T10:16:56.373313 - USER:a1 - ACTION:list_shared_files - DETAILS:{"count": 7}
2025-11-20T10:16:56.377890 - USER:a1 - ACTION:download - DETAILS:{"filename": "file_access.log", "size": 75732}
2025-11-20T10:16:58.960486 - USER:a1 - ACTION:get_file_access - DETAILS:{"read": true, "write": true}
2025-11-20T10:16:58.965009 - USER:a1 - ACTION:list_shared_files - DETAILS:{"count": 7}
2025-11-20T10:17:03.966323 - USER:a1 - ACTION:get_file_access - DETAILS:{"read": true, "write": true}
2025-11-20T10:17:03.971402 - USER:a1 - ACTION:list_shared_files - DETAILS:{"count": 7}
2025-11-20T10:17:08.971398 - USER:a1 - ACTION:get_file_access - DETAILS:{"read": true, "write": true}
2025-11-20T10:17:08.977112 - USER:a1 - ACTION:list_shared_files - DETAILS:{"count": 7}
2025-11-20T10:17:13.977784 - USER:a1 - ACTION:get_file_access - DETAILS:{"read": true, "write": true}
2025-11-20T10:17:13.984152 - USER:a1 - ACTION:list_shared_files - DETAILS:{"count": 7}
2025-11-20T10:17:18.982855 - USER:a1 - ACTION:get_file_access - DETAILS:{"read": true, "write": true}
2025-11-20T10:17:18.987694 - USER:a1 - ACTION:list_shared_files - DETAILS:{"count": 7}
2025-11-20T10:17:23.986660 - USER:a1 - ACTION:get_file_access - DETAILS:{"read": true, "write": true}
2025-11-20T10:17:23.991024 - USER:a1 - ACTION:list_shared_files - DETAILS:{"count": 7}
2025-11-20T10:17:28.991288 - USER:a1 - ACTION:get_file_access - DETAILS:{"read": true, "write": true}
2025-11-20T10:17:28.994424 - USER:a1 - ACTION:list_shared_files - DETAILS:{"count": 7}
2025-11-20T10:17:33.997012 - USER:a1 - ACTION:get_file_access - DETAILS:{"read": true, "write": true}
2025-11-20T10:17:34.004957 - USER:a1 - ACTION:list_shared_files - DETAILS:{"count": 7}
2025-11-20T10:17:39.004040 - USER:a1 - ACTION:get_file_access - DETAILS:{"read": true, "write": true}
2025-11-20T10:17:39.010959 - USER:a1 - ACTION:list_shared_files - DETAILS:{"count": 7}
2025-11-20T10:17:44.009398 - USER:a1 - ACTION:get_file_access - DETAILS:{"read": true, "write": true}
2025-11-20T10:17:44.015233 - USER:a1 - ACTION:list_shared_files - DETAILS:{"count": 7}
2025-11-20T10:17:49.015071 - USER:a1 - ACTION:get_file_access - DETAILS:{"read": true, "write": true}
2025-11-20T10:17:49.020059 - USER:a1 - ACTION:list_shared_files - DETAILS:{"count": 7}
2025-11-20T10:17:54.020982 - USER:a1 - ACTION:get_file_access - DETAILS:{"read": true, "write": true}
2025-11-20T10:17:54.028614 - USER:a1 - ACTION:list_shared_files - DETAILS:{"count": 7}
2025-11-20T10:17:56.384269 - USER:a1 - ACTION:get_file_access - DETAILS:{"read": true, "write": true}
2025-11-20T10:17:56.391808 - USER:a1 - ACTION:list_shared_files - DETAILS:{"count": 7}
2025-11-20T10:17:56.396726 - USER:a1 - ACTION:download - DETAILS:{"filename": "file_access.log", "size": 78301}
2025-11-20T10:17:59.027222 - USER:a1 - ACTION:get_file_access - DETAILS:{"read": true, "write": true}
2025-11-20T10:17:59.034011 - USER:a1 - ACTION:list_shared_files - DETAILS:{"count": 7}
2025-11-20T10:18:04.035653 - USER:a1 - ACTION:get_file_access - DETAILS:{"read": true, "write": true}
2025-11-20T10:18:04.042660 - USER:a1 - ACTION:list_shared_files - DETAILS:{"count": 7}
2025-11-20T10:18:09.045239 - USER:a1 - ACTION:get_file_access - DETAILS:{"read": true, "write": true}
2025-11-20T10:18:09.053425 - USER:a1 - ACTION:list_shared_files - DETAILS:{"count": 7}
2025-11-20T10:18:14.054821 - USER:a1 - ACTION:get_file_access - DETAILS:{"read": true, "write": true}
2025-11-20T10:18:14.061704 - USER:a1 - ACTION:list_shared_files - DETAILS:{"count": 7}
2025-11-20T10:18:19.060876 - USER:a1 - ACTION:get_file_access - DETAILS:{"read": true, "write": true}
2025-11-20T10:18:19.065647 - USER:a1 - ACTION:list_shared_files - DETAILS:{"count": 7}
2025-11-20T10:18:24.069710 - USER:a1 - ACTION:get_file_access - DETAILS:{"read": true, "write": true}
2025-11-20T10:18:24.077514 - USER:a1 - ACTION:list_shared_files - DETAILS:{"count": 7}
2025-11-20T10:18:29.076719 - USER:a1 - ACTION:get_file_access - DETAILS:{"read": true, "write": true}
2025-11-20T10:18:29.081376 - USER:a1 - ACTION:list_shared_files - DETAILS:{"count": 7}
2025-11-20T10:18:34.083882 - USER:a1 - ACTION:get_file_access - DETAILS:{"read": true, "write": true}
2025-11-20T10:18:34.090048 - USER:a1 - ACTION:list_shared_files - DETAILS:{"count": 7}
2025-11-20T10:18:39.092295 - USER:a1 - ACTION:get_file_access - DETAILS:{"read": true, "write": true}
2025-11-20T10:18:39.101086 - USER:a1 - ACTION:list_shared_files - DETAILS:{"count": 7}
2025-11-20T10:18:44.101349 - USER:a1 - ACTION:get_file_access - DETAILS:{"read": true, "write": true}
2025-11-20T10:18:44.108062 - USER:a1 - ACTION:list_shared_files - DETAILS:{"count": 7}
2025-11-20T10:18:49.108745 - USER:a1 - ACTION:get_file_access - DETAILS:{"read": true, "write": true}
2025-11-20T10:18:49.114460 - USER:a1 - ACTION:list_shared_files - DETAILS:{"count": 7}
2025-11-20T10:18:54.114278 - USER:a1 - ACTION:get_file_access - DETAILS:{"read": true, "write": true}
2025-11-20T10:18:54.119059 - USER:a1 - ACTION:list_shared_files - DETAILS:{"count": 7}
2025-11-20T10:18:56.403156 - USER:a1 - ACTION:get_file_access - DETAILS:{"read": true, "write": true}
2025-11-20T10:18:56.444594 - USER:a1 - ACTION:list_shared_files - DETAILS:{"count": 7}
2025-11-20T10:18:56.450234 - USER:a1 - ACTION:download - DETAILS:{"filename": "file_access.log", "size": 80870}
2025-11-20T10:18:59.119085 - USER:a1 - ACTION:get_file_access - DETAILS:{"read": true, "write": true}
2025-11-20T10:18:59.124006 - USER:a1 - ACTION:list_shared_files - DETAILS:{"count": 7}
2025-11-20T10:19:04.124971 - USER:a1 - ACTION:get_file_access - DETAILS:{"read": true, "write": true}
2025-11-20T10:19:04.129594 - USER:a1 - ACTION:list_shared_files - DETAILS:{"count": 7}
2025-11-20T10:19:09.128651 - USER:a1 - ACTION:get_file_access - DETAILS:{"read": true, "write": true}
2025-11-20T10:19:09.134107 - USER:a1 - ACTION:list_shared_files - DETAILS:{"count": 7}
2025-11-20T10:19:14.134309 - USER:a1 - ACTION:get_file_access - DETAILS:{"read": true, "write": true}
2025-11-20T10:19:14.139138 - USER:a1 - ACTION:list_shared_files - DETAILS:{"count": 7}
2025-11-20T10:19:19.140032 - USER:a1 - ACTION:get_file_access - DETAILS:{"read": true, "write": true}
2025-11-20T10:19:19.146780 - USER:a1 - ACTION:list_shared_files - DETAILS:{"count": 7}
2025-11-20T10:19:24.149349 - USER:a1 - ACTION:get_file_access - DETAILS:{"read": true, "write": true}
2025-11-20T10:19:24.156670 - USER:a1 - ACTION:list_shared_files - DETAILS:{"count": 7}
2025-11-20T10:19:29.155535 - USER:a1 - ACTION:get_file_access - DETAILS:{"read": true, "write": true}
2025-11-20T10:19:29.160711 - USER:a1 - ACTION:list_shared_files - DETAILS:{"count": 7}
2025-11-20T10:19:34.162020 - USER:a1 - ACTION:get_file_access - DETAILS:{"read": true, "write": true}
2025-11-20T10:19:34.169382 - USER:a1 - ACTION:list_shared_files - DETAILS:{"count": 7}
2025-11-20T10:19:39.168130 - USER:a1 - ACTION:get_file_access - DETAILS:{"read": true, "write": true}
2025-11-20T10:19:39.172960 - USER:a1 - ACTION:list_shared_files - DETAILS:{"count": 7}
2025-11-20T10:19:44.174824 - USER:a1 - ACTION:get_file_access - DETAILS:{"read": true, "write": true}
2025-11-20T10:19:44.181421 - USER:a1 - ACTION:list_shared_files - DETAILS:{"count": 7}
2025-11-20T10:19:49.182397 - USER:a1 - ACTION:get_file_access - DETAILS:{"read": true, "write": true}
2025-11-20T10:19:49.190527 - USER:a1 - ACTION:list_shared_files - DETAILS:{"count": 7}
2025-11-20T10:19:54.191755 - USER:a1 - ACTION:get_file_access - DETAILS:{"read": true, "write": true}
2025-11-20T10:19:54.197941 - USER:a1 - ACTION:list_shared_files - DETAILS:{"count": 7}
2025-11-20T10:19:56.455400 - USER:a1 - ACTION:get_file_access - DETAILS:{"read": true, "write": true}
2025-11-20T10:19:56.459454 - USER:a1 - ACTION:list_shared_files - DETAILS:{"count": 7}
2025-11-20T10:19:56.462065 - USER:a1 - ACTION:download - DETAILS:{"filename": "file_access.log", "size": 83439}
2025-11-20T10:19:59.196397 - USER:a1 - ACTION:get_file_access - DETAILS:{"read": true, "write": true}
2025-11-20T10:19:59.200573 - USER:a1 - ACTION:list_shared_files - DETAILS:{"count": 7}
2025-11-20T10:20:04.202791 - USER:a1 - ACTION:get_file_access - DETAILS:{"read": true, "write": true}
2025-11-20T10:20:04.210461 - USER:a1 - ACTION:list_shared_files - DETAILS:{"count": 7}
2025-11-20T10:20:09.213092 - USER:a1 - ACTION:get_file_access - DETAILS:{"read": true, "write": true}
2025-11-20T10:20:09.220165 - USER:a1 - ACTION:list_shared_files - DETAILS:{"count": 7}
2025-11-20T10:20:14.220975 - USER:a1 - ACTION:get_file_access - DETAILS:{"read": true, "write": true}
2025-11-20T10:20:14.230001 - USER:a1 - ACTION:list_shared_files - DETAILS:{"count": 7}
2025-11-20T10:20:19.231118 - USER:a1 - ACTION:get_file_access - DETAILS:{"read": true, "write": true}
2025-11-20T10:20:19.238876 - USER:a1 - ACTION:list_shared_files - DETAILS:{"count": 7}
2025-11-20T10:20:24.240032 - USER:a1 - ACTION:get_file_access - DETAILS:{"read": true, "write": true}
2025-11-20T10:20:24.248141 - USER:a1 - ACTION:list_shared_files - DETAILS:{"count": 7}
2025-11-20T10:20:29.249102 - USER:a1 - ACTION:get_file_access - DETAILS:{"read": true, "write": true}
2025-11-20T10:20:29.256239 - USER:a1 - ACTION:list_shared_files - DETAILS:{"count": 7}
2025-11-20T10:20:34.256908 - USER:a1 - ACTION:get_file_access - DETAILS:{"read": true, "write": true}
2025-11-20T10:20:34.265210 - USER:a1 - ACTION:list_shared_files - DETAILS:{"count": 7}
2025-11-20T10:20:39.268266 - USER:a1 - ACTION:get_file_access - DETAILS:{"read": true, "write": true}
2025-11-20T10:20:39.276250 - USER:a1 - ACTION:list_shared_files - DETAILS:{"count": 7}
2025-11-20T10:20:44.276224 - USER:a1 - ACTION:get_file_access - DETAILS:{"read": true, "write": true}
2025-11-20T10:20:44.284463 - USER:a1 - ACTION:list_shared_files - DETAILS:{"count": 7}
2025-11-20T10:20:49.285038 - USER:a1 - ACTION:get_file_access - DETAILS:{"read": true, "write": true}
2025-11-20T10:20:49.292954 - USER:a1 - ACTION:list_shared_files - DETAILS:{"count": 7}
2025-11-20T10:20:54.294748 - USER:a1 - ACTION:get_file_access - DETAILS:{"read": true, "write": true}
2025-11-20T10:20:54.302943 - USER:a1 - ACTION:list_shared_files - DETAILS:{"count": 7}
2025-11-20T10:20:56.467468 - USER:a1 - ACTION:get_file_access - DETAILS:{"read": true, "write": true}
2025-11-20T10:20:56.474449 - USER:a1 - ACTION:list_shared_files - DETAILS:{"count": 7}
2025-11-20T10:20:56.480046 - USER:a1 - ACTION:download - DETAILS:{"filename": "file_access.log", "size": 86008}
2025-11-20T10:20:59.303855 - USER:a1 - ACTION:get_file_access - DETAILS:{"read": true, "write": true}
2025-11-20T10:20:59.312850 - USER:a1 - ACTION:list_shared_files - DETAILS:{"count": 7}
2025-11-20T10:21:04.313340 - USER:a1 - ACTION:get_file_access - DETAILS:{"read": true, "write": true}
2025-11-20T10:21:04.319368 - USER:a1 - ACTION:list_shared_files - DETAILS:{"count": 7}
2025-11-20T10:21:09.319761 - USER:a1 - ACTION:get_file_access - DETAILS:{"read": true, "write": true}
2025-11-20T10:21:09.327275 - USER:a1 - ACTION:list_shared_files - DETAILS:{"count": 7}
2025-11-20T10:21:14.328474 - USER:a1 - ACTION:get_file_access - DETAILS:{"read": true, "write": true}
2025-11-20T10:21:14.370820 - USER:a1 - ACTION:list_shared_files - DETAILS:{"count": 7}
2025-11-20T10:21:19.368526 - USER:a1 - ACTION:get_file_access - DETAILS:{"read": true, "write": true}
2025-11-20T10:21:19.374683 - USER:a1 - ACTION:list_shared_files - DETAILS:{"count": 7}
2025-11-20T10:21:24.377734 - USER:a1 - ACTION:get_file_access - DETAILS:{"read": true, "write": true}
2025-11-20T10:21:24.384817 - USER:a1 - ACTION:list_shared_files - DETAILS:{"count": 7}
2025-11-20T10:21:29.387393 - USER:a1 - ACTION:get_file_access - DETAILS:{"read": true, "write": true}
2025-11-20T10:21:29.394086 - USER:a1 - ACTION:list_shared_files - DETAILS:{"count": 7}
2025-11-20T10:21:34.394601 - USER:a1 - ACTION:get_file_access - DETAILS:{"read": true, "write": true}
2025-11-20T10:21:34.401976 - USER:a1 - ACTION:list_shared_files - DETAILS:{"count": 7}
2025-11-20T10:21:39.404756 - USER:a1 - ACTION:get_file_access - DETAILS:{"read": true, "write": true}
2025-11-20T10:21:39.411493 - USER:a1 - ACTION:list_shared_files - DETAILS:{"count": 7}
2025-11-20T10:21:44.411663 - USER:a1 - ACTION:get_file_access - DETAILS:{"read": true, "write": true}
2025-11-20T10:21:44.418168 - USER:a1 - ACTION:list_shared_files - DETAILS:{"count": 7}
2025-11-20T10:21:49.418036 - USER:a1 - ACTION:get_file_access - DETAILS:{"read": true, "write": true}
2025-11-20T10:21:49.459388 - USER:a1 - ACTION:list_shared_files - DETAILS:{"count": 7}
2025-11-20T10:21:54.461142 - USER:a1 - ACTION:get_file_access - DETAILS:{"read": true, "write": true}
2025-11-20T10:21:54.469485 - USER:a1 - ACTION:list_shared_files - DETAILS:{"count": 7}
2025-11-20T10:21:56.488560 - USER:a1 - ACTION:get_file_access - DETAILS:{"read": true, "write": true}
2025-11-20T10:21:56.494139 - USER:a1 - ACTION:list_shared_files - DETAILS:{"count": 7}
2025-11-20T10:21:56.498002 - USER:a1 - ACTION:download - DETAILS:{"filename": "file_access.log", "size": 88577}
2025-11-20T10:21:59.470618 - USER:a1 - ACTION:get_file_access - DETAILS:{"read": true, "write": true}
2025-11-20T10:21:59.479090 - USER:a1 - ACTION:list_shared_files - DETAILS:{"count": 7}
2025-11-20T10:22:04.477400 - USER:a1 - ACTION:get_file_access - DETAILS:{"read": true, "write": true}
2025-11-20T10:22:04.483213 - USER:a1 - ACTION:list_shared_files - DETAILS:{"count": 7}
2025-11-20T10:22:09.485237 - USER:a1 - ACTION:get_file_access - DETAILS:{"read": true, "write": true}
2025-11-20T10:22:09.491848 - USER:a1 - ACTION:list_shared_files - DETAILS:{"count": 7}
2025-11-20T10:22:14.493133 - USER:a1 - ACTION:get_file_access - DETAILS:{"read": true, "write": true}
2025-11-20T10:22:14.500583 - USER:a1 - ACTION:list_shared_files - DETAILS:{"count": 7}
2025-11-20T10:22:19.501253 - USER:a1 - ACTION:get_file_access - DETAILS:{"read": true, "write": true}
2025-11-20T10:22:19.508959 - USER:a1 - ACTION:list_shared_files - DETAILS:{"count": 7}
2025-11-20T10:22:24.509832 - USER:a1 - ACTION:get_file_access - DETAILS:{"read": true, "write": true}
2025-11-20T10:22:24.517295 - USER:a1 - ACTION:list_shared_files - DETAILS:{"count": 7}
2025-11-20T10:22:29.517239 - USER:a1 - ACTION:get_file_access - DETAILS:{"read": true, "write": true}
2025-11-20T10:22:29.523898 - USER:a1 - ACTION:list_shared_files - DETAILS:{"count": 7}
2025-11-20T10:22:34.525749 - USER:a1 - ACTION:get_file_access - DETAILS:{"read": true, "write": true}
2025-11-20T10:22:34.533754 - USER:a1 - ACTION:list_shared_files - DETAILS:{"count": 7}
2025-11-20T10:22:39.535382 - USER:a1 - ACTION:get_file_access - DETAILS:{"read": true, "write": true}
2025-11-20T10:22:39.543525 - USER:a1 - ACTION:list_shared_files - DETAILS:{"count": 7}
2025-11-20T10:22:44.544672 - USER:a1 - ACTION:get_file_access - DETAILS:{"read": true, "write": true}
2025-11-20T10:22:44.552475 - USER:a1 - ACTION:list_shared_files - DETAILS:{"count": 7}
2025-11-20T10:22:49.554231 - USER:a1 - ACTION:get_file_access - DETAILS:{"read": true, "write": true}
2025-11-20T10:22:49.562528 - USER:a1 - ACTION:list_shared_files - DETAILS:{"count": 7}
2025-11-20T10:22:54.564500 - USER:a1 - ACTION:get_file_access - DETAILS:{"read": true, "write": true}
2025-11-20T10:22:54.571775 - USER:a1 - ACTION:list_shared_files - DETAILS:{"count": 7}
2025-11-20T10:22:56.505025 - USER:a1 - ACTION:get_file_access - DETAILS:{"read": true, "write": true}
2025-11-20T10:22:56.512165 - USER:a1 - ACTION:list_shared_files - DETAILS:{"count": 7}
2025-11-20T10:22:56.514644 - USER:a1 - ACTION:download - DETAILS:{"filename": "file_access.log", "size": 91146}
2025-11-20T10:22:59.572776 - USER:a1 - ACTION:get_file_access - DETAILS:{"read": true, "write": true}
2025-11-20T10:22:59.580159 - USER:a1 - ACTION:list_shared_files - DETAILS:{"count": 7}
2025-11-20T10:23:04.580818 - USER:a1 - ACTION:get_file_access - DETAILS:{"read": true, "write": true}
2025-11-20T10:23:04.587249 - USER:a1 - ACTION:list_shared_files - DETAILS:{"count": 7}
2025-11-20T10:23:09.586979 - USER:a1 - ACTION:get_file_access - DETAILS:{"read": true, "write": true}
2025-11-20T10:23:09.592853 - USER:a1 - ACTION:list_shared_files - DETAILS:{"count": 7}
2025-11-20T10:23:14.597514 - USER:a1 - ACTION:get_file_access - DETAILS:{"read": true, "write": true}
2025-11-20T10:23:14.605575 - USER:a1 - ACTION:list_shared_files - DETAILS:{"count": 7}
2025-11-20T10:23:19.603807 - USER:a1 - ACTION:get_file_access - DETAILS:{"read": true, "write": true}
2025-11-20T10:23:19.612275 - USER:a1 - ACTION:list_shared_files - DETAILS:{"count": 7}
2025-11-20T10:23:24.614061 - USER:a1 - ACTION:get_file_access - DETAILS:{"read": true, "write": true}
2025-11-20T10:23:24.618577 - USER:a1 - ACTION:list_shared_files - DETAILS:{"count": 7}
2025-11-20T10:23:29.619001 - USER:a1 - ACTION:get_file_access - DETAILS:{"read": true, "write": true}
2025-11-20T10:23:29.622129 - USER:a1 - ACTION:list_shared_files - DETAILS:{"count": 7}
2025-11-20T10:23:34.625261 - USER:a1 - ACTION:get_file_access - DETAILS:{"read": true, "write": true}
2025-11-20T10:23:34.632550 - USER:a1 - ACTION:list_shared_files - DETAILS:{"count": 7}
2025-11-20T10:23:39.634646 - USER:a1 - ACTION:get_file_access - DETAILS:{"read": true, "write": true}
2025-11-20T10:23:39.640477 - USER:a1 - ACTION:list_shared_files - DETAILS:{"count": 7}
2025-11-20T10:23:44.641834 - USER:a1 - ACTION:get_file_access - DETAILS:{"read": true, "write": true}
2025-11-20T10:23:44.649809 - USER:a1 - ACTION:list_shared_files - DETAILS:{"count": 7}
2025-11-20T10:23:49.652191 - USER:a1 - ACTION:get_file_access - DETAILS:{"read": true, "write": true}
2025-11-20T10:23:49.660546 - USER:a1 - ACTION:list_shared_files - DETAILS:{"count": 7}
2025-11-20T10:23:54.659969 - USER:a1 - ACTION:get_file_access - DETAILS:{"read": true, "write": true}
2025-11-20T10:23:54.665545 - USER:a1 - ACTION:list_shared_files - DETAILS:{"count": 7}
2025-11-20T10:23:56.520184 - USER:a1 - ACTION:get_file_access - DETAILS:{"read": true, "write": true}
2025-11-20T10:23:56.526641 - USER:a1 - ACTION:list_shared_files - DETAILS:{"count": 7}
2025-11-20T10:23:56.529109 - USER:a1 - ACTION:download - DETAILS:{"filename": "file_access.log", "size": 93715}
2025-11-20T10:23:59.669271 - USER:a1 - ACTION:get_file_access - DETAILS:{"read": true, "write": true}
2025-11-20T10:23:59.677453 - USER:a1 - ACTION:list_shared_files - DETAILS:{"count": 7}
2025-11-20T10:24:04.678198 - USER:a1 - ACTION:get_file_access - DETAILS:{"read": true, "write": true}
2025-11-20T10:24:04.685332 - USER:a1 - ACTION:list_shared_files - DETAILS:{"count": 7}
2025-11-20T10:24:09.687312 - USER:a1 - ACTION:get_file_access - DETAILS:{"read": true, "write": true}
2025-11-20T10:24:09.694315 - USER:a1 - ACTION:list_shared_files - DETAILS:{"count": 7}
2025-11-20T10:24:14.700814 - USER:a1 - ACTION:get_file_access - DETAILS:{"read": true, "write": true}
2025-11-20T10:24:14.707311 - USER:a1 - ACTION:list_shared_files - DETAILS:{"count": 7}
2025-11-20T10:24:19.707624 - USER:a1 - ACTION:get_file_access - DETAILS:{"read": true, "write": true}
2025-11-20T10:24:19.713261 - USER:a1 - ACTION:list_shared_files - DETAILS:{"count": 7}
2025-11-20T10:24:24.716016 - USER:a1 - ACTION:get_file_access - DETAILS:{"read": true, "write": true}
2025-11-20T10:24:24.724523 - USER:a1 - ACTION:list_shared_files - DETAILS:{"count": 7}
2025-11-20T10:24:29.723029 - USER:a1 - ACTION:get_file_access - DETAILS:{"read": true, "write": true}
2025-11-20T10:24:29.729612 - USER:a1 - ACTION:list_shared_files - DETAILS:{"count": 7}
2025-11-20T10:24:34.727776 - USER:a1 - ACTION:get_file_access - DETAILS:{"read": true, "write": true}
2025-11-20T10:24:34.733621 - USER:a1 - ACTION:list_shared_files - DETAILS:{"count": 7}
2025-11-20T10:24:39.733658 - USER:a1 - ACTION:get_file_access - DETAILS:{"read": true, "write": true}
2025-11-20T10:24:39.741098 - USER:a1 - ACTION:list_shared_files - DETAILS:{"count": 7}
2025-11-20T10:24:44.741339 - USER:a1 - ACTION:get_file_access - DETAILS:{"read": true, "write": true}
2025-11-20T10:24:44.747610 - USER:a1 - ACTION:list_shared_files - DETAILS:{"count": 7}
2025-11-20T10:24:49.749054 - USER:a1 - ACTION:get_file_access - DETAILS:{"read": true, "write": true}
2025-11-20T10:24:49.756879 - USER:a1 - ACTION:list_shared_files - DETAILS:{"count": 7}
2025-11-20T10:24:54.760029 - USER:a1 - ACTION:get_file_access - DETAILS:{"read": true, "write": true}
2025-11-20T10:24:54.766810 - USER:a1 - ACTION:list_shared_files - DETAILS:{"count": 7}
2025-11-20T10:24:56.532346 - USER:a1 - ACTION:get_file_access - DETAILS:{"read": true, "write": true}
2025-11-20T10:24:56.535222 - USER:a1 - ACTION:list_shared_files - DETAILS:{"count": 7}
2025-11-20T10:24:56.537517 - USER:a1 - ACTION:download - DETAILS:{"filename": "file_access.log", "size": 96284}
2025-11-20T10:24:59.767854 - USER:a1 - ACTION:get_file_access - DETAILS:{"read": true, "write": true}
2025-11-20T10:24:59.775445 - USER:a1 - ACTION:list_shared_files - DETAILS:{"count": 7}
2025-11-20T10:25:04.776166 - USER:a1 - ACTION:get_file_access - DETAILS:{"read": true, "write": true}
2025-11-20T10:25:04.783321 - USER:a1 - ACTION:list_shared_files - DETAILS:{"count": 7}
2025-11-20T10:25:09.783016 - USER:a1 - ACTION:get_file_access - DETAILS:{"read": true, "write": true}
2025-11-20T10:25:09.788756 - USER:a1 - ACTION:list_shared_files - DETAILS:{"count": 7}
2025-11-20T10:25:14.787605 - USER:a1 - ACTION:get_file_access - DETAILS:{"read": true, "write": true}
2025-11-20T10:25:14.792546 - USER:a1 - ACTION:list_shared_files - DETAILS:{"count": 7}
2025-11-20T10:25:19.797546 - USER:a1 - ACTION:get_file_access - DETAILS:{"read": true, "write": true}
2025-11-20T10:25:19.807388 - USER:a1 - ACTION:list_shared_files - DETAILS:{"count": 7}
2025-11-20T10:25:24.807343 - USER:a1 - ACTION:get_file_access - DETAILS:{"read": true, "write": true}
2025-11-20T10:25:24.814906 - USER:a1 - ACTION:list_shared_files - DETAILS:{"count": 7}
2025-11-20T10:25:29.816950 - USER:a1 - ACTION:get_file_access - DETAILS:{"read": true, "write": true}
2025-11-20T10:25:29.824783 - USER:a1 - ACTION:list_shared_files - DETAILS:{"count": 7}
2025-11-20T10:25:34.824710 - USER:a1 - ACTION:get_file_access - DETAILS:{"read": true, "write": true}
2025-11-20T10:25:34.830218 - USER:a1 - ACTION:list_shared_files - DETAILS:{"count": 7}
2025-11-20T10:25:39.832159 - USER:a1 - ACTION:get_file_access - DETAILS:{"read": true, "write": true}
2025-11-20T10:25:39.839220 - USER:a1 - ACTION:list_shared_files - DETAILS:{"count": 7}
2025-11-20T10:25:44.840490 - USER:a1 - ACTION:get_file_access - DETAILS:{"read": true, "write": true}
2025-11-20T10:25:44.848434 - USER:a1 - ACTION:list_shared_files - DETAILS:{"count": 7}
2025-11-20T10:25:49.852341 - USER:a1 - ACTION:get_file_access - DETAILS:{"read": true, "write": true}
2025-11-20T10:25:49.860651 - USER:a1 - ACTION:list_shared_files - DETAILS:{"count": 7}
2025-11-20T10:25:54.859391 - USER:a1 - ACTION:get_file_access - DETAILS:{"read": true, "write": true}
2025-11-20T10:25:54.863984 - USER:a1 - ACTION:list_shared_files - DETAILS:{"count": 7}
2025-11-20T10:25:56.542380 - USER:a1 - ACTION:get_file_access - DETAILS:{"read": true, "write": true}
2025-11-20T10:25:56.548424 - USER:a1 - ACTION:list_shared_files - DETAILS:{"count": 7}
2025-11-20T10:25:56.554742 - USER:a1 - ACTION:download - DETAILS:{"filename": "file_access.log", "size": 98853}
2025-11-20T10:25:59.868219 - USER:a1 - ACTION:get_file_access - DETAILS:{"read": true, "write": true}
2025-11-20T10:25:59.877601 - USER:a1 - ACTION:list_shared_files - DETAILS:{"count": 7}
2025-11-20T10:26:04.878059 - USER:a1 - ACTION:get_file_access - DETAILS:{"read": true, "write": true}
2025-11-20T10:26:04.886277 - USER:a1 - ACTION:list_shared_files - DETAILS:{"count": 7}
2025-11-20T10:26:09.886045 - USER:a1 - ACTION:get_file_access - DETAILS:{"read": true, "write": true}
2025-11-20T10:26:09.892483 - USER:a1 - ACTION:list_shared_files - DETAILS:{"count": 7}
2025-11-20T10:26:14.891599 - USER:a1 - ACTION:get_file_access - DETAILS:{"read": true, "write": true}
2025-11-20T10:26:14.896006 - USER:a1 - ACTION:list_shared_files - DETAILS:{"count": 7}
2025-11-20T10:26:19.900162 - USER:a1 - ACTION:get_file_access - DETAILS:{"read": true, "write": true}
2025-11-20T10:26:19.908296 - USER:a1 - ACTION:list_shared_files - DETAILS:{"count": 7}
2025-11-20T10:26:24.907953 - USER:a1 - ACTION:get_file_access - DETAILS:{"read": true, "write": true}
2025-11-20T10:26:24.914859 - USER:a1 - ACTION:list_shared_files - DETAILS:{"count": 7}
2025-11-20T10:26:29.917619 - USER:a1 - ACTION:get_file_access - DETAILS:{"read": true, "write": true}
2025-11-20T10:26:29.925498 - USER:a1 - ACTION:list_shared_files - DETAILS:{"count": 7}
2025-11-20T10:26:34.925927 - USER:a1 - ACTION:get_file_access - DETAILS:{"read": true, "write": true}
2025-11-20T10:26:34.933700 - USER:a1 - ACTION:list_shared_files - DETAILS:{"count": 7}
2025-11-20T10:26:39.931984 - USER:a1 - ACTION:get_file_access - DETAILS:{"read": true, "write": true}
2025-11-20T10:26:39.937798 - USER:a1 - ACTION:list_shared_files - DETAILS:{"count": 7}
2025-11-20T10:26:44.939758 - USER:a1 - ACTION:get_file_access - DETAILS:{"read": true, "write": true}
2025-11-20T10:26:44.947293 - USER:a1 - ACTION:list_shared_files - DETAILS:{"count": 7}
2025-11-20T10:26:49.945329 - USER:a1 - ACTION:get_file_access - DETAILS:{"read": true, "write": true}
2025-11-20T10:26:49.951712 - USER:a1 - ACTION:list_shared_files - DETAILS:{"count": 7}
2025-11-20T10:26:54.950786 - USER:a1 - ACTION:get_file_access - DETAILS:{"read": true, "write": true}
2025-11-20T10:26:54.956115 - USER:a1 - ACTION:list_shared_files - DETAILS:{"count": 7}
2025-11-20T10:26:56.562553 - USER:a1 - ACTION:get_file_access - DETAILS:{"read": true, "write": true}
2025-11-20T10:26:56.569251 - USER:a1 - ACTION:list_shared_files - DETAILS:{"count": 7}
2025-11-20T10:26:56.572872 - USER:a1 - ACTION:download - DETAILS:{"filename": "file_access.log", "size": 101422}
2025-11-20T10:26:59.955738 - USER:a1 - ACTION:get_file_access - DETAILS:{"read": true, "write": true}
2025-11-20T10:26:59.960715 - USER:a1 - ACTION:list_shared_files - DETAILS:{"count": 7}
2025-11-20T10:27:04.960772 - USER:a1 - ACTION:get_file_access - DETAILS:{"read": true, "write": true}
2025-11-20T10:27:04.965504 - USER:a1 - ACTION:list_shared_files - DETAILS:{"count": 7}
2025-11-20T10:27:09.965474 - USER:a1 - ACTION:get_file_access - DETAILS:{"read": true, "write": true}
2025-11-20T10:27:09.971213 - USER:a1 - ACTION:list_shared_files - DETAILS:{"count": 7}
2025-11-20T10:27:14.970338 - USER:a1 - ACTION:get_file_access - DETAILS:{"read": true, "write": true}
2025-11-20T10:27:14.975262 - USER:a1 - ACTION:list_shared_files - DETAILS:{"count": 7}
2025-11-20T10:27:19.976450 - USER:a1 - ACTION:get_file_access - DETAILS:{"read": true, "write": true}
2025-11-20T10:27:19.982969 - USER:a1 - ACTION:list_shared_files - DETAILS:{"count": 7}
2025-11-20T10:27:24.981804 - USER:a1 - ACTION:get_file_access - DETAILS:{"read": true, "write": true}
2025-11-20T10:27:24.987154 - USER:a1 - ACTION:list_shared_files - DETAILS:{"count": 7}
2025-11-20T10:27:29.986853 - USER:a1 - ACTION:get_file_access - DETAILS:{"read": true, "write": true}
2025-11-20T10:27:29.991950 - USER:a1 - ACTION:list_shared_files - DETAILS:{"count": 7}
2025-11-20T10:27:34.991906 - USER:a1 - ACTION:get_file_access - DETAILS:{"read": true, "write": true}
2025-11-20T10:27:34.997175 - USER:a1 - ACTION:list_shared_files - DETAILS:{"count": 7}
2025-11-20T10:27:39.997230 - USER:a1 - ACTION:get_file_access - DETAILS:{"read": true, "write": true}
2025-11-20T10:27:40.000370 - USER:a1 - ACTION:list_shared_files - DETAILS:{"count": 7}
2025-11-20T10:27:45.002558 - USER:a1 - ACTION:get_file_access - DETAILS:{"read": true, "write": true}
2025-11-20T10:27:45.009233 - USER:a1 - ACTION:list_shared_files - DETAILS:{"count": 7}
2025-11-20T10:27:50.010552 - USER:a1 - ACTION:get_file_access - DETAILS:{"read": true, "write": true}
2025-11-20T10:27:50.016054 - USER:a1 - ACTION:list_shared_files - DETAILS:{"count": 7}
2025-11-20T10:27:55.015997 - USER:a1 - ACTION:get_file_access - DETAILS:{"read": true, "write": true}
2025-11-20T10:27:55.021249 - USER:a1 - ACTION:list_shared_files - DETAILS:{"count": 7}
2025-11-20T10:27:56.576584 - USER:a1 - ACTION:get_file_access - DETAILS:{"read": true, "write": true}
2025-11-20T10:27:56.579593 - USER:a1 - ACTION:list_shared_files - DETAILS:{"count": 7}
2025-11-20T10:27:56.581857 - USER:a1 - ACTION:download - DETAILS:{"filename": "file_access.log", "size": 103992}
2025-11-20T10:28:00.020687 - USER:a1 - ACTION:get_file_access - DETAILS:{"read": true, "write": true}
2025-11-20T10:28:00.023782 - USER:a1 - ACTION:list_shared_files - DETAILS:{"count": 7}
2025-11-20T10:28:05.028726 - USER:a1 - ACTION:get_file_access - DETAILS:{"read": true, "write": true}
2025-11-20T10:28:05.036728 - USER:a1 - ACTION:list_shared_files - DETAILS:{"count": 7}
2025-11-20T10:28:10.035123 - USER:a1 - ACTION:get_file_access - DETAILS:{"read": true, "write": true}
2025-11-20T10:28:10.041029 - USER:a1 - ACTION:list_shared_files - DETAILS:{"count": 7}
2025-11-20T10:28:15.040368 - USER:a1 - ACTION:get_file_access - DETAILS:{"read": true, "write": true}
2025-11-20T10:28:15.046651 - USER:a1 - ACTION:list_shared_files - DETAILS:{"count": 7}
2025-11-20T10:28:20.045383 - USER:a1 - ACTION:get_file_access - DETAILS:{"read": true, "write": true}
2025-11-20T10:28:20.051605 - USER:a1 - ACTION:list_shared_files - DETAILS:{"count": 7}
2025-11-20T10:28:25.051636 - USER:a1 - ACTION:get_file_access - DETAILS:{"read": true, "write": true}
2025-11-20T10:28:25.056261 - USER:a1 - ACTION:list_shared_files - DETAILS:{"count": 7}
2025-11-20T10:28:30.057202 - USER:a1 - ACTION:get_file_access - DETAILS:{"read": true, "write": true}
2025-11-20T10:28:30.061738 - USER:a1 - ACTION:list_shared_files - DETAILS:{"count": 7}
2025-11-20T10:28:35.061102 - USER:a1 - ACTION:get_file_access - DETAILS:{"read": true, "write": true}
2025-11-20T10:28:35.065606 - USER:a1 - ACTION:list_shared_files - DETAILS:{"count": 7}
2025-11-20T10:28:40.068781 - USER:a1 - ACTION:get_file_access - DETAILS:{"read": true, "write": true}
2025-11-20T10:28:40.076294 - USER:a1 - ACTION:list_shared_files - DETAILS:{"count": 7}
2025-11-20T10:28:45.074938 - USER:a1 - ACTION:get_file_access - DETAILS:{"read": true, "write": true}
2025-11-20T10:28:45.081011 - USER:a1 - ACTION:list_shared_files - DETAILS:{"count": 7}
2025-11-20T10:28:50.082077 - USER:a1 - ACTION:get_file_access - DETAILS:{"read": true, "write": true}
2025-11-20T10:28:50.089949 - USER:a1 - ACTION:list_shared_files - DETAILS:{"count": 7}
2025-11-20T10:28:55.088591 - USER:a1 - ACTION:get_file_access - DETAILS:{"read": true, "write": true}
2025-11-20T10:28:55.093236 - USER:a1 - ACTION:list_shared_files - DETAILS:{"count": 7}
2025-11-20T10:28:56.589469 - USER:a1 - ACTION:get_file_access - DETAILS:{"read": true, "write": true}
2025-11-20T10:28:56.596462 - USER:a1 - ACTION:list_shared_files - DETAILS:{"count": 7}
2025-11-20T10:28:56.601965 - USER:a1 - ACTION:download - DETAILS:{"filename": "file_access.log", "size": 106562}
2025-11-20T10:29:00.096447 - USER:a1 - ACTION:get_file_access - DETAILS:{"read": true, "write": true}
2025-11-20T10:29:00.104103 - USER:a1 - ACTION:list_shared_files - DETAILS:{"count": 7}
2025-11-20T10:29:05.106217 - USER:a1 - ACTION:get_file_access - DETAILS:{"read": true, "write": true}
2025-11-20T10:29:05.114347 - USER:a1 - ACTION:list_shared_files - DETAILS:{"count": 7}
2025-11-20T10:29:10.115711 - USER:a1 - ACTION:get_file_access - DETAILS:{"read": true, "write": true}
2025-11-20T10:29:10.123194 - USER:a1 - ACTION:list_shared_files - DETAILS:{"count": 7}
2025-11-20T10:29:15.123291 - USER:a1 - ACTION:get_file_access - DETAILS:{"read": true, "write": true}
2025-11-20T10:29:15.128402 - USER:a1 - ACTION:list_shared_files - DETAILS:{"count": 7}
2025-11-20T10:29:20.129527 - USER:a1 - ACTION:get_file_access - DETAILS:{"read": true, "write": true}
2025-11-20T10:29:20.134801 - USER:a1 - ACTION:list_shared_files - DETAILS:{"count": 7}
2025-11-20T10:29:25.137062 - USER:a1 - ACTION:get_file_access - DETAILS:{"read": true, "write": true}
2025-11-20T10:29:25.142891 - USER:a1 - ACTION:list_shared_files - DETAILS:{"count": 7}
2025-11-20T10:29:30.144511 - USER:a1 - ACTION:get_file_access - DETAILS:{"read": true, "write": true}
2025-11-20T10:29:30.151844 - USER:a1 - ACTION:list_shared_files - DETAILS:{"count": 7}
2025-11-20T10:29:35.154250 - USER:a1 - ACTION:get_file_access - DETAILS:{"read": true, "write": true}
2025-11-20T10:29:35.162259 - USER:a1 - ACTION:list_shared_files - DETAILS:{"count": 7}
2025-11-20T10:29:40.162336 - USER:a1 - ACTION:get_file_access - DETAILS:{"read": true, "write": true}
2025-11-20T10:29:40.168524 - USER:a1 - ACTION:list_shared_files - DETAILS:{"count": 7}
2025-11-20T10:29:45.169968 - USER:a1 - ACTION:get_file_access - DETAILS:{"read": true, "write": true}
2025-11-20T10:29:45.177371 - USER:a1 - ACTION:list_shared_files - DETAILS:{"count": 7}
2025-11-20T10:29:50.178204 - USER:a1 - ACTION:get_file_access - DETAILS:{"read": true, "write": true}
2025-11-20T10:29:50.186738 - USER:a1 - ACTION:list_shared_files - DETAILS:{"count": 7}
2025-11-20T10:29:55.189117 - USER:a1 - ACTION:get_file_access - DETAILS:{"read": true, "write": true}
2025-11-20T10:29:55.196798 - USER:a1 - ACTION:list_shared_files - DETAILS:{"count": 7}
2025-11-20T10:29:56.609174 - USER:a1 - ACTION:get_file_access - DETAILS:{"read": true, "write": true}
2025-11-20T10:29:56.618434 - USER:a1 - ACTION:list_shared_files - DETAILS:{"count": 7}
2025-11-20T10:29:56.624112 - USER:a1 - ACTION:download - DETAILS:{"filename": "file_access.log", "size": 109132}
2025-11-20T10:30:00.198456 - USER:a1 - ACTION:get_file_access - DETAILS:{"read": true, "write": true}
2025-11-20T10:30:00.206201 - USER:a1 - ACTION:list_shared_files - DETAILS:{"count": 7}
2025-11-20T10:30:05.205903 - USER:a1 - ACTION:get_file_access - DETAILS:{"read": true, "write": true}
2025-11-20T10:30:05.213999 - USER:a1 - ACTION:list_shared_files - DETAILS:{"count": 7}
2025-11-20T10:30:10.213248 - USER:a1 - ACTION:get_file_access - DETAILS:{"read": true, "write": true}
2025-11-20T10:30:10.219934 - USER:a1 - ACTION:list_shared_files - DETAILS:{"count": 7}
2025-11-20T10:30:15.220978 - USER:a1 - ACTION:get_file_access - DETAILS:{"read": true, "write": true}
2025-11-20T10:30:15.228611 - USER:a1 - ACTION:list_shared_files - DETAILS:{"count": 7}
2025-11-20T10:30:20.231257 - USER:a1 - ACTION:get_file_access - DETAILS:{"read": true, "write": true}
2025-11-20T10:30:20.240396 - USER:a1 - ACTION:list_shared_files - DETAILS:{"count": 7}
2025-11-20T10:30:25.237909 - USER:a1 - ACTION:get_file_access - DETAILS:{"read": true, "write": true}
2025-11-20T10:30:25.243710 - USER:a1 - ACTION:list_shared_files - DETAILS:{"count": 7}
2025-11-20T10:30:30.244913 - USER:a1 - ACTION:get_file_access - DETAILS:{"read": true, "write": true}
2025-11-20T10:30:30.253176 - USER:a1 - ACTION:list_shared_files - DETAILS:{"count": 7}
2025-11-20T10:30:35.251573 - USER:a1 - ACTION:get_file_access - DETAILS:{"read": true, "write": true}
2025-11-20T10:30:35.294294 - USER:a1 - ACTION:list_shared_files - DETAILS:{"count": 7}
2025-11-20T10:30:40.296979 - USER:a1 - ACTION:get_file_access - DETAILS:{"read": true, "write": true}
2025-11-20T10:30:40.341124 - USER:a1 - ACTION:list_shared_files - DETAILS:{"count": 7}
2025-11-20T10:30:45.338148 - USER:a1 - ACTION:get_file_access - DETAILS:{"read": true, "write": true}
2025-11-20T10:30:45.345250 - USER:a1 - ACTION:list_shared_files - DETAILS:{"count": 7}
2025-11-20T10:30:50.343598 - USER:a1 - ACTION:get_file_access - DETAILS:{"read": true, "write": true}
2025-11-20T10:30:50.351239 - USER:a1 - ACTION:list_shared_files - DETAILS:{"count": 7}
2025-11-20T10:30:55.353572 - USER:a1 - ACTION:get_file_access - DETAILS:{"read": true, "write": true}
2025-11-20T10:30:55.361492 - USER:a1 - ACTION:list_shared_files - DETAILS:{"count": 7}
2025-11-20T10:30:56.631368 - USER:a1 - ACTION:get_file_access - DETAILS:{"read": true, "write": true}
2025-11-20T10:30:56.637301 - USER:a1 - ACTION:list_shared_files - DETAILS:{"count": 7}
2025-11-20T10:30:56.640132 - USER:a1 - ACTION:download - DETAILS:{"filename": "file_access.log", "size": 111702}
2025-11-20T10:31:00.361532 - USER:a1 - ACTION:get_file_access - DETAILS:{"read": true, "write": true}
2025-11-20T10:31:00.369038 - USER:a1 - ACTION:list_shared_files - DETAILS:{"count": 7}
2025-11-20T10:31:05.370604 - USER:a1 - ACTION:get_file_access - DETAILS:{"read": true, "write": true}
2025-11-20T10:31:05.378028 - USER:a1 - ACTION:list_shared_files - DETAILS:{"count": 7}
2025-11-20T10:31:10.378717 - USER:a1 - ACTION:get_file_access - DETAILS:{"read": true, "write": true}
2025-11-20T10:31:10.385993 - USER:a1 - ACTION:list_shared_files - DETAILS:{"count": 7}
2025-11-20T10:31:15.387572 - USER:a1 - ACTION:get_file_access - DETAILS:{"read": true, "write": true}
2025-11-20T10:31:15.395057 - USER:a1 - ACTION:list_shared_files - DETAILS:{"count": 7}
2025-11-20T10:31:20.396598 - USER:a1 - ACTION:get_file_access - DETAILS:{"read": true, "write": true}
2025-11-20T10:31:20.403964 - USER:a1 - ACTION:list_shared_files - DETAILS:{"count": 7}
2025-11-20T10:31:25.406738 - USER:a1 - ACTION:get_file_access - DETAILS:{"read": true, "write": true}
2025-11-20T10:31:25.414840 - USER:a1 - ACTION:list_shared_files - DETAILS:{"count": 7}
2025-11-20T10:31:30.416519 - USER:a1 - ACTION:get_file_access - DETAILS:{"read": true, "write": true}
2025-11-20T10:31:30.424419 - USER:a1 - ACTION:list_shared_files - DETAILS:{"count": 7}
2025-11-20T10:31:35.427008 - USER:a1 - ACTION:get_file_access - DETAILS:{"read": true, "write": true}
2025-11-20T10:31:35.434823 - USER:a1 - ACTION:list_shared_files - DETAILS:{"count": 7}
2025-11-20T10:31:40.435969 - USER:a1 - ACTION:get_file_access - DETAILS:{"read": true, "write": true}
2025-11-20T10:31:40.442301 - USER:a1 - ACTION:list_shared_files - DETAILS:{"count": 7}
2025-11-20T10:31:45.440101 - USER:a1 - ACTION:get_file_access - DETAILS:{"read": true, "write": true}
2025-11-20T10:31:45.446322 - USER:a1 - ACTION:list_shared_files - DETAILS:{"count": 7}
2025-11-20T10:31:50.449359 - USER:a1 - ACTION:get_file_access - DETAILS:{"read": true, "write": true}
2025-11-20T10:31:50.458394 - USER:a1 - ACTION:list_shared_files - DETAILS:{"count": 7}
2025-11-20T10:31:55.458102 - USER:a1 - ACTION:get_file_access - DETAILS:{"read": true, "write": true}
2025-11-20T10:31:55.466453 - USER:a1 - ACTION:list_shared_files - DETAILS:{"count": 7}
2025-11-20T10:31:56.643625 - USER:a1 - ACTION:get_file_access - DETAILS:{"read": true, "write": true}
2025-11-20T10:31:56.647727 - USER:a1 - ACTION:list_shared_files - DETAILS:{"count": 7}
2025-11-20T10:31:56.650094 - USER:a1 - ACTION:download - DETAILS:{"filename": "file_access.log", "size": 114272}
2025-11-20T10:32:00.467604 - USER:a1 - ACTION:get_file_access - DETAILS:{"read": true, "write": true}
2025-11-20T10:32:00.474976 - USER:a1 - ACTION:list_shared_files - DETAILS:{"count": 7}
2025-11-20T10:32:05.473390 - USER:a1 - ACTION:get_file_access - DETAILS:{"read": true, "write": true}
2025-11-20T10:32:05.478477 - USER:a1 - ACTION:list_shared_files - DETAILS:{"count": 7}
2025-11-20T10:32:10.480925 - USER:a1 - ACTION:get_file_access - DETAILS:{"read": true, "write": true}
2025-11-20T10:32:10.489562 - USER:a1 - ACTION:list_shared_files - DETAILS:{"count": 7}
2025-11-20T10:32:15.488893 - USER:a1 - ACTION:get_file_access - DETAILS:{"read": true, "write": true}
2025-11-20T10:32:15.496451 - USER:a1 - ACTION:list_shared_files - DETAILS:{"count": 7}
2025-11-20T10:32:20.498791 - USER:a1 - ACTION:get_file_access - DETAILS:{"read": true, "write": true}
2025-11-20T10:32:20.542271 - USER:a1 - ACTION:list_shared_files - DETAILS:{"count": 7}
2025-11-20T10:32:25.542037 - USER:a1 - ACTION:get_file_access - DETAILS:{"read": true, "write": true}
2025-11-20T10:32:25.549833 - USER:a1 - ACTION:list_shared_files - DETAILS:{"count": 7}
2025-11-20T10:32:30.548622 - USER:a1 - ACTION:get_file_access - DETAILS:{"read": true, "write": true}
2025-11-20T10:32:30.554120 - USER:a1 - ACTION:list_shared_files - DETAILS:{"count": 7}
2025-11-20T10:32:35.556540 - USER:a1 - ACTION:get_file_access - DETAILS:{"read": true, "write": true}
2025-11-20T10:32:35.564021 - USER:a1 - ACTION:list_shared_files - DETAILS:{"count": 7}
2025-11-20T10:32:40.562893 - USER:a1 - ACTION:get_file_access - DETAILS:{"read": true, "write": true}
2025-11-20T10:32:40.567974 - USER:a1 - ACTION:list_shared_files - DETAILS:{"count": 7}
2025-11-20T10:32:45.568601 - USER:a1 - ACTION:get_file_access - DETAILS:{"read": true, "write": true}
2025-11-20T10:32:45.573529 - USER:a1 - ACTION:list_shared_files - DETAILS:{"count": 7}
2025-11-20T10:32:50.574510 - USER:a1 - ACTION:get_file_access - DETAILS:{"read": true, "write": true}
2025-11-20T10:32:50.582312 - USER:a1 - ACTION:list_shared_files - DETAILS:{"count": 7}
2025-11-20T10:32:55.583930 - USER:a1 - ACTION:get_file_access - DETAILS:{"read": true, "write": true}
2025-11-20T10:32:55.590713 - USER:a1 - ACTION:list_shared_files - DETAILS:{"count": 7}
2025-11-20T10:32:56.653898 - USER:a1 - ACTION:get_file_access - DETAILS:{"read": true, "write": true}
2025-11-20T10:32:56.660042 - USER:a1 - ACTION:list_shared_files - DETAILS:{"count": 7}
2025-11-20T10:32:56.663162 - USER:a1 - ACTION:download - DETAILS:{"filename": "file_access.log", "size": 116842}
2025-11-20T10:33:00.589889 - USER:a1 - ACTION:get_file_access - DETAILS:{"read": true, "write": true}
2025-11-20T10:33:00.594276 - USER:a1 - ACTION:list_shared_files - DETAILS:{"count": 7}
2025-11-20T10:33:05.594139 - USER:a1 - ACTION:get_file_access - DETAILS:{"read": true, "write": true}
2025-11-20T10:33:05.597546 - USER:a1 - ACTION:list_shared_files - DETAILS:{"count": 7}
2025-11-20T10:33:10.601016 - USER:a1 - ACTION:get_file_access - DETAILS:{"read": true, "write": true}
2025-11-20T10:33:10.608426 - USER:a1 - ACTION:list_shared_files - DETAILS:{"count": 7}
2025-11-20T10:33:15.608354 - USER:a1 - ACTION:get_file_access - DETAILS:{"read": true, "write": true}
2025-11-20T10:33:15.616605 - USER:a1 - ACTION:list_shared_files - DETAILS:{"count": 7}
2025-11-20T10:33:20.617172 - USER:a1 - ACTION:get_file_access - DETAILS:{"read": true, "write": true}
2025-11-20T10:33:20.625237 - USER:a1 - ACTION:list_shared_files - DETAILS:{"count": 7}
2025-11-20T10:33:25.625173 - USER:a1 - ACTION:get_file_access - DETAILS:{"read": true, "write": true}
2025-11-20T10:33:25.632491 - USER:a1 - ACTION:list_shared_files - DETAILS:{"count": 7}
2025-11-20T10:33:30.635821 - USER:a1 - ACTION:get_file_access - DETAILS:{"read": true, "write": true}
2025-11-20T10:33:30.644545 - USER:a1 - ACTION:list_shared_files - DETAILS:{"count": 7}
2025-11-20T10:33:35.645720 - USER:a1 - ACTION:get_file_access - DETAILS:{"read": true, "write": true}
2025-11-20T10:33:35.652259 - USER:a1 - ACTION:list_shared_files - DETAILS:{"count": 7}
2025-11-20T10:33:40.652874 - USER:a1 - ACTION:get_file_access - DETAILS:{"read": true, "write": true}
2025-11-20T10:33:40.659206 - USER:a1 - ACTION:list_shared_files - DETAILS:{"count": 7}
2025-11-20T10:33:45.660547 - USER:a1 - ACTION:get_file_access - DETAILS:{"read": true, "write": true}
2025-11-20T10:33:45.668287 - USER:a1 - ACTION:list_shared_files - DETAILS:{"count": 7}
2025-11-20T10:33:50.672150 - USER:a1 - ACTION:get_file_access - DETAILS:{"read": true, "write": true}
2025-11-20T10:33:50.681074 - USER:a1 - ACTION:list_shared_files - DETAILS:{"count": 7}
2025-11-20T10:33:55.677879 - USER:a1 - ACTION:get_file_access - DETAILS:{"read": true, "write": true}
2025-11-20T10:33:55.685922 - USER:a1 - ACTION:list_shared_files - DETAILS:{"count": 7}
2025-11-20T10:33:56.670789 - USER:a1 - ACTION:get_file_access - DETAILS:{"read": true, "write": true}
2025-11-20T10:33:56.676055 - USER:a1 - ACTION:list_shared_files - DETAILS:{"count": 7}
2025-11-20T10:33:56.678757 - USER:a1 - ACTION:download - DETAILS:{"filename": "file_access.log", "size": 119412}
2025-11-20T10:34:00.687353 - USER:a1 - ACTION:get_file_access - DETAILS:{"read": true, "write": true}
2025-11-20T10:34:00.694057 - USER:a1 - ACTION:list_shared_files - DETAILS:{"count": 7}
2025-11-20T10:34:05.696089 - USER:a1 - ACTION:get_file_access - DETAILS:{"read": true, "write": true}
2025-11-20T10:34:05.702979 - USER:a1 - ACTION:list_shared_files - DETAILS:{"count": 7}
2025-11-20T10:34:10.702936 - USER:a1 - ACTION:get_file_access - DETAILS:{"read": true, "write": true}
2025-11-20T10:34:10.710382 - USER:a1 - ACTION:list_shared_files - DETAILS:{"count": 7}
2025-11-20T10:34:15.712584 - USER:a1 - ACTION:get_file_access - DETAILS:{"read": true, "write": true}
2025-11-20T10:34:15.756909 - USER:a1 - ACTION:list_shared_files - DETAILS:{"count": 7}
2025-11-20T10:34:20.754027 - USER:a1 - ACTION:get_file_access - DETAILS:{"read": true, "write": true}
2025-11-20T10:34:20.762221 - USER:a1 - ACTION:list_shared_files - DETAILS:{"count": 7}
2025-11-20T10:34:25.761845 - USER:a1 - ACTION:get_file_access - DETAILS:{"read": true, "write": true}
2025-11-20T10:34:25.769990 - USER:a1 - ACTION:list_shared_files - DETAILS:{"count": 7}
2025-11-20T10:34:30.768093 - USER:a1 - ACTION:get_file_access - DETAILS:{"read": true, "write": true}
2025-11-20T10:34:30.774850 - USER:a1 - ACTION:list_shared_files - DETAILS:{"count": 7}
2025-11-20T10:34:35.775585 - USER:a1 - ACTION:get_file_access - DETAILS:{"read": true, "write": true}
2025-11-20T10:34:35.781463 - USER:a1 - ACTION:list_shared_files - DETAILS:{"count": 7}
2025-11-20T10:34:40.782544 - USER:a1 - ACTION:get_file_access - DETAILS:{"read": true, "write": true}
2025-11-20T10:34:40.790843 - USER:a1 - ACTION:list_shared_files - DETAILS:{"count": 7}
2025-11-20T10:34:45.789160 - USER:a1 - ACTION:get_file_access - DETAILS:{"read": true, "write": true}
2025-11-20T10:34:45.795100 - USER:a1 - ACTION:list_shared_files - DETAILS:{"count": 7}
2025-11-20T10:34:50.793976 - USER:a1 - ACTION:get_file_access - DETAILS:{"read": true, "write": true}
2025-11-20T10:34:50.798321 - USER:a1 - ACTION:list_shared_files - DETAILS:{"count": 7}
2025-11-20T10:34:55.800689 - USER:a1 - ACTION:get_file_access - DETAILS:{"read": true, "write": true}
2025-11-20T10:34:55.808037 - USER:a1 - ACTION:list_shared_files - DETAILS:{"count": 7}
2025-11-20T10:34:56.685155 - USER:a1 - ACTION:get_file_access - DETAILS:{"read": true, "write": true}
2025-11-20T10:34:56.692252 - USER:a1 - ACTION:list_shared_files - DETAILS:{"count": 7}
2025-11-20T10:34:56.697367 - USER:a1 - ACTION:download - DETAILS:{"filename": "file_access.log", "size": 121982}
2025-11-20T10:35:00.806332 - USER:a1 - ACTION:get_file_access - DETAILS:{"read": true, "write": true}
2025-11-20T10:35:00.814198 - USER:a1 - ACTION:list_shared_files - DETAILS:{"count": 7}
2025-11-20T10:35:05.815407 - USER:a1 - ACTION:get_file_access - DETAILS:{"read": true, "write": true}
2025-11-20T10:35:05.823246 - USER:a1 - ACTION:list_shared_files - DETAILS:{"count": 7}
2025-11-20T10:35:10.824530 - USER:a1 - ACTION:get_file_access - DETAILS:{"read": true, "write": true}
2025-11-20T10:35:10.832187 - USER:a1 - ACTION:list_shared_files - DETAILS:{"count": 7}
2025-11-20T10:35:15.833738 - USER:a1 - ACTION:get_file_access - DETAILS:{"read": true, "write": true}
2025-11-20T10:35:15.840324 - USER:a1 - ACTION:list_shared_files - DETAILS:{"count": 7}
2025-11-20T10:35:20.841876 - USER:a1 - ACTION:get_file_access - DETAILS:{"read": true, "write": true}
2025-11-20T10:35:20.849669 - USER:a1 - ACTION:list_shared_files - DETAILS:{"count": 7}
2025-11-20T10:35:25.848655 - USER:a1 - ACTION:get_file_access - DETAILS:{"read": true, "write": true}
2025-11-20T10:35:25.853185 - USER:a1 - ACTION:list_shared_files - DETAILS:{"count": 7}
2025-11-20T10:35:30.856481 - USER:a1 - ACTION:get_file_access - DETAILS:{"read": true, "write": true}
2025-11-20T10:35:30.864059 - USER:a1 - ACTION:list_shared_files - DETAILS:{"count": 7}
2025-11-20T10:35:35.862220 - USER:a1 - ACTION:get_file_access - DETAILS:{"read": true, "write": true}
2025-11-20T10:35:35.878699 - USER:a1 - ACTION:list_shared_files - DETAILS:{"count": 7}
2025-11-20T10:35:40.877694 - USER:a1 - ACTION:get_file_access - DETAILS:{"read": true, "write": true}
2025-11-20T10:35:40.881726 - USER:a1 - ACTION:list_shared_files - DETAILS:{"count": 7}
2025-11-20T10:35:45.885103 - USER:a1 - ACTION:get_file_access - DETAILS:{"read": true, "write": true}
2025-11-20T10:35:45.891867 - USER:a1 - ACTION:list_shared_files - DETAILS:{"count": 7}
2025-11-20T10:35:50.893489 - USER:a1 - ACTION:get_file_access - DETAILS:{"read": true, "write": true}
2025-11-20T10:35:50.900390 - USER:a1 - ACTION:list_shared_files - DETAILS:{"count": 7}
2025-11-20T10:35:55.902219 - USER:a1 - ACTION:get_file_access - DETAILS:{"read": true, "write": true}
2025-11-20T10:35:55.912739 - USER:a1 - ACTION:list_shared_files - DETAILS:{"count": 7}
2025-11-20T10:35:56.706151 - USER:a1 - ACTION:get_file_access - DETAILS:{"read": true, "write": true}
2025-11-20T10:35:56.712396 - USER:a1 - ACTION:list_shared_files - DETAILS:{"count": 7}
2025-11-20T10:35:56.715791 - USER:a1 - ACTION:download - DETAILS:{"filename": "file_access.log", "size": 124552}
2025-11-20T10:36:00.914685 - USER:a1 - ACTION:get_file_access - DETAILS:{"read": true, "write": true}
2025-11-20T10:36:00.923134 - USER:a1 - ACTION:list_shared_files - DETAILS:{"count": 7}
2025-11-20T10:36:05.922944 - USER:a1 - ACTION:get_file_access - DETAILS:{"read": true, "write": true}
2025-11-20T10:36:05.930720 - USER:a1 - ACTION:list_shared_files - DETAILS:{"count": 7}
2025-11-20T10:36:10.932463 - USER:a1 - ACTION:get_file_access - DETAILS:{"read": true, "write": true}
2025-11-20T10:36:10.940190 - USER:a1 - ACTION:list_shared_files - DETAILS:{"count": 7}
2025-11-20T10:36:15.940979 - USER:a1 - ACTION:get_file_access - DETAILS:{"read": true, "write": true}
2025-11-20T10:36:15.948284 - USER:a1 - ACTION:list_shared_files - DETAILS:{"count": 7}
2025-11-20T10:36:20.947195 - USER:a1 - ACTION:get_file_access - DETAILS:{"read": true, "write": true}
2025-11-20T10:36:20.954121 - USER:a1 - ACTION:list_shared_files - DETAILS:{"count": 7}
2025-11-20T10:36:25.953730 - USER:a1 - ACTION:get_file_access - DETAILS:{"read": true, "write": true}
2025-11-20T10:36:25.957264 - USER:a1 - ACTION:list_shared_files - DETAILS:{"count": 7}
2025-11-20T10:36:30.958409 - USER:a1 - ACTION:get_file_access - DETAILS:{"read": true, "write": true}
2025-11-20T10:36:30.963224 - USER:a1 - ACTION:list_shared_files - DETAILS:{"count": 7}
2025-11-20T10:36:35.963188 - USER:a1 - ACTION:get_file_access - DETAILS:{"read": true, "write": true}
2025-11-20T10:36:35.968252 - USER:a1 - ACTION:list_shared_files - DETAILS:{"count": 7}
2025-11-20T10:36:40.968178 - USER:a1 - ACTION:get_file_access - DETAILS:{"read": true, "write": true}
2025-11-20T10:36:40.973008 - USER:a1 - ACTION:list_shared_files - DETAILS:{"count": 7}
2025-11-20T10:36:45.973544 - USER:a1 - ACTION:get_file_access - DETAILS:{"read": true, "write": true}
2025-11-20T10:36:45.976764 - USER:a1 - ACTION:list_shared_files - DETAILS:{"count": 7}
2025-11-20T10:36:50.978974 - USER:a1 - ACTION:get_file_access - DETAILS:{"read": true, "write": true}
2025-11-20T10:36:50.986286 - USER:a1 - ACTION:list_shared_files - DETAILS:{"count": 7}
2025-11-20T10:36:55.987383 - USER:a1 - ACTION:get_file_access - DETAILS:{"read": true, "write": true}
2025-11-20T10:36:55.995771 - USER:a1 - ACTION:list_shared_files - DETAILS:{"count": 7}
2025-11-20T10:36:56.723478 - USER:a1 - ACTION:get_file_access - DETAILS:{"read": true, "write": true}
2025-11-20T10:36:56.730848 - USER:a1 - ACTION:list_shared_files - DETAILS:{"count": 7}
2025-11-20T10:36:56.734645 - USER:a1 - ACTION:download - DETAILS:{"filename": "file_access.log", "size": 127122}
2025-11-20T10:37:00.992896 - USER:a1 - ACTION:get_file_access - DETAILS:{"read": true, "write": true}
2025-11-20T10:37:00.998851 - USER:a1 - ACTION:list_shared_files - DETAILS:{"count": 7}
2025-11-20T10:37:05.999299 - USER:a1 - ACTION:get_file_access - DETAILS:{"read": true, "write": true}
2025-11-20T10:37:06.004646 - USER:a1 - ACTION:list_shared_files - DETAILS:{"count": 7}
2025-11-20T10:37:11.005675 - USER:a1 - ACTION:get_file_access - DETAILS:{"read": true, "write": true}
2025-11-20T10:37:11.012198 - USER:a1 - ACTION:list_shared_files - DETAILS:{"count": 7}
2025-11-20T10:37:16.014703 - USER:a1 - ACTION:get_file_access - DETAILS:{"read": true, "write": true}
2025-11-20T10:37:16.021635 - USER:a1 - ACTION:list_shared_files - DETAILS:{"count": 7}
2025-11-20T10:37:21.024597 - USER:a1 - ACTION:get_file_access - DETAILS:{"read": true, "write": true}
2025-11-20T10:37:21.031063 - USER:a1 - ACTION:list_shared_files - DETAILS:{"count": 7}
2025-11-20T10:37:26.032013 - USER:a1 - ACTION:get_file_access - DETAILS:{"read": true, "write": true}
2025-11-20T10:37:26.038539 - USER:a1 - ACTION:list_shared_files - DETAILS:{"count": 7}
2025-11-20T10:37:31.036763 - USER:a1 - ACTION:get_file_access - DETAILS:{"read": true, "write": true}
2025-11-20T10:37:31.043351 - USER:a1 - ACTION:list_shared_files - DETAILS:{"count": 7}
2025-11-20T10:37:36.044584 - USER:a1 - ACTION:get_file_access - DETAILS:{"read": true, "write": true}
2025-11-20T10:37:36.088191 - USER:a1 - ACTION:list_shared_files - DETAILS:{"count": 7}
2025-11-20T10:37:41.087494 - USER:a1 - ACTION:get_file_access - DETAILS:{"read": true, "write": true}
2025-11-20T10:37:41.094766 - USER:a1 - ACTION:list_shared_files - DETAILS:{"count": 7}
2025-11-20T10:37:46.094938 - USER:a1 - ACTION:get_file_access - DETAILS:{"read": true, "write": true}
2025-11-20T10:37:46.100791 - USER:a1 - ACTION:list_shared_files - DETAILS:{"count": 7}
2025-11-20T10:37:51.102786 - USER:a1 - ACTION:get_file_access - DETAILS:{"read": true, "write": true}
2025-11-20T10:37:51.109526 - USER:a1 - ACTION:list_shared_files - DETAILS:{"count": 7}
2025-11-20T10:37:56.113396 - USER:a1 - ACTION:get_file_access - DETAILS:{"read": true, "write": true}
2025-11-20T10:37:56.121497 - USER:a1 - ACTION:list_shared_files - DETAILS:{"count": 7}
2025-11-20T10:37:56.743137 - USER:a1 - ACTION:get_file_access - DETAILS:{"read": true, "write": true}
2025-11-20T10:37:56.749361 - USER:a1 - ACTION:list_shared_files - DETAILS:{"count": 7}
2025-11-20T10:37:56.752744 - USER:a1 - ACTION:download - DETAILS:{"filename": "file_access.log", "size": 129692}
2025-11-20T10:38:01.122903 - USER:a1 - ACTION:get_file_access - DETAILS:{"read": true, "write": true}
2025-11-20T10:38:01.130571 - USER:a1 - ACTION:list_shared_files - DETAILS:{"count": 7}
2025-11-20T10:38:06.128774 - USER:a1 - ACTION:get_file_access - DETAILS:{"read": true, "write": true}
2025-11-20T10:38:06.135037 - USER:a1 - ACTION:list_shared_files - DETAILS:{"count": 7}
2025-11-20T10:38:11.137277 - USER:a1 - ACTION:get_file_access - DETAILS:{"read": true, "write": true}
2025-11-20T10:38:11.146638 - USER:a1 - ACTION:list_shared_files - DETAILS:{"count": 7}
2025-11-20T10:38:16.147207 - USER:a1 - ACTION:get_file_access - DETAILS:{"read": true, "write": true}
2025-11-20T10:38:16.154292 - USER:a1 - ACTION:list_shared_files - DETAILS:{"count": 7}
2025-11-20T10:38:21.156183 - USER:a1 - ACTION:get_file_access - DETAILS:{"read": true, "write": true}
2025-11-20T10:38:21.164290 - USER:a1 - ACTION:list_shared_files - DETAILS:{"count": 7}
2025-11-20T10:38:26.165121 - USER:a1 - ACTION:get_file_access - DETAILS:{"read": true, "write": true}
2025-11-20T10:38:26.170237 - USER:a1 - ACTION:list_shared_files - DETAILS:{"count": 7}
2025-11-20T10:38:31.171810 - USER:a1 - ACTION:get_file_access - DETAILS:{"read": true, "write": true}
2025-11-20T10:38:31.179833 - USER:a1 - ACTION:list_shared_files - DETAILS:{"count": 7}
2025-11-20T10:38:36.181843 - USER:a1 - ACTION:get_file_access - DETAILS:{"read": true, "write": true}
2025-11-20T10:38:36.224100 - USER:a1 - ACTION:list_shared_files - DETAILS:{"count": 7}
2025-11-20T10:38:41.224644 - USER:a1 - ACTION:get_file_access - DETAILS:{"read": true, "write": true}
2025-11-20T10:38:41.230961 - USER:a1 - ACTION:list_shared_files - DETAILS:{"count": 7}
2025-11-20T10:38:46.230223 - USER:a1 - ACTION:get_file_access - DETAILS:{"read": true, "write": true}
2025-11-20T10:38:46.236172 - USER:a1 - ACTION:list_shared_files - DETAILS:{"count": 7}
2025-11-20T10:38:51.234247 - USER:a1 - ACTION:get_file_access - DETAILS:{"read": true, "write": true}
2025-11-20T10:38:51.239561 - USER:a1 - ACTION:list_shared_files - DETAILS:{"count": 7}
2025-11-20T10:38:56.243887 - USER:a1 - ACTION:get_file_access - DETAILS:{"read": true, "write": true}
2025-11-20T10:38:56.251576 - USER:a1 - ACTION:list_shared_files - DETAILS:{"count": 7}
2025-11-20T10:38:56.756062 - USER:a1 - ACTION:get_file_access - DETAILS:{"read": true, "write": true}
2025-11-20T10:38:56.760156 - USER:a1 - ACTION:list_shared_files - DETAILS:{"count": 7}
2025-11-20T10:38:56.762217 - USER:a1 - ACTION:download - DETAILS:{"filename": "file_access.log", "size": 132262}
2025-11-20T10:39:01.250687 - USER:a1 - ACTION:get_file_access - DETAILS:{"read": true, "write": true}
2025-11-20T10:39:01.258808 - USER:a1 - ACTION:list_shared_files - DETAILS:{"count": 7}
2025-11-20T10:39:06.258412 - USER:a1 - ACTION:get_file_access - DETAILS:{"read": true, "write": true}
2025-11-20T10:39:06.267022 - USER:a1 - ACTION:list_shared_files - DETAILS:{"count": 7}
2025-11-20T10:39:11.265550 - USER:a1 - ACTION:get_file_access - DETAILS:{"read": true, "write": true}
2025-11-20T10:39:11.333924 - USER:a1 - ACTION:list_shared_files - DETAILS:{"count": 7}
2025-11-20T10:39:16.333429 - USER:a1 - ACTION:get_file_access - DETAILS:{"read": true, "write": true}
2025-11-20T10:39:16.340030 - USER:a1 - ACTION:list_shared_files - DETAILS:{"count": 7}
2025-11-20T10:39:21.341748 - USER:a1 - ACTION:get_file_access - DETAILS:{"read": true, "write": true}
2025-11-20T10:39:21.346818 - USER:a1 - ACTION:list_shared_files - DETAILS:{"count": 7}
2025-11-20T10:39:26.347188 - USER:a1 - ACTION:get_file_access - DETAILS:{"read": true, "write": true}
2025-11-20T10:39:26.353060 - USER:a1 - ACTION:list_shared_files - DETAILS:{"count": 7}
2025-11-20T10:39:31.355436 - USER:a1 - ACTION:get_file_access - DETAILS:{"read": true, "write": true}
2025-11-20T10:39:31.364176 - USER:a1 - ACTION:list_shared_files - DETAILS:{"count": 7}
2025-11-20T10:39:36.362556 - USER:a1 - ACTION:get_file_access - DETAILS:{"read": true, "write": true}
2025-11-20T10:39:36.367979 - USER:a1 - ACTION:list_shared_files - DETAILS:{"count": 7}
2025-11-20T10:39:41.369345 - USER:a1 - ACTION:get_file_access - DETAILS:{"read": true, "write": true}
2025-11-20T10:39:41.375558 - USER:a1 - ACTION:list_shared_files - DETAILS:{"count": 7}
2025-11-20T10:39:46.377279 - USER:a1 - ACTION:get_file_access - DETAILS:{"read": true, "write": true}
2025-11-20T10:39:46.385728 - USER:a1 - ACTION:list_shared_files - DETAILS:{"count": 7}
2025-11-20T10:39:51.388548 - USER:a1 - ACTION:get_file_access - DETAILS:{"read": true, "write": true}
2025-11-20T10:39:51.395583 - USER:a1 - ACTION:list_shared_files - DETAILS:{"count": 7}
2025-11-20T10:39:56.395959 - USER:a1 - ACTION:get_file_access - DETAILS:{"read": true, "write": true}
2025-11-20T10:39:56.403562 - USER:a1 - ACTION:list_shared_files - DETAILS:{"count": 7}
2025-11-20T10:39:56.765696 - USER:a1 - ACTION:get_file_access - DETAILS:{"read": true, "write": true}
2025-11-20T10:39:56.768705 - USER:a1 - ACTION:list_shared_files - DETAILS:{"count": 7}
2025-11-20T10:39:56.772116 - USER:a1 - ACTION:download - DETAILS:{"filename": "file_access.log", "size": 134832}
2025-11-20T10:40:01.405607 - USER:a1 - ACTION:get_file_access - DETAILS:{"read": true, "write": true}
2025-11-20T10:40:01.413280 - USER:a1 - ACTION:list_shared_files - DETAILS:{"count": 7}
2025-11-20T10:40:06.414784 - USER:a1 - ACTION:get_file_access - DETAILS:{"read": true, "write": true}
2025-11-20T10:40:06.421412 - USER:a1 - ACTION:list_shared_files - DETAILS:{"count": 7}
2025-11-20T10:40:11.421750 - USER:a1 - ACTION:get_file_access - DETAILS:{"read": true, "write": true}
2025-11-20T10:40:11.427815 - USER:a1 - ACTION:list_shared_files - DETAILS:{"count": 7}
2025-11-20T10:40:16.429123 - USER:a1 - ACTION:get_file_access - DETAILS:{"read": true, "write": true}
2025-11-20T10:40:16.437335 - USER:a1 - ACTION:list_shared_files - DETAILS:{"count": 7}
2025-11-20T10:40:21.437507 - USER:a1 - ACTION:get_file_access - DETAILS:{"read": true, "write": true}
2025-11-20T10:40:21.445122 - USER:a1 - ACTION:list_shared_files - DETAILS:{"count": 7}
2025-11-20T10:40:26.444372 - USER:a1 - ACTION:get_file_access - DETAILS:{"read": true, "write": true}
2025-11-20T10:40:26.449692 - USER:a1 - ACTION:list_shared_files - DETAILS:{"count": 7}
2025-11-20T10:40:31.452520 - USER:a1 - ACTION:get_file_access - DETAILS:{"read": true, "write": true}
2025-11-20T10:40:31.461541 - USER:a1 - ACTION:list_shared_files - DETAILS:{"count": 7}
2025-11-20T10:40:36.462677 - USER:a1 - ACTION:get_file_access - DETAILS:{"read": true, "write": true}
2025-11-20T10:40:36.469450 - USER:a1 - ACTION:list_shared_files - DETAILS:{"count": 7}
2025-11-20T10:40:41.470127 - USER:a1 - ACTION:get_file_access - DETAILS:{"read": true, "write": true}
2025-11-20T10:40:41.480411 - USER:a1 - ACTION:list_shared_files - DETAILS:{"count": 7}
2025-11-20T10:40:46.481575 - USER:a1 - ACTION:get_file_access - DETAILS:{"read": true, "write": true}
2025-11-20T10:40:46.488973 - USER:a1 - ACTION:list_shared_files - DETAILS:{"count": 7}
2025-11-20T10:40:51.486937 - USER:a1 - ACTION:get_file_access - DETAILS:{"read": true, "write": true}
2025-11-20T10:40:51.495318 - USER:a1 - ACTION:list_shared_files - DETAILS:{"count": 7}
2025-11-20T10:40:56.491423 - USER:a1 - ACTION:get_file_access - DETAILS:{"read": true, "write": true}
2025-11-20T10:40:56.499964 - USER:a1 - ACTION:list_shared_files - DETAILS:{"count": 7}
2025-11-20T10:40:56.778276 - USER:a1 - ACTION:get_file_access - DETAILS:{"read": true, "write": true}
2025-11-20T10:40:56.786415 - USER:a1 - ACTION:list_shared_files - DETAILS:{"count": 7}
2025-11-20T10:40:56.793912 - USER:a1 - ACTION:download - DETAILS:{"filename": "file_access.log", "size": 137402}
2025-11-20T10:41:01.497340 - USER:a1 - ACTION:get_file_access - DETAILS:{"read": true, "write": true}
2025-11-20T10:41:01.504552 - USER:a1 - ACTION:list_shared_files - DETAILS:{"count": 7}
2025-11-20T10:41:06.503189 - USER:a1 - ACTION:get_file_access - DETAILS:{"read": true, "write": true}
2025-11-20T10:41:06.512062 - USER:a1 - ACTION:list_shared_files - DETAILS:{"count": 7}
2025-11-20T10:41:11.512049 - USER:a1 - ACTION:get_file_access - DETAILS:{"read": true, "write": true}
2025-11-20T10:41:11.520744 - USER:a1 - ACTION:list_shared_files - DETAILS:{"count": 7}
2025-11-20T10:41:16.518202 - USER:a1 - ACTION:get_file_access - DETAILS:{"read": true, "write": true}
2025-11-20T10:41:16.525803 - USER:a1 - ACTION:list_shared_files - DETAILS:{"count": 7}
2025-11-20T10:41:21.521887 - USER:a1 - ACTION:get_file_access - DETAILS:{"read": true, "write": true}
2025-11-20T10:41:21.529393 - USER:a1 - ACTION:list_shared_files - DETAILS:{"count": 7}
2025-11-20T10:41:26.526822 - USER:a1 - ACTION:get_file_access - DETAILS:{"read": true, "write": true}
2025-11-20T10:41:26.531935 - USER:a1 - ACTION:list_shared_files - DETAILS:{"count": 7}
2025-11-20T10:41:31.532179 - USER:a1 - ACTION:get_file_access - DETAILS:{"read": true, "write": true}
2025-11-20T10:41:31.537062 - USER:a1 - ACTION:list_shared_files - DETAILS:{"count": 7}
2025-11-20T10:41:36.537932 - USER:a1 - ACTION:get_file_access - DETAILS:{"read": true, "write": true}
2025-11-20T10:41:36.542574 - USER:a1 - ACTION:list_shared_files - DETAILS:{"count": 7}
2025-11-20T10:41:41.543313 - USER:a1 - ACTION:get_file_access - DETAILS:{"read": true, "write": true}
2025-11-20T10:41:41.546825 - USER:a1 - ACTION:list_shared_files - DETAILS:{"count": 7}
2025-11-20T10:41:46.546349 - USER:a1 - ACTION:get_file_access - DETAILS:{"read": true, "write": true}
2025-11-20T10:41:46.551034 - USER:a1 - ACTION:list_shared_files - DETAILS:{"count": 7}
2025-11-20T10:41:51.551047 - USER:a1 - ACTION:get_file_access - DETAILS:{"read": true, "write": true}
2025-11-20T10:41:51.555823 - USER:a1 - ACTION:list_shared_files - DETAILS:{"count": 7}
2025-11-20T10:41:56.560074 - USER:a1 - ACTION:get_file_access - DETAILS:{"read": true, "write": true}
2025-11-20T10:41:56.567166 - USER:a1 - ACTION:list_shared_files - DETAILS:{"count": 7}
2025-11-20T10:41:56.802591 - USER:a1 - ACTION:get_file_access - DETAILS:{"read": true, "write": true}
2025-11-20T10:41:56.809359 - USER:a1 - ACTION:list_shared_files - DETAILS:{"count": 7}
2025-11-20T10:41:56.813496 - USER:a1 - ACTION:download - DETAILS:{"filename": "file_access.log", "size": 139972}
2025-11-20T10:42:01.569411 - USER:a1 - ACTION:get_file_access - DETAILS:{"read": true, "write": true}
2025-11-20T10:42:01.574850 - USER:a1 - ACTION:list_shared_files - DETAILS:{"count": 7}
2025-11-20T10:42:06.576362 - USER:a1 - ACTION:get_file_access - DETAILS:{"read": true, "write": true}
2025-11-20T10:42:06.582014 - USER:a1 - ACTION:list_shared_files - DETAILS:{"count": 7}
2025-11-20T10:42:11.581358 - USER:a1 - ACTION:get_file_access - DETAILS:{"read": true, "write": true}
2025-11-20T10:42:11.585989 - USER:a1 - ACTION:list_shared_files - DETAILS:{"count": 7}
2025-11-20T10:42:16.586431 - USER:a1 - ACTION:get_file_access - DETAILS:{"read": true, "write": true}
2025-11-20T10:42:16.590833 - USER:a1 - ACTION:list_shared_files - DETAILS:{"count": 7}
2025-11-20T10:42:21.592537 - USER:a1 - ACTION:get_file_access - DETAILS:{"read": true, "write": true}
2025-11-20T10:42:21.602215 - USER:a1 - ACTION:list_shared_files - DETAILS:{"count": 7}
2025-11-20T10:42:26.600976 - USER:a1 - ACTION:get_file_access - DETAILS:{"read": true, "write": true}
2025-11-20T10:42:26.605651 - USER:a1 - ACTION:list_shared_files - DETAILS:{"count": 7}
2025-11-20T10:42:31.605719 - USER:a1 - ACTION:get_file_access - DETAILS:{"read": true, "write": true}
2025-11-20T10:42:31.611161 - USER:a1 - ACTION:list_shared_files - DETAILS:{"count": 7}
2025-11-20T10:42:36.613162 - USER:a1 - ACTION:get_file_access - DETAILS:{"read": true, "write": true}
2025-11-20T10:42:36.620833 - USER:a1 - ACTION:list_shared_files - DETAILS:{"count": 7}
2025-11-20T10:42:41.620575 - USER:a1 - ACTION:get_file_access - DETAILS:{"read": true, "write": true}
2025-11-20T10:42:41.626909 - USER:a1 - ACTION:list_shared_files - DETAILS:{"count": 7}
2025-11-20T10:42:46.630812 - USER:a1 - ACTION:get_file_access - DETAILS:{"read": true, "write": true}
2025-11-20T10:42:46.637274 - USER:a1 - ACTION:list_shared_files - DETAILS:{"count": 7}
2025-11-20T10:42:51.637991 - USER:a1 - ACTION:get_file_access - DETAILS:{"read": true, "write": true}
2025-11-20T10:42:51.682851 - USER:a1 - ACTION:list_shared_files - DETAILS:{"count": 7}
2025-11-20T10:42:56.681207 - USER:a1 - ACTION:get_file_access - DETAILS:{"read": true, "write": true}
2025-11-20T10:42:56.689513 - USER:a1 - ACTION:list_shared_files - DETAILS:{"count": 7}
2025-11-20T10:42:56.817403 - USER:a1 - ACTION:get_file_access - DETAILS:{"read": true, "write": true}
2025-11-20T10:42:56.819861 - USER:a1 - ACTION:list_shared_files - DETAILS:{"count": 7}
2025-11-20T10:42:56.822008 - USER:a1 - ACTION:download - DETAILS:{"filename": "file_access.log", "size": 142542}
2025-11-20T10:43:01.690101 - USER:a1 - ACTION:get_file_access - DETAILS:{"read": true, "write": true}
2025-11-20T10:43:01.697903 - USER:a1 - ACTION:list_shared_files - DETAILS:{"count": 7}
2025-11-20T10:43:06.699050 - USER:a1 - ACTION:get_file_access - DETAILS:{"read": true, "write": true}
2025-11-20T10:43:06.706237 - USER:a1 - ACTION:list_shared_files - DETAILS:{"count": 7}
2025-11-20T10:43:11.707621 - USER:a1 - ACTION:get_file_access - DETAILS:{"read": true, "write": true}
2025-11-20T10:43:11.715034 - USER:a1 - ACTION:list_shared_files - DETAILS:{"count": 7}
2025-11-20T10:43:16.716858 - USER:a1 - ACTION:get_file_access - DETAILS:{"read": true, "write": true}
2025-11-20T10:43:16.724827 - USER:a1 - ACTION:list_shared_files - DETAILS:{"count": 7}
2025-11-20T10:43:21.726631 - USER:a1 - ACTION:get_file_access - DETAILS:{"read": true, "write": true}
2025-11-20T10:43:21.733842 - USER:a1 - ACTION:list_shared_files - DETAILS:{"count": 7}
2025-11-20T10:43:26.735402 - USER:a1 - ACTION:get_file_access - DETAILS:{"read": true, "write": true}
2025-11-20T10:43:26.742207 - USER:a1 - ACTION:list_shared_files - DETAILS:{"count": 7}
2025-11-20T10:43:31.741709 - USER:a1 - ACTION:get_file_access - DETAILS:{"read": true, "write": true}
2025-11-20T10:43:31.748226 - USER:a1 - ACTION:list_shared_files - DETAILS:{"count": 7}
2025-11-20T10:43:36.746313 - USER:a1 - ACTION:get_file_access - DETAILS:{"read": true, "write": true}
2025-11-20T10:43:36.753959 - USER:a1 - ACTION:list_shared_files - DETAILS:{"count": 7}
2025-11-20T10:43:41.752660 - USER:a1 - ACTION:get_file_access - DETAILS:{"read": true, "write": true}
2025-11-20T10:43:41.758982 - USER:a1 - ACTION:list_shared_files - DETAILS:{"count": 7}
2025-11-20T10:43:46.756716 - USER:a1 - ACTION:get_file_access - DETAILS:{"read": true, "write": true}
2025-11-20T10:43:46.762323 - USER:a1 - ACTION:list_shared_files - DETAILS:{"count": 7}
2025-11-20T10:43:51.761581 - USER:a1 - ACTION:get_file_access - DETAILS:{"read": true, "write": true}
2025-11-20T10:43:51.769610 - USER:a1 - ACTION:list_shared_files - DETAILS:{"count": 7}
2025-11-20T10:43:56.767567 - USER:a1 - ACTION:get_file_access - DETAILS:{"read": true, "write": true}
2025-11-20T10:43:56.774107 - USER:a1 - ACTION:list_shared_files - DETAILS:{"count": 7}
2025-11-20T10:43:56.825942 - USER:a1 - ACTION:get_file_access - DETAILS:{"read": true, "write": true}
2025-11-20T10:43:56.832031 - USER:a1 - ACTION:list_shared_files - DETAILS:{"count": 7}
2025-11-20T10:43:56.835268 - USER:a1 - ACTION:download - DETAILS:{"filename": "file_access.log", "size": 145112}
2025-11-20T10:44:01.775091 - USER:a1 - ACTION:get_file_access - DETAILS:{"read": true, "write": true}
2025-11-20T10:44:01.782807 - USER:a1 - ACTION:list_shared_files - DETAILS:{"count": 7}
2025-11-20T10:44:06.784417 - USER:a1 - ACTION:get_file_access - DETAILS:{"read": true, "write": true}
2025-11-20T10:44:06.792429 - USER:a1 - ACTION:list_shared_files - DETAILS:{"count": 7}
2025-11-20T10:44:11.794891 - USER:a1 - ACTION:get_file_access - DETAILS:{"read": true, "write": true}
2025-11-20T10:44:11.802334 - USER:a1 - ACTION:list_shared_files - DETAILS:{"count": 7}
2025-11-20T10:44:16.802187 - USER:a1 - ACTION:get_file_access - DETAILS:{"read": true, "write": true}
2025-11-20T10:44:16.808041 - USER:a1 - ACTION:list_shared_files - DETAILS:{"count": 7}
2025-11-20T10:44:21.810886 - USER:a1 - ACTION:get_file_access - DETAILS:{"read": true, "write": true}
2025-11-20T10:44:21.818123 - USER:a1 - ACTION:list_shared_files - DETAILS:{"count": 7}
2025-11-20T10:44:26.819692 - USER:a1 - ACTION:get_file_access - DETAILS:{"read": true, "write": true}
2025-11-20T10:44:26.823833 - USER:a1 - ACTION:list_shared_files - DETAILS:{"count": 7}
2025-11-20T10:44:31.824949 - USER:a1 - ACTION:get_file_access - DETAILS:{"read": true, "write": true}
2025-11-20T10:44:31.829609 - USER:a1 - ACTION:list_shared_files - DETAILS:{"count": 7}
2025-11-20T10:44:36.829211 - USER:a1 - ACTION:get_file_access - DETAILS:{"read": true, "write": true}
2025-11-20T10:44:36.834268 - USER:a1 - ACTION:list_shared_files - DETAILS:{"count": 7}
2025-11-20T10:44:41.837549 - USER:a1 - ACTION:get_file_access - DETAILS:{"read": true, "write": true}
2025-11-20T10:44:41.843854 - USER:a1 - ACTION:list_shared_files - DETAILS:{"count": 7}
2025-11-20T10:44:46.844801 - USER:a1 - ACTION:get_file_access - DETAILS:{"read": true, "write": true}
2025-11-20T10:44:46.852814 - USER:a1 - ACTION:list_shared_files - DETAILS:{"count": 7}
2025-11-20T10:44:51.855240 - USER:a1 - ACTION:get_file_access - DETAILS:{"read": true, "write": true}
2025-11-20T10:44:51.862396 - USER:a1 - ACTION:list_shared_files - DETAILS:{"count": 7}
2025-11-20T10:44:56.839738 - USER:a1 - ACTION:get_file_access - DETAILS:{"read": true, "write": true}
2025-11-20T10:44:56.844880 - USER:a1 - ACTION:list_shared_files - DETAILS:{"count": 7}
2025-11-20T10:44:56.848152 - USER:a1 - ACTION:download - DETAILS:{"filename": "file_access.log", "size": 147493}
2025-11-20T10:44:56.861114 - USER:a1 - ACTION:get_file_access - DETAILS:{"read": true, "write": true}
2025-11-20T10:44:56.864953 - USER:a1 - ACTION:list_shared_files - DETAILS:{"count": 7}
2025-11-20T10:45:01.864180 - USER:a1 - ACTION:get_file_access - DETAILS:{"read": true, "write": true}
2025-11-20T10:45:01.868542 - USER:a1 - ACTION:list_shared_files - DETAILS:{"count": 7}
2025-11-20T10:45:06.869912 - USER:a1 - ACTION:get_file_access - DETAILS:{"read": true, "write": true}
2025-11-20T10:45:06.910259 - USER:a1 - ACTION:list_shared_files - DETAILS:{"count": 7}
2025-11-20T10:45:11.909413 - USER:a1 - ACTION:get_file_access - DETAILS:{"read": true, "write": true}
2025-11-20T10:45:11.913786 - USER:a1 - ACTION:list_shared_files - DETAILS:{"count": 7}
2025-11-20T10:45:16.915708 - USER:a1 - ACTION:get_file_access - DETAILS:{"read": true, "write": true}
2025-11-20T10:45:16.921811 - USER:a1 - ACTION:list_shared_files - DETAILS:{"count": 7}
2025-11-20T10:45:21.921037 - USER:a1 - ACTION:get_file_access - DETAILS:{"read": true, "write": true}
2025-11-20T10:45:21.926249 - USER:a1 - ACTION:list_shared_files - DETAILS:{"count": 7}
2025-11-20T10:45:26.927179 - USER:a1 - ACTION:get_file_access - DETAILS:{"read": true, "write": true}
2025-11-20T10:45:26.936293 - USER:a1 - ACTION:list_shared_files - DETAILS:{"count": 7}
2025-11-20T10:45:31.933908 - USER:a1 - ACTION:get_file_access - DETAILS:{"read": true, "write": true}
2025-11-20T10:45:31.941523 - USER:a1 - ACTION:list_shared_files - DETAILS:{"count": 7}
2025-11-20T10:45:36.941705 - USER:a1 - ACTION:get_file_access - DETAILS:{"read": true, "write": true}
2025-11-20T10:45:36.948594 - USER:a1 - ACTION:list_shared_files - DETAILS:{"count": 7}
2025-11-20T10:45:41.946517 - USER:a1 - ACTION:get_file_access - DETAILS:{"read": true, "write": true}
2025-11-20T10:45:41.952327 - USER:a1 - ACTION:list_shared_files - DETAILS:{"count": 7}
2025-11-20T10:45:46.950053 - USER:a1 - ACTION:get_file_access - DETAILS:{"read": true, "write": true}
2025-11-20T10:45:46.955171 - USER:a1 - ACTION:list_shared_files - DETAILS:{"count": 7}
2025-11-20T10:45:51.954958 - USER:a1 - ACTION:get_file_access - DETAILS:{"read": true, "write": true}
2025-11-20T10:45:51.961380 - USER:a1 - ACTION:list_shared_files - DETAILS:{"count": 7}
2025-11-20T10:45:56.852940 - USER:a1 - ACTION:get_file_access - DETAILS:{"read": true, "write": true}
2025-11-20T10:45:56.856151 - USER:a1 - ACTION:list_shared_files - DETAILS:{"count": 7}
2025-11-20T10:45:56.858872 - USER:a1 - ACTION:download - DETAILS:{"filename": "file_access.log", "size": 150063}
2025-11-20T10:45:56.959975 - USER:a1 - ACTION:get_file_access - DETAILS:{"read": true, "write": true}
2025-11-20T10:45:56.964198 - USER:a1 - ACTION:list_shared_files - DETAILS:{"count": 7}
2025-11-20T10:46:01.963250 - USER:a1 - ACTION:get_file_access - DETAILS:{"read": true, "write": true}
2025-11-20T10:46:01.969153 - USER:a1 - ACTION:list_shared_files - DETAILS:{"count": 7}
2025-11-20T10:46:06.966811 - USER:a1 - ACTION:get_file_access - DETAILS:{"read": true, "write": true}
2025-11-20T10:46:06.972190 - USER:a1 - ACTION:list_shared_files - DETAILS:{"count": 7}
2025-11-20T10:46:12.050215 - USER:a1 - ACTION:get_file_access - DETAILS:{"read": true, "write": true}
2025-11-20T10:46:12.054663 - USER:a1 - ACTION:list_shared_files - DETAILS:{"count": 7}
2025-11-20T10:46:17.054387 - USER:a1 - ACTION:get_file_access - DETAILS:{"read": true, "write": true}
2025-11-20T10:46:17.058957 - USER:a1 - ACTION:list_shared_files - DETAILS:{"count": 7}
2025-11-20T10:46:22.059474 - USER:a1 - ACTION:get_file_access - DETAILS:{"read": true, "write": true}
2025-11-20T10:46:22.064284 - USER:a1 - ACTION:list_shared_files - DETAILS:{"count": 7}
2025-11-20T10:46:27.064732 - USER:a1 - ACTION:get_file_access - DETAILS:{"read": true, "write": true}
2025-11-20T10:46:27.105120 - USER:a1 - ACTION:list_shared_files - DETAILS:{"count": 7}
2025-11-20T10:46:32.103785 - USER:a1 - ACTION:get_file_access - DETAILS:{"read": true, "write": true}
2025-11-20T10:46:32.109209 - USER:a1 - ACTION:list_shared_files - DETAILS:{"count": 7}
2025-11-20T10:46:37.107723 - USER:a1 - ACTION:get_file_access - DETAILS:{"read": true, "write": true}
2025-11-20T10:46:37.113287 - USER:a1 - ACTION:list_shared_files - DETAILS:{"count": 7}
2025-11-20T10:46:42.114867 - USER:a1 - ACTION:get_file_access - DETAILS:{"read": true, "write": true}
2025-11-20T10:46:42.121144 - USER:a1 - ACTION:list_shared_files - DETAILS:{"count": 7}
2025-11-20T10:46:47.124028 - USER:a1 - ACTION:get_file_access - DETAILS:{"read": true, "write": true}
2025-11-20T10:46:47.130765 - USER:a1 - ACTION:list_shared_files - DETAILS:{"count": 7}
2025-11-20T10:46:52.132143 - USER:a1 - ACTION:get_file_access - DETAILS:{"read": true, "write": true}
2025-11-20T10:46:52.139669 - USER:a1 - ACTION:list_shared_files - DETAILS:{"count": 7}
2025-11-20T10:46:56.866382 - USER:a1 - ACTION:get_file_access - DETAILS:{"read": true, "write": true}
2025-11-20T10:46:56.910278 - USER:a1 - ACTION:list_shared_files - DETAILS:{"count": 7}
2025-11-20T10:46:56.915307 - USER:a1 - ACTION:download - DETAILS:{"filename": "file_access.log", "size": 152633}
2025-11-20T10:46:57.142616 - USER:a1 - ACTION:get_file_access - DETAILS:{"read": true, "write": true}
2025-11-20T10:46:57.148696 - USER:a1 - ACTION:list_shared_files - DETAILS:{"count": 7}
2025-11-20T10:47:02.150414 - USER:a1 - ACTION:get_file_access - DETAILS:{"read": true, "write": true}
2025-11-20T10:47:02.158207 - USER:a1 - ACTION:list_shared_files - DETAILS:{"count": 7}
2025-11-20T10:47:07.160360 - USER:a1 - ACTION:get_file_access - DETAILS:{"read": true, "write": true}
2025-11-20T10:47:07.168577 - USER:a1 - ACTION:list_shared_files - DETAILS:{"count": 7}
2025-11-20T10:47:12.169466 - USER:a1 - ACTION:get_file_access - DETAILS:{"read": true, "write": true}
2025-11-20T10:47:12.212533 - USER:a1 - ACTION:list_shared_files - DETAILS:{"count": 7}
2025-11-20T10:47:17.215131 - USER:a1 - ACTION:get_file_access - DETAILS:{"read": true, "write": true}
2025-11-20T10:47:17.222476 - USER:a1 - ACTION:list_shared_files - DETAILS:{"count": 7}
2025-11-20T10:47:22.225538 - USER:a1 - ACTION:get_file_access - DETAILS:{"read": true, "write": true}
2025-11-20T10:47:22.233133 - USER:a1 - ACTION:list_shared_files - DETAILS:{"count": 7}
2025-11-20T10:47:27.232848 - USER:a1 - ACTION:get_file_access - DETAILS:{"read": true, "write": true}
2025-11-20T10:47:27.240502 - USER:a1 - ACTION:list_shared_files - DETAILS:{"count": 7}
2025-11-20T10:47:32.238537 - USER:a1 - ACTION:get_file_access - DETAILS:{"read": true, "write": true}
2025-11-20T10:47:32.246463 - USER:a1 - ACTION:list_shared_files - DETAILS:{"count": 7}
2025-11-20T10:47:37.249759 - USER:a1 - ACTION:get_file_access - DETAILS:{"read": true, "write": true}
2025-11-20T10:47:37.257504 - USER:a1 - ACTION:list_shared_files - DETAILS:{"count": 7}
2025-11-20T10:47:42.258428 - USER:a1 - ACTION:get_file_access - DETAILS:{"read": true, "write": true}
2025-11-20T10:47:42.264359 - USER:a1 - ACTION:list_shared_files - DETAILS:{"count": 7}
2025-11-20T10:47:47.266892 - USER:a1 - ACTION:get_file_access - DETAILS:{"read": true, "write": true}
2025-11-20T10:47:47.310307 - USER:a1 - ACTION:list_shared_files - DETAILS:{"count": 7}
2025-11-20T10:47:52.311261 - USER:a1 - ACTION:get_file_access - DETAILS:{"read": true, "write": true}
2025-11-20T10:47:52.319856 - USER:a1 - ACTION:list_shared_files - DETAILS:{"count": 7}
2025-11-20T10:47:56.924292 - USER:a1 - ACTION:get_file_access - DETAILS:{"read": true, "write": true}
2025-11-20T10:47:56.930755 - USER:a1 - ACTION:list_shared_files - DETAILS:{"count": 7}
2025-11-20T10:47:56.934327 - USER:a1 - ACTION:download - DETAILS:{"filename": "file_access.log", "size": 155203}
2025-11-20T10:47:57.321171 - USER:a1 - ACTION:get_file_access - DETAILS:{"read": true, "write": true}
2025-11-20T10:47:57.328616 - USER:a1 - ACTION:list_shared_files - DETAILS:{"count": 7}
2025-11-20T10:48:02.331673 - USER:a1 - ACTION:get_file_access - DETAILS:{"read": true, "write": true}
2025-11-20T10:48:02.340526 - USER:a1 - ACTION:list_shared_files - DETAILS:{"count": 7}
2025-11-20T10:48:07.342106 - USER:a1 - ACTION:get_file_access - DETAILS:{"read": true, "write": true}
2025-11-20T10:48:07.348714 - USER:a1 - ACTION:list_shared_files - DETAILS:{"count": 7}
2025-11-20T10:48:12.350902 - USER:a1 - ACTION:get_file_access - DETAILS:{"read": true, "write": true}
2025-11-20T10:48:12.357401 - USER:a1 - ACTION:list_shared_files - DETAILS:{"count": 7}
2025-11-20T10:48:17.358120 - USER:a1 - ACTION:get_file_access - DETAILS:{"read": true, "write": true}
2025-11-20T10:48:17.365146 - USER:a1 - ACTION:list_shared_files - DETAILS:{"count": 7}
2025-11-20T10:48:22.367191 - USER:a1 - ACTION:get_file_access - DETAILS:{"read": true, "write": true}
2025-11-20T10:48:22.374797 - USER:a1 - ACTION:list_shared_files - DETAILS:{"count": 7}
2025-11-20T10:48:27.377411 - USER:a1 - ACTION:get_file_access - DETAILS:{"read": true, "write": true}
2025-11-20T10:48:27.385186 - USER:a1 - ACTION:list_shared_files - DETAILS:{"count": 7}
2025-11-20T10:48:32.386855 - USER:a1 - ACTION:get_file_access - DETAILS:{"read": true, "write": true}
2025-11-20T10:48:32.393828 - USER:a1 - ACTION:list_shared_files - DETAILS:{"count": 7}
2025-11-20T10:48:37.395850 - USER:a1 - ACTION:get_file_access - DETAILS:{"read": true, "write": true}
2025-11-20T10:48:37.403591 - USER:a1 - ACTION:list_shared_files - DETAILS:{"count": 7}
2025-11-20T10:48:42.404007 - USER:a1 - ACTION:get_file_access - DETAILS:{"read": true, "write": true}
2025-11-20T10:48:42.443870 - USER:a1 - ACTION:list_shared_files - DETAILS:{"count": 7}
2025-11-20T10:48:47.443759 - USER:a1 - ACTION:get_file_access - DETAILS:{"read": true, "write": true}
2025-11-20T10:48:47.448651 - USER:a1 - ACTION:list_shared_files - DETAILS:{"count": 7}
2025-11-20T10:48:52.448599 - USER:a1 - ACTION:get_file_access - DETAILS:{"read": true, "write": true}
2025-11-20T10:48:52.453332 - USER:a1 - ACTION:list_shared_files - DETAILS:{"count": 7}
2025-11-20T10:48:56.942243 - USER:a1 - ACTION:get_file_access - DETAILS:{"read": true, "write": true}
2025-11-20T10:48:56.947891 - USER:a1 - ACTION:list_shared_files - DETAILS:{"count": 7}
2025-11-20T10:48:56.950469 - USER:a1 - ACTION:download - DETAILS:{"filename": "file_access.log", "size": 157773}
2025-11-20T10:48:57.455918 - USER:a1 - ACTION:get_file_access - DETAILS:{"read": true, "write": true}
2025-11-20T10:48:57.462857 - USER:a1 - ACTION:list_shared_files - DETAILS:{"count": 7}
2025-11-20T10:49:02.465903 - USER:a1 - ACTION:get_file_access - DETAILS:{"read": true, "write": true}
2025-11-20T10:49:02.473394 - USER:a1 - ACTION:list_shared_files - DETAILS:{"count": 7}
2025-11-20T10:49:07.475235 - USER:a1 - ACTION:get_file_access - DETAILS:{"read": true, "write": true}
2025-11-20T10:49:07.482218 - USER:a1 - ACTION:list_shared_files - DETAILS:{"count": 7}
2025-11-20T10:49:12.483080 - USER:a1 - ACTION:get_file_access - DETAILS:{"read": true, "write": true}
2025-11-20T10:49:12.490368 - USER:a1 - ACTION:list_shared_files - DETAILS:{"count": 7}
2025-11-20T10:49:17.489811 - USER:a1 - ACTION:get_file_access - DETAILS:{"read": true, "write": true}
2025-11-20T10:49:17.497631 - USER:a1 - ACTION:list_shared_files - DETAILS:{"count": 7}
2025-11-20T10:49:22.496887 - USER:a1 - ACTION:get_file_access - DETAILS:{"read": true, "write": true}
2025-11-20T10:49:22.501820 - USER:a1 - ACTION:list_shared_files - DETAILS:{"count": 7}
2025-11-20T10:49:27.504813 - USER:a1 - ACTION:get_file_access - DETAILS:{"read": true, "write": true}
2025-11-20T10:49:27.544089 - USER:a1 - ACTION:list_shared_files - DETAILS:{"count": 7}
2025-11-20T10:49:32.546445 - USER:a1 - ACTION:get_file_access - DETAILS:{"read": true, "write": true}
2025-11-20T10:49:32.554573 - USER:a1 - ACTION:list_shared_files - DETAILS:{"count": 7}
2025-11-20T10:49:37.553366 - USER:a1 - ACTION:get_file_access - DETAILS:{"read": true, "write": true}
2025-11-20T10:49:37.559348 - USER:a1 - ACTION:list_shared_files - DETAILS:{"count": 7}
2025-11-20T10:49:42.557607 - USER:a1 - ACTION:get_file_access - DETAILS:{"read": true, "write": true}
2025-11-20T10:49:42.562634 - USER:a1 - ACTION:list_shared_files - DETAILS:{"count": 7}
2025-11-20T10:49:47.563313 - USER:a1 - ACTION:get_file_access - DETAILS:{"read": true, "write": true}
2025-11-20T10:49:47.568069 - USER:a1 - ACTION:list_shared_files - DETAILS:{"count": 7}
2025-11-20T10:49:52.570198 - USER:a1 - ACTION:get_file_access - DETAILS:{"read": true, "write": true}
2025-11-20T10:49:52.575765 - USER:a1 - ACTION:list_shared_files - DETAILS:{"count": 7}
2025-11-20T10:49:56.954485 - USER:a1 - ACTION:get_file_access - DETAILS:{"read": true, "write": true}
2025-11-20T10:49:56.959307 - USER:a1 - ACTION:list_shared_files - DETAILS:{"count": 7}
2025-11-20T10:49:56.961519 - USER:a1 - ACTION:download - DETAILS:{"filename": "file_access.log", "size": 160343}
2025-11-20T10:49:57.576153 - USER:a1 - ACTION:get_file_access - DETAILS:{"read": true, "write": true}
2025-11-20T10:49:57.582694 - USER:a1 - ACTION:list_shared_files - DETAILS:{"count": 7}
2025-11-20T10:50:02.581862 - USER:a1 - ACTION:get_file_access - DETAILS:{"read": true, "write": true}
2025-11-20T10:50:02.587249 - USER:a1 - ACTION:list_shared_files - DETAILS:{"count": 7}
2025-11-20T10:50:07.589059 - USER:a1 - ACTION:get_file_access - DETAILS:{"read": true, "write": true}
2025-11-20T10:50:07.596928 - USER:a1 - ACTION:list_shared_files - DETAILS:{"count": 7}
2025-11-20T10:50:12.596030 - USER:a1 - ACTION:get_file_access - DETAILS:{"read": true, "write": true}
2025-11-20T10:50:12.601771 - USER:a1 - ACTION:list_shared_files - DETAILS:{"count": 7}
2025-11-20T10:50:17.602111 - USER:a1 - ACTION:get_file_access - DETAILS:{"read": true, "write": true}
2025-11-20T10:50:17.606907 - USER:a1 - ACTION:list_shared_files - DETAILS:{"count": 7}
2025-11-20T10:50:22.607428 - USER:a1 - ACTION:get_file_access - DETAILS:{"read": true, "write": true}
2025-11-20T10:50:22.647184 - USER:a1 - ACTION:list_shared_files - DETAILS:{"count": 7}
2025-11-20T10:50:27.648216 - USER:a1 - ACTION:get_file_access - DETAILS:{"read": true, "write": true}
2025-11-20T10:50:27.655193 - USER:a1 - ACTION:list_shared_files - DETAILS:{"count": 7}
2025-11-20T10:50:32.655991 - USER:a1 - ACTION:get_file_access - DETAILS:{"read": true, "write": true}
2025-11-20T10:50:32.662351 - USER:a1 - ACTION:list_shared_files - DETAILS:{"count": 7}
2025-11-20T10:50:37.660959 - USER:a1 - ACTION:get_file_access - DETAILS:{"read": true, "write": true}
2025-11-20T10:50:37.666712 - USER:a1 - ACTION:list_shared_files - DETAILS:{"count": 7}
2025-11-20T10:50:42.666801 - USER:a1 - ACTION:get_file_access - DETAILS:{"read": true, "write": true}
2025-11-20T10:50:42.673042 - USER:a1 - ACTION:list_shared_files - DETAILS:{"count": 7}
2025-11-20T10:50:47.674762 - USER:a1 - ACTION:get_file_access - DETAILS:{"read": true, "write": true}
2025-11-20T10:50:47.682586 - USER:a1 - ACTION:list_shared_files - DETAILS:{"count": 7}
2025-11-20T10:50:52.684858 - USER:a1 - ACTION:get_file_access - DETAILS:{"read": true, "write": true}
2025-11-20T10:50:52.692689 - USER:a1 - ACTION:list_shared_files - DETAILS:{"count": 7}
2025-11-20T10:50:56.965527 - USER:a1 - ACTION:get_file_access - DETAILS:{"read": true, "write": true}
2025-11-20T10:50:56.970517 - USER:a1 - ACTION:list_shared_files - DETAILS:{"count": 7}
2025-11-20T10:50:56.974112 - USER:a1 - ACTION:download - DETAILS:{"filename": "file_access.log", "size": 162913}
2025-11-20T10:50:57.693164 - USER:a1 - ACTION:get_file_access - DETAILS:{"read": true, "write": true}
2025-11-20T10:50:57.701226 - USER:a1 - ACTION:list_shared_files - DETAILS:{"count": 7}
2025-11-20T10:51:02.701460 - USER:a1 - ACTION:get_file_access - DETAILS:{"read": true, "write": true}
2025-11-20T10:51:02.708021 - USER:a1 - ACTION:list_shared_files - DETAILS:{"count": 7}
2025-11-20T10:51:07.708432 - USER:a1 - ACTION:get_file_access - DETAILS:{"read": true, "write": true}
2025-11-20T10:51:07.714203 - USER:a1 - ACTION:list_shared_files - DETAILS:{"count": 7}
2025-11-20T10:51:12.715532 - USER:a1 - ACTION:get_file_access - DETAILS:{"read": true, "write": true}
2025-11-20T10:51:12.721872 - USER:a1 - ACTION:list_shared_files - DETAILS:{"count": 7}
2025-11-20T10:51:17.722809 - USER:a1 - ACTION:get_file_access - DETAILS:{"read": true, "write": true}
2025-11-20T10:51:17.730198 - USER:a1 - ACTION:list_shared_files - DETAILS:{"count": 7}
2025-11-20T10:51:22.731369 - USER:a1 - ACTION:get_file_access - DETAILS:{"read": true, "write": true}
2025-11-20T10:51:22.741722 - USER:a1 - ACTION:list_shared_files - DETAILS:{"count": 7}
2025-11-20T10:51:27.738259 - USER:a1 - ACTION:get_file_access - DETAILS:{"read": true, "write": true}
2025-11-20T10:51:27.820570 - USER:a1 - ACTION:list_shared_files - DETAILS:{"count": 7}
2025-11-20T10:51:32.812584 - USER:a1 - ACTION:get_file_access - DETAILS:{"read": true, "write": true}
2025-11-20T10:51:32.823846 - USER:a1 - ACTION:list_shared_files - DETAILS:{"count": 7}
2025-11-20T10:51:37.817673 - USER:a1 - ACTION:get_file_access - DETAILS:{"read": true, "write": true}
2025-11-20T10:51:37.829881 - USER:a1 - ACTION:list_shared_files - DETAILS:{"count": 7}
2025-11-20T10:51:42.822276 - USER:a1 - ACTION:get_file_access - DETAILS:{"read": true, "write": true}
2025-11-20T10:51:42.833938 - USER:a1 - ACTION:list_shared_files - DETAILS:{"count": 7}
2025-11-20T10:51:47.827031 - USER:a1 - ACTION:get_file_access - DETAILS:{"read": true, "write": true}
2025-11-20T10:51:47.839432 - USER:a1 - ACTION:list_shared_files - DETAILS:{"count": 7}
2025-11-20T10:51:52.832924 - USER:a1 - ACTION:get_file_access - DETAILS:{"read": true, "write": true}
2025-11-20T10:51:52.844071 - USER:a1 - ACTION:list_shared_files - DETAILS:{"count": 7}
2025-11-20T10:51:56.979303 - USER:a1 - ACTION:get_file_access - DETAILS:{"read": true, "write": true}
2025-11-20T10:51:56.985039 - USER:a1 - ACTION:list_shared_files - DETAILS:{"count": 7}
2025-11-20T10:51:56.987850 - USER:a1 - ACTION:download - DETAILS:{"filename": "file_access.log", "size": 165483}
2025-11-20T10:51:57.838228 - USER:a1 - ACTION:get_file_access - DETAILS:{"read": true, "write": true}
2025-11-20T10:51:57.848572 - USER:a1 - ACTION:list_shared_files - DETAILS:{"count": 7}
2025-11-20T10:52:02.845501 - USER:a1 - ACTION:get_file_access - DETAILS:{"read": true, "write": true}
2025-11-20T10:52:02.854935 - USER:a1 - ACTION:list_shared_files - DETAILS:{"count": 7}
2025-11-20T10:52:07.853352 - USER:a1 - ACTION:get_file_access - DETAILS:{"read": true, "write": true}
2025-11-20T10:52:07.860279 - USER:a1 - ACTION:list_shared_files - DETAILS:{"count": 7}
2025-11-20T10:52:12.862118 - USER:a1 - ACTION:get_file_access - DETAILS:{"read": true, "write": true}
2025-11-20T10:52:12.870490 - USER:a1 - ACTION:list_shared_files - DETAILS:{"count": 7}
2025-11-20T10:52:17.871897 - USER:a1 - ACTION:get_file_access - DETAILS:{"read": true, "write": true}
2025-11-20T10:52:17.879552 - USER:a1 - ACTION:list_shared_files - DETAILS:{"count": 7}
2025-11-20T10:52:22.880215 - USER:a1 - ACTION:get_file_access - DETAILS:{"read": true, "write": true}
2025-11-20T10:52:22.887647 - USER:a1 - ACTION:list_shared_files - DETAILS:{"count": 7}
2025-11-20T10:52:27.887888 - USER:a1 - ACTION:get_file_access - DETAILS:{"read": true, "write": true}
2025-11-20T10:52:27.895542 - USER:a1 - ACTION:list_shared_files - DETAILS:{"count": 7}
2025-11-20T10:52:32.895485 - USER:a1 - ACTION:get_file_access - DETAILS:{"read": true, "write": true}
2025-11-20T10:52:32.902338 - USER:a1 - ACTION:list_shared_files - DETAILS:{"count": 7}
2025-11-20T10:52:37.902421 - USER:a1 - ACTION:get_file_access - DETAILS:{"read": true, "write": true}
2025-11-20T10:52:37.908640 - USER:a1 - ACTION:list_shared_files - DETAILS:{"count": 7}
2025-11-20T10:52:42.910437 - USER:a1 - ACTION:get_file_access - DETAILS:{"read": true, "write": true}
2025-11-20T10:52:42.920315 - USER:a1 - ACTION:list_shared_files - DETAILS:{"count": 7}
2025-11-20T10:52:47.921241 - USER:a1 - ACTION:get_file_access - DETAILS:{"read": true, "write": true}
2025-11-20T10:52:47.926465 - USER:a1 - ACTION:list_shared_files - DETAILS:{"count": 7}
2025-11-20T10:52:52.929353 - USER:a1 - ACTION:get_file_access - DETAILS:{"read": true, "write": true}
2025-11-20T10:52:52.936896 - USER:a1 - ACTION:list_shared_files - DETAILS:{"count": 7}
2025-11-20T10:52:56.991310 - USER:a1 - ACTION:get_file_access - DETAILS:{"read": true, "write": true}
2025-11-20T10:52:56.995285 - USER:a1 - ACTION:list_shared_files - DETAILS:{"count": 7}
2025-11-20T10:52:56.998930 - USER:a1 - ACTION:download - DETAILS:{"filename": "file_access.log", "size": 168053}
2025-11-20T10:52:57.938989 - USER:a1 - ACTION:get_file_access - DETAILS:{"read": true, "write": true}
2025-11-20T10:52:57.946555 - USER:a1 - ACTION:list_shared_files - DETAILS:{"count": 7}
2025-11-20T10:53:02.945160 - USER:a1 - ACTION:get_file_access - DETAILS:{"read": true, "write": true}
2025-11-20T10:53:02.949342 - USER:a1 - ACTION:list_shared_files - DETAILS:{"count": 7}
2025-11-20T10:53:07.949916 - USER:a1 - ACTION:get_file_access - DETAILS:{"read": true, "write": true}
2025-11-20T10:53:08.045269 - USER:a1 - ACTION:list_shared_files - DETAILS:{"count": 7}
2025-11-20T10:53:13.042962 - USER:a1 - ACTION:get_file_access - DETAILS:{"read": true, "write": true}
2025-11-20T10:53:13.049807 - USER:a1 - ACTION:list_shared_files - DETAILS:{"count": 7}
2025-11-20T10:53:18.046511 - USER:a1 - ACTION:get_file_access - DETAILS:{"read": true, "write": true}
2025-11-20T10:53:18.052752 - USER:a1 - ACTION:list_shared_files - DETAILS:{"count": 7}
2025-11-20T10:53:23.053346 - USER:a1 - ACTION:get_file_access - DETAILS:{"read": true, "write": true}
2025-11-20T10:53:23.060614 - USER:a1 - ACTION:list_shared_files - DETAILS:{"count": 7}
2025-11-20T10:53:28.059075 - USER:a1 - ACTION:get_file_access - DETAILS:{"read": true, "write": true}
2025-11-20T10:53:28.064834 - USER:a1 - ACTION:list_shared_files - DETAILS:{"count": 7}
2025-11-20T10:53:33.062664 - USER:a1 - ACTION:get_file_access - DETAILS:{"read": true, "write": true}
2025-11-20T10:53:33.068012 - USER:a1 - ACTION:list_shared_files - DETAILS:{"count": 7}
2025-11-20T10:53:38.070375 - USER:a1 - ACTION:get_file_access - DETAILS:{"read": true, "write": true}
2025-11-20T10:53:38.076092 - USER:a1 - ACTION:list_shared_files - DETAILS:{"count": 7}
2025-11-20T10:53:43.076405 - USER:a1 - ACTION:get_file_access - DETAILS:{"read": true, "write": true}
2025-11-20T10:53:43.081349 - USER:a1 - ACTION:list_shared_files - DETAILS:{"count": 7}
2025-11-20T10:53:48.082840 - USER:a1 - ACTION:get_file_access - DETAILS:{"read": true, "write": true}
2025-11-20T10:53:48.089863 - USER:a1 - ACTION:list_shared_files - DETAILS:{"count": 7}
2025-11-20T10:53:53.091339 - USER:a1 - ACTION:get_file_access - DETAILS:{"read": true, "write": true}
2025-11-20T10:53:53.097717 - USER:a1 - ACTION:list_shared_files - DETAILS:{"count": 7}
2025-11-20T10:53:57.004679 - USER:a1 - ACTION:get_file_access - DETAILS:{"read": true, "write": true}
2025-11-20T10:53:57.012261 - USER:a1 - ACTION:list_shared_files - DETAILS:{"count": 7}
2025-11-20T10:53:57.016981 - USER:a1 - ACTION:download - DETAILS:{"filename": "file_access.log", "size": 170623}
2025-11-20T10:53:58.097926 - USER:a1 - ACTION:get_file_access - DETAILS:{"read": true, "write": true}
2025-11-20T10:53:58.106182 - USER:a1 - ACTION:list_shared_files - DETAILS:{"count": 7}
2025-11-20T10:54:03.107163 - USER:a1 - ACTION:get_file_access - DETAILS:{"read": true, "write": true}
2025-11-20T10:54:03.113300 - USER:a1 - ACTION:list_shared_files - DETAILS:{"count": 7}
2025-11-20T10:54:08.115611 - USER:a1 - ACTION:get_file_access - DETAILS:{"read": true, "write": true}
2025-11-20T10:54:08.124131 - USER:a1 - ACTION:list_shared_files - DETAILS:{"count": 7}
2025-11-20T10:54:13.124473 - USER:a1 - ACTION:get_file_access - DETAILS:{"read": true, "write": true}
2025-11-20T10:54:13.129325 - USER:a1 - ACTION:list_shared_files - DETAILS:{"count": 7}
2025-11-20T10:54:18.131971 - USER:a1 - ACTION:get_file_access - DETAILS:{"read": true, "write": true}
2025-11-20T10:54:18.138645 - USER:a1 - ACTION:list_shared_files - DETAILS:{"count": 7}
2025-11-20T10:54:23.138664 - USER:a1 - ACTION:get_file_access - DETAILS:{"read": true, "write": true}
2025-11-20T10:54:23.145533 - USER:a1 - ACTION:list_shared_files - DETAILS:{"count": 7}
2025-11-20T10:54:28.146715 - USER:a1 - ACTION:get_file_access - DETAILS:{"read": true, "write": true}
2025-11-20T10:54:28.154907 - USER:a1 - ACTION:list_shared_files - DETAILS:{"count": 7}
2025-11-20T10:54:33.154010 - USER:a1 - ACTION:get_file_access - DETAILS:{"read": true, "write": true}
2025-11-20T10:54:33.163227 - USER:a1 - ACTION:list_shared_files - DETAILS:{"count": 7}
2025-11-20T10:54:38.160990 - USER:a1 - ACTION:get_file_access - DETAILS:{"read": true, "write": true}
2025-11-20T10:54:38.169541 - USER:a1 - ACTION:list_shared_files - DETAILS:{"count": 7}
2025-11-20T10:54:43.172272 - USER:a1 - ACTION:get_file_access - DETAILS:{"read": true, "write": true}
2025-11-20T10:54:43.180490 - USER:a1 - ACTION:list_shared_files - DETAILS:{"count": 7}
2025-11-20T10:54:48.182610 - USER:a1 - ACTION:get_file_access - DETAILS:{"read": true, "write": true}
2025-11-20T10:54:48.190966 - USER:a1 - ACTION:list_shared_files - DETAILS:{"count": 7}
2025-11-20T10:54:53.188863 - USER:a1 - ACTION:get_file_access - DETAILS:{"read": true, "write": true}
2025-11-20T10:54:53.194288 - USER:a1 - ACTION:list_shared_files - DETAILS:{"count": 7}
2025-11-20T10:54:57.026075 - USER:a1 - ACTION:get_file_access - DETAILS:{"read": true, "write": true}
2025-11-20T10:54:57.033171 - USER:a1 - ACTION:list_shared_files - DETAILS:{"count": 7}
2025-11-20T10:54:57.036325 - USER:a1 - ACTION:download - DETAILS:{"filename": "file_access.log", "size": 173193}
2025-11-20T10:54:58.198791 - USER:a1 - ACTION:get_file_access - DETAILS:{"read": true, "write": true}
2025-11-20T10:54:58.206080 - USER:a1 - ACTION:list_shared_files - DETAILS:{"count": 7}
2025-11-20T10:55:03.206964 - USER:a1 - ACTION:get_file_access - DETAILS:{"read": true, "write": true}
2025-11-20T10:55:03.214928 - USER:a1 - ACTION:list_shared_files - DETAILS:{"count": 7}
2025-11-20T10:55:08.213078 - USER:a1 - ACTION:get_file_access - DETAILS:{"read": true, "write": true}
2025-11-20T10:55:08.218273 - USER:a1 - ACTION:list_shared_files - DETAILS:{"count": 7}
2025-11-20T10:55:13.219390 - USER:a1 - ACTION:get_file_access - DETAILS:{"read": true, "write": true}
2025-11-20T10:55:13.226348 - USER:a1 - ACTION:list_shared_files - DETAILS:{"count": 7}
2025-11-20T10:55:18.228244 - USER:a1 - ACTION:get_file_access - DETAILS:{"read": true, "write": true}
2025-11-20T10:55:18.235280 - USER:a1 - ACTION:list_shared_files - DETAILS:{"count": 7}
2025-11-20T10:55:23.237189 - USER:a1 - ACTION:get_file_access - DETAILS:{"read": true, "write": true}
2025-11-20T10:55:23.244297 - USER:a1 - ACTION:list_shared_files - DETAILS:{"count": 7}
2025-11-20T10:55:28.248039 - USER:a1 - ACTION:get_file_access - DETAILS:{"read": true, "write": true}
2025-11-20T10:55:28.256612 - USER:a1 - ACTION:list_shared_files - DETAILS:{"count": 7}
2025-11-20T10:55:33.258530 - USER:a1 - ACTION:get_file_access - DETAILS:{"read": true, "write": true}
2025-11-20T10:55:33.266027 - USER:a1 - ACTION:list_shared_files - DETAILS:{"count": 7}
2025-11-20T10:55:38.268614 - USER:a1 - ACTION:get_file_access - DETAILS:{"read": true, "write": true}
2025-11-20T10:55:38.274784 - USER:a1 - ACTION:list_shared_files - DETAILS:{"count": 7}
2025-11-20T10:55:43.275502 - USER:a1 - ACTION:get_file_access - DETAILS:{"read": true, "write": true}
2025-11-20T10:55:43.283155 - USER:a1 - ACTION:list_shared_files - DETAILS:{"count": 7}
2025-11-20T10:55:48.285104 - USER:a1 - ACTION:get_file_access - DETAILS:{"read": true, "write": true}
2025-11-20T10:55:48.292229 - USER:a1 - ACTION:list_shared_files - DETAILS:{"count": 7}
2025-11-20T10:55:53.296138 - USER:a1 - ACTION:get_file_access - DETAILS:{"read": true, "write": true}
2025-11-20T10:55:53.304276 - USER:a1 - ACTION:list_shared_files - DETAILS:{"count": 7}
2025-11-20T10:55:57.044284 - USER:a1 - ACTION:get_file_access - DETAILS:{"read": true, "write": true}
2025-11-20T10:55:57.051556 - USER:a1 - ACTION:list_shared_files - DETAILS:{"count": 7}
2025-11-20T10:55:57.053826 - USER:a1 - ACTION:download - DETAILS:{"filename": "file_access.log", "size": 175763}
2025-11-20T10:55:58.306316 - USER:a1 - ACTION:get_file_access - DETAILS:{"read": true, "write": true}
2025-11-20T10:55:58.313800 - USER:a1 - ACTION:list_shared_files - DETAILS:{"count": 7}
2025-11-20T10:56:03.315437 - USER:a1 - ACTION:get_file_access - DETAILS:{"read": true, "write": true}
2025-11-20T10:56:03.322268 - USER:a1 - ACTION:list_shared_files - DETAILS:{"count": 7}
2025-11-20T10:56:08.321962 - USER:a1 - ACTION:get_file_access - DETAILS:{"read": true, "write": true}
2025-11-20T10:56:08.327679 - USER:a1 - ACTION:list_shared_files - DETAILS:{"count": 7}
2025-11-20T10:56:13.327792 - USER:a1 - ACTION:get_file_access - DETAILS:{"read": true, "write": true}
2025-11-20T10:56:13.331100 - USER:a1 - ACTION:list_shared_files - DETAILS:{"count": 7}
2025-11-20T10:56:18.334848 - USER:a1 - ACTION:get_file_access - DETAILS:{"read": true, "write": true}
2025-11-20T10:56:18.341870 - USER:a1 - ACTION:list_shared_files - DETAILS:{"count": 7}
2025-11-20T19:33:13.684471 - USER:a1 - ACTION:get_file_access - DETAILS:{"read": true, "write": true}
2025-11-20T19:33:13.866106 - USER:a1 - ACTION:list_shared_files - DETAILS:{"count": 7}
2025-11-20T19:33:13.869627 - USER:a1 - ACTION:download - DETAILS:{"filename": "file_access.log", "size": 177010}
2025-11-20T19:33:13.883614 - USER:a1 - ACTION:get_file_access - DETAILS:{"read": true, "write": true}
2025-11-20T19:33:13.887103 - USER:a1 - ACTION:list_shared_files - DETAILS:{"count": 7}
2025-11-20T19:33:18.887007 - USER:a1 - ACTION:get_file_access - DETAILS:{"read": true, "write": true}
2025-11-20T19:33:18.891728 - USER:a1 - ACTION:list_shared_files - DETAILS:{"count": 7}
2025-11-20T19:33:23.893235 - USER:a1 - ACTION:get_file_access - DETAILS:{"read": true, "write": true}
2025-11-20T19:33:23.903651 - USER:a1 - ACTION:list_shared_files - DETAILS:{"count": 7}
2025-11-20T19:33:28.902345 - USER:a1 - ACTION:get_file_access - DETAILS:{"read": true, "write": true}
2025-11-20T19:33:28.908719 - USER:a1 - ACTION:list_shared_files - DETAILS:{"count": 7}
2025-11-20T19:33:33.586209 - USER:a1 - ACTION:get_file_access - DETAILS:{"read": true, "write": true}
2025-11-20T19:33:33.907647 - USER:a1 - ACTION:get_file_access - DETAILS:{"read": true, "write": true}
2025-11-20T19:33:33.913878 - USER:a1 - ACTION:list_shared_files - DETAILS:{"count": 7}
2025-11-20T19:33:38.914642 - USER:a1 - ACTION:get_file_access - DETAILS:{"read": true, "write": true}
2025-11-20T19:33:38.920112 - USER:a1 - ACTION:list_shared_files - DETAILS:{"count": 7}
2025-11-20T19:33:43.920268 - USER:a1 - ACTION:get_file_access - DETAILS:{"read": true, "write": true}
2025-11-20T19:33:43.942796 - USER:a1 - ACTION:list_shared_files - DETAILS:{"count": 7}
2025-11-20T19:33:46.129791 - USER:a1 - ACTION:update_file_access - DETAILS:{"read": false, "write": true}
2025-11-20T19:33:48.923648 - USER:a1 - ACTION:get_file_access - DETAILS:{"read": false, "write": true}
2025-11-20T19:33:53.930707 - USER:a1 - ACTION:get_file_access - DETAILS:{"read": false, "write": true}
2025-11-20T19:33:55.085089 - USER:a1 - ACTION:update_file_access - DETAILS:{"read": false, "write": false}
2025-11-20T19:33:58.938294 - USER:a1 - ACTION:get_file_access - DETAILS:{"read": false, "write": false}
2025-11-20T19:34:03.944532 - USER:a1 - ACTION:get_file_access - DETAILS:{"read": false, "write": false}
2025-11-20T19:34:20.709274 - USER:a1 - ACTION:get_file_access - DETAILS:{"read": false, "write": false}
2025-11-20T19:47:23.174387 - USER:a1 - ACTION:get_file_access - DETAILS:{"read": false, "write": false}
2025-11-20T19:47:23.189293 - USER:a1 - ACTION:get_file_access - DETAILS:{"read": false, "write": false}
2025-11-20T19:47:28.195214 - USER:a1 - ACTION:get_file_access - DETAILS:{"read": false, "write": false}
2025-11-20T19:47:33.206949 - USER:a1 - ACTION:get_file_access - DETAILS:{"read": false, "write": false}
2025-11-20T19:47:38.218163 - USER:a1 - ACTION:get_file_access - DETAILS:{"read": false, "write": false}
2025-11-20T19:47:43.228016 - USER:a1 - ACTION:get_file_access - DETAILS:{"read": false, "write": false}
2025-11-20T19:47:45.773126 - USER:a1 - ACTION:get_file_access - DETAILS:{"read": false, "write": false}
2025-11-20T19:47:48.236906 - USER:a1 - ACTION:get_file_access - DETAILS:{"read": false, "write": false}
2025-11-20T19:47:53.242967 - USER:a1 - ACTION:get_file_access - DETAILS:{"read": false, "write": false}
2025-11-20T19:47:58.248629 - USER:a1 - ACTION:get_file_access - DETAILS:{"read": false, "write": false}
2025-11-20T19:48:03.258072 - USER:a1 - ACTION:get_file_access - DETAILS:{"read": false, "write": false}
2025-11-20T19:48:08.264672 - USER:a1 - ACTION:get_file_access - DETAILS:{"read": false, "write": false}
2025-11-20T19:48:13.273375 - USER:a1 - ACTION:get_file_access - DETAILS:{"read": false, "write": false}
2025-11-20T19:48:18.282893 - USER:a1 - ACTION:get_file_access - DETAILS:{"read": false, "write": false}
2025-11-20T19:48:23.182385 - USER:a1 - ACTION:get_file_access - DETAILS:{"read": false, "write": false}
2025-11-20T19:48:23.287597 - USER:a1 - ACTION:get_file_access - DETAILS:{"read": false, "write": false}
2025-11-20T20:24:16.894550 - USER:a1 - ACTION:get_file_access - DETAILS:{"read": false, "write": false}
2025-11-20T20:24:17.038384 - USER:a1 - ACTION:get_file_access - DETAILS:{"read": false, "write": false}
2025-11-20T20:24:22.041628 - USER:a1 - ACTION:get_file_access - DETAILS:{"read": false, "write": false}
2025-11-20T20:24:27.083576 - USER:a1 - ACTION:get_file_access - DETAILS:{"read": false, "write": false}
2025-11-20T20:24:27.828951 - USER:a1 - ACTION:get_file_access - DETAILS:{"read": false, "write": false}
2025-11-20T20:24:32.126151 - USER:a1 - ACTION:get_file_access - DETAILS:{"read": false, "write": false}
2025-11-20T20:24:37.135617 - USER:a1 - ACTION:get_file_access - DETAILS:{"read": false, "write": false}
2025-11-20T20:24:42.143742 - USER:a1 - ACTION:get_file_access - DETAILS:{"read": false, "write": false}
2025-11-20T20:24:47.150127 - USER:a1 - ACTION:get_file_access - DETAILS:{"read": false, "write": false}
2025-11-20T20:24:52.156925 - USER:a1 - ACTION:get_file_access - DETAILS:{"read": false, "write": false}
2025-11-20T20:24:57.201268 - USER:a1 - ACTION:get_file_access - DETAILS:{"read": false, "write": false}
2025-11-20T20:25:02.211674 - USER:a1 - ACTION:get_file_access - DETAILS:{"read": false, "write": false}
2025-11-20T20:25:07.221677 - USER:a1 - ACTION:get_file_access - DETAILS:{"read": false, "write": false}
2025-11-20T20:25:12.229713 - USER:a1 - ACTION:get_file_access - DETAILS:{"read": false, "write": false}
2025-11-20T20:25:17.028325 - USER:a1 - ACTION:get_file_access - DETAILS:{"read": false, "write": false}
2025-11-20T20:25:17.237746 - USER:a1 - ACTION:get_file_access - DETAILS:{"read": false, "write": false}
2025-11-20T20:25:22.242835 - USER:a1 - ACTION:get_file_access - DETAILS:{"read": false, "write": false}
2025-11-20T20:25:27.252778 - USER:a1 - ACTION:get_file_access - DETAILS:{"read": false, "write": false}
2025-11-20T20:25:32.265146 - USER:a1 - ACTION:get_file_access - DETAILS:{"read": false, "write": false}
2025-11-20T20:25:37.273076 - USER:a1 - ACTION:get_file_access - DETAILS:{"read": false, "write": false}
2025-11-20T20:25:42.283715 - USER:a1 - ACTION:get_file_access - DETAILS:{"read": false, "write": false}
2025-11-20T20:25:47.293324 - USER:a1 - ACTION:get_file_access - DETAILS:{"read": false, "write": false}
2025-11-20T20:25:52.297475 - USER:a1 - ACTION:get_file_access - DETAILS:{"read": false, "write": false}
2025-11-20T20:25:57.302096 - USER:a1 - ACTION:get_file_access - DETAILS:{"read": false, "write": false}
2025-11-20T20:26:02.306783 - USER:a1 - ACTION:get_file_access - DETAILS:{"read": false, "write": false}
2025-11-20T20:26:07.311892 - USER:a1 - ACTION:get_file_access - DETAILS:{"read": false, "write": false}
2025-11-20T20:26:12.316610 - USER:a1 - ACTION:get_file_access - DETAILS:{"read": false, "write": false}
2025-11-20T20:26:17.034613 - USER:a1 - ACTION:get_file_access - DETAILS:{"read": false, "write": false}
2025-11-20T20:26:17.322623 - USER:a1 - ACTION:get_file_access - DETAILS:{"read": false, "write": false}
2025-11-20T20:26:22.327309 - USER:a1 - ACTION:get_file_access - DETAILS:{"read": false, "write": false}
2025-11-20T20:26:27.332994 - USER:a1 - ACTION:get_file_access - DETAILS:{"read": false, "write": false}
2025-11-20T20:26:32.339812 - USER:a1 - ACTION:get_file_access - DETAILS:{"read": false, "write": false}
2025-11-20T20:26:37.343390 - USER:a1 - ACTION:get_file_access - DETAILS:{"read": false, "write": false}
2025-11-20T20:26:42.350248 - USER:a1 - ACTION:get_file_access - DETAILS:{"read": false, "write": false}
2025-11-20T20:26:47.357278 - USER:a1 - ACTION:get_file_access - DETAILS:{"read": false, "write": false}
2025-11-20T20:26:52.361906 - USER:a1 - ACTION:get_file_access - DETAILS:{"read": false, "write": false}
2025-11-20T20:26:57.372132 - USER:a1 - ACTION:get_file_access - DETAILS:{"read": false, "write": false}
2025-11-20T20:27:02.417244 - USER:a1 - ACTION:get_file_access - DETAILS:{"read": false, "write": false}
2025-11-20T20:27:07.427575 - USER:a1 - ACTION:get_file_access - DETAILS:{"read": false, "write": false}
2025-11-20T20:27:12.472494 - USER:a1 - ACTION:get_file_access - DETAILS:{"read": false, "write": false}
2025-11-20T20:27:17.043889 - USER:a1 - ACTION:get_file_access - DETAILS:{"read": false, "write": false}
2025-11-20T20:27:17.481849 - USER:a1 - ACTION:get_file_access - DETAILS:{"read": false, "write": false}
2025-11-20T20:27:22.490784 - USER:a1 - ACTION:get_file_access - DETAILS:{"read": false, "write": false}
2025-11-20T20:27:27.499616 - USER:a1 - ACTION:get_file_access - DETAILS:{"read": false, "write": false}
2025-11-20T20:27:32.510014 - USER:a1 - ACTION:get_file_access - DETAILS:{"read": false, "write": false}
2025-11-20T20:27:37.522270 - USER:a1 - ACTION:get_file_access - DETAILS:{"read": false, "write": false}
2025-11-20T20:27:42.532537 - USER:a1 - ACTION:get_file_access - DETAILS:{"read": false, "write": false}
2025-11-20T20:27:47.542142 - USER:a1 - ACTION:get_file_access - DETAILS:{"read": false, "write": false}
2025-11-20T20:27:52.552524 - USER:a1 - ACTION:get_file_access - DETAILS:{"read": false, "write": false}
2025-11-20T20:27:57.560578 - USER:a1 - ACTION:get_file_access - DETAILS:{"read": false, "write": false}
2025-11-20T20:28:02.604735 - USER:a1 - ACTION:get_file_access - DETAILS:{"read": false, "write": false}
2025-11-20T20:28:07.615405 - USER:a1 - ACTION:get_file_access - DETAILS:{"read": false, "write": false}
2025-11-20T20:28:12.660774 - USER:a1 - ACTION:get_file_access - DETAILS:{"read": false, "write": false}
2025-11-20T20:28:17.051690 - USER:a1 - ACTION:get_file_access - DETAILS:{"read": false, "write": false}
2025-11-20T20:28:17.667287 - USER:a1 - ACTION:get_file_access - DETAILS:{"read": false, "write": false}
2025-11-20T20:28:22.675395 - USER:a1 - ACTION:get_file_access - DETAILS:{"read": false, "write": false}
2025-11-20T20:28:27.683794 - USER:a1 - ACTION:get_file_access - DETAILS:{"read": false, "write": false}
2025-11-20T20:28:32.691833 - USER:a1 - ACTION:get_file_access - DETAILS:{"read": false, "write": false}
2025-11-20T20:28:37.699418 - USER:a1 - ACTION:get_file_access - DETAILS:{"read": false, "write": false}
2025-11-20T20:28:42.709266 - USER:a1 - ACTION:get_file_access - DETAILS:{"read": false, "write": false}
2025-11-20T20:28:47.822546 - USER:a1 - ACTION:get_file_access - DETAILS:{"read": false, "write": false}
2025-11-20T20:28:52.831471 - USER:a1 - ACTION:get_file_access - DETAILS:{"read": false, "write": false}
2025-11-20T20:28:57.842037 - USER:a1 - ACTION:get_file_access - DETAILS:{"read": false, "write": false}
2025-11-20T20:29:02.882263 - USER:a1 - ACTION:get_file_access - DETAILS:{"read": false, "write": false}
2025-11-20T20:29:07.887247 - USER:a1 - ACTION:get_file_access - DETAILS:{"read": false, "write": false}
2025-11-20T20:29:12.927956 - USER:a1 - ACTION:get_file_access - DETAILS:{"read": false, "write": false}
2025-11-20T20:29:17.059864 - USER:a1 - ACTION:get_file_access - DETAILS:{"read": false, "write": false}
2025-11-20T20:29:17.934501 - USER:a1 - ACTION:get_file_access - DETAILS:{"read": false, "write": false}
2025-11-20T20:29:22.947507 - USER:a1 - ACTION:get_file_access - DETAILS:{"read": false, "write": false}
2025-11-20T20:29:27.959598 - USER:a1 - ACTION:get_file_access - DETAILS:{"read": false, "write": false}
2025-11-20T20:29:32.967835 - USER:a1 - ACTION:get_file_access - DETAILS:{"read": false, "write": false}
2025-11-20T20:29:37.976366 - USER:a1 - ACTION:get_file_access - DETAILS:{"read": false, "write": false}
2025-11-20T20:29:42.985030 - USER:a1 - ACTION:get_file_access - DETAILS:{"read": false, "write": false}
2025-11-20T20:29:47.992965 - USER:a1 - ACTION:get_file_access - DETAILS:{"read": false, "write": false}
2025-11-20T20:29:53.002145 - USER:a1 - ACTION:get_file_access - DETAILS:{"read": false, "write": false}
2025-11-20T20:29:58.010928 - USER:a1 - ACTION:get_file_access - DETAILS:{"read": false, "write": false}
2025-11-20T20:30:03.021029 - USER:a1 - ACTION:get_file_access - DETAILS:{"read": false, "write": false}
2025-11-20T20:30:08.032642 - USER:a1 - ACTION:get_file_access - DETAILS:{"read": false, "write": false}
2025-11-20T20:30:13.043980 - USER:a1 - ACTION:get_file_access - DETAILS:{"read": false, "write": false}
2025-11-20T20:30:17.068386 - USER:a1 - ACTION:get_file_access - DETAILS:{"read": false, "write": false}
2025-11-20T20:30:18.055452 - USER:a1 - ACTION:get_file_access - DETAILS:{"read": false, "write": false}
2025-11-20T20:30:23.064414 - USER:a1 - ACTION:get_file_access - DETAILS:{"read": false, "write": false}
2025-11-20T20:30:28.075793 - USER:a1 - ACTION:get_file_access - DETAILS:{"read": false, "write": false}
2025-11-20T20:30:33.084239 - USER:a1 - ACTION:get_file_access - DETAILS:{"read": false, "write": false}
2025-11-20T20:30:38.095236 - USER:a1 - ACTION:get_file_access - DETAILS:{"read": false, "write": false}
2025-11-20T20:30:43.139579 - USER:a1 - ACTION:get_file_access - DETAILS:{"read": false, "write": false}
2025-11-20T20:30:48.149625 - USER:a1 - ACTION:get_file_access - DETAILS:{"read": false, "write": false}
2025-11-20T20:30:53.159480 - USER:a1 - ACTION:get_file_access - DETAILS:{"read": false, "write": false}
2025-11-20T20:30:58.173561 - USER:a1 - ACTION:get_file_access - DETAILS:{"read": false, "write": false}
2025-11-20T20:31:03.217200 - USER:a1 - ACTION:get_file_access - DETAILS:{"read": false, "write": false}
2025-11-20T20:31:08.229240 - USER:a1 - ACTION:get_file_access - DETAILS:{"read": false, "write": false}
2025-11-20T20:31:13.238393 - USER:a1 - ACTION:get_file_access - DETAILS:{"read": false, "write": false}
2025-11-20T20:31:17.078404 - USER:a1 - ACTION:get_file_access - DETAILS:{"read": false, "write": false}
2025-11-20T20:31:18.279814 - USER:a1 - ACTION:get_file_access - DETAILS:{"read": false, "write": false}
2025-11-20T20:31:23.289098 - USER:a1 - ACTION:get_file_access - DETAILS:{"read": false, "write": false}
2025-11-20T20:31:28.296800 - USER:a1 - ACTION:get_file_access - DETAILS:{"read": false, "write": false}
2025-11-20T20:31:33.302173 - USER:a1 - ACTION:get_file_access - DETAILS:{"read": false, "write": false}
2025-11-20T20:31:38.307196 - USER:a1 - ACTION:get_file_access - DETAILS:{"read": false, "write": false}
2025-11-20T20:31:43.312511 - USER:a1 - ACTION:get_file_access - DETAILS:{"read": false, "write": false}
2025-11-20T20:31:48.355826 - USER:a1 - ACTION:get_file_access - DETAILS:{"read": false, "write": false}
2025-11-20T20:31:53.360751 - USER:a1 - ACTION:get_file_access - DETAILS:{"read": false, "write": false}
2025-11-20T20:31:58.401278 - USER:a1 - ACTION:get_file_access - DETAILS:{"read": false, "write": false}
2025-11-20T20:32:03.445872 - USER:a1 - ACTION:get_file_access - DETAILS:{"read": false, "write": false}
2025-11-20T20:32:08.492219 - USER:a1 - ACTION:get_file_access - DETAILS:{"read": false, "write": false}
2025-11-20T20:32:13.503857 - USER:a1 - ACTION:get_file_access - DETAILS:{"read": false, "write": false}
2025-11-20T20:32:17.089449 - USER:a1 - ACTION:get_file_access - DETAILS:{"read": false, "write": false}
2025-11-20T20:32:18.544467 - USER:a1 - ACTION:get_file_access - DETAILS:{"read": false, "write": false}
2025-11-20T20:32:23.552932 - USER:a1 - ACTION:get_file_access - DETAILS:{"read": false, "write": false}
2025-11-20T20:32:28.561960 - USER:a1 - ACTION:get_file_access - DETAILS:{"read": false, "write": false}
2025-11-20T20:32:33.603856 - USER:a1 - ACTION:get_file_access - DETAILS:{"read": false, "write": false}
2025-11-20T20:32:38.643149 - USER:a1 - ACTION:get_file_access - DETAILS:{"read": false, "write": false}
2025-11-20T20:32:43.652012 - USER:a1 - ACTION:get_file_access - DETAILS:{"read": false, "write": false}
2025-11-20T20:32:48.695325 - USER:a1 - ACTION:get_file_access - DETAILS:{"read": false, "write": false}
2025-11-20T20:32:53.705047 - USER:a1 - ACTION:get_file_access - DETAILS:{"read": false, "write": false}
2025-11-20T20:32:58.718873 - USER:a1 - ACTION:get_file_access - DETAILS:{"read": false, "write": false}
2025-11-20T20:33:03.729553 - USER:a1 - ACTION:get_file_access - DETAILS:{"read": false, "write": false}
2025-11-20T20:33:08.775606 - USER:a1 - ACTION:get_file_access - DETAILS:{"read": false, "write": false}
2025-11-20T20:33:13.782114 - USER:a1 - ACTION:get_file_access - DETAILS:{"read": false, "write": false}
2025-11-20T20:33:17.100106 - USER:a1 - ACTION:get_file_access - DETAILS:{"read": false, "write": false}
2025-11-20T20:33:18.797212 - USER:a1 - ACTION:get_file_access - DETAILS:{"read": false, "write": false}
2025-11-20T20:33:23.808638 - USER:a1 - ACTION:get_file_access - DETAILS:{"read": false, "write": false}
2025-11-20T20:33:28.818779 - USER:a1 - ACTION:get_file_access - DETAILS:{"read": false, "write": false}
2025-11-20T20:33:33.827235 - USER:a1 - ACTION:get_file_access - DETAILS:{"read": false, "write": false}
2025-11-20T20:33:38.871161 - USER:a1 - ACTION:get_file_access - DETAILS:{"read": false, "write": false}
2025-11-20T20:33:43.881629 - USER:a1 - ACTION:get_file_access - DETAILS:{"read": false, "write": false}
2025-11-20T20:33:48.893391 - USER:a1 - ACTION:get_file_access - DETAILS:{"read": false, "write": false}
2025-11-20T20:33:53.904139 - USER:a1 - ACTION:get_file_access - DETAILS:{"read": false, "write": false}
2025-11-20T20:33:58.913494 - USER:a1 - ACTION:get_file_access - DETAILS:{"read": false, "write": false}
2025-11-20T20:34:03.921820 - USER:a1 - ACTION:get_file_access - DETAILS:{"read": false, "write": false}
2025-11-20T20:34:08.934090 - USER:a1 - ACTION:get_file_access - DETAILS:{"read": false, "write": false}
2025-11-20T20:34:13.943368 - USER:a1 - ACTION:get_file_access - DETAILS:{"read": false, "write": false}
2025-11-20T20:34:17.141471 - USER:a1 - ACTION:get_file_access - DETAILS:{"read": false, "write": false}
2025-11-20T20:34:18.951317 - USER:a1 - ACTION:get_file_access - DETAILS:{"read": false, "write": false}
2025-11-20T20:34:23.960898 - USER:a1 - ACTION:get_file_access - DETAILS:{"read": false, "write": false}
2025-11-20T20:34:28.970730 - USER:a1 - ACTION:get_file_access - DETAILS:{"read": false, "write": false}
2025-11-20T20:34:33.979074 - USER:a1 - ACTION:get_file_access - DETAILS:{"read": false, "write": false}
2025-11-20T20:34:38.987703 - USER:a1 - ACTION:get_file_access - DETAILS:{"read": false, "write": false}
2025-11-20T20:34:43.998270 - USER:a1 - ACTION:get_file_access - DETAILS:{"read": false, "write": false}
2025-11-20T20:34:49.007385 - USER:a1 - ACTION:get_file_access - DETAILS:{"read": false, "write": false}
2025-11-20T20:34:54.015487 - USER:a1 - ACTION:get_file_access - DETAILS:{"read": false, "write": false}
2025-11-20T20:34:59.028281 - USER:a1 - ACTION:get_file_access - DETAILS:{"read": false, "write": false}
2025-11-20T20:35:04.036882 - USER:a1 - ACTION:get_file_access - DETAILS:{"read": false, "write": false}
2025-11-20T20:35:09.042660 - USER:a1 - ACTION:get_file_access - DETAILS:{"read": false, "write": false}
2025-11-20T20:35:14.051208 - USER:a1 - ACTION:get_file_access - DETAILS:{"read": false, "write": false}
2025-11-20T20:35:17.150438 - USER:a1 - ACTION:get_file_access - DETAILS:{"read": false, "write": false}
2025-11-20T20:35:19.060154 - USER:a1 - ACTION:get_file_access - DETAILS:{"read": false, "write": false}
2025-11-20T20:35:24.070042 - USER:a1 - ACTION:get_file_access - DETAILS:{"read": false, "write": false}
2025-11-20T20:35:29.111159 - USER:a1 - ACTION:get_file_access - DETAILS:{"read": false, "write": false}
2025-11-20T20:35:34.125234 - USER:a1 - ACTION:get_file_access - DETAILS:{"read": false, "write": false}
2025-11-20T20:35:39.136947 - USER:a1 - ACTION:get_file_access - DETAILS:{"read": false, "write": false}
2025-11-20T20:35:44.147905 - USER:a1 - ACTION:get_file_access - DETAILS:{"read": false, "write": false}
2025-11-20T20:35:49.157327 - USER:a1 - ACTION:get_file_access - DETAILS:{"read": false, "write": false}
2025-11-20T20:35:54.168850 - USER:a1 - ACTION:get_file_access - DETAILS:{"read": false, "write": false}
2025-11-20T20:35:59.211535 - USER:a1 - ACTION:get_file_access - DETAILS:{"read": false, "write": false}
2025-11-20T20:36:04.219322 - USER:a1 - ACTION:get_file_access - DETAILS:{"read": false, "write": false}
2025-11-20T20:36:09.229572 - USER:a1 - ACTION:get_file_access - DETAILS:{"read": false, "write": false}
2025-11-20T20:36:14.236081 - USER:a1 - ACTION:get_file_access - DETAILS:{"read": false, "write": false}
2025-11-20T20:36:17.158756 - USER:a1 - ACTION:get_file_access - DETAILS:{"read": false, "write": false}
2025-11-20T20:36:19.244873 - USER:a1 - ACTION:get_file_access - DETAILS:{"read": false, "write": false}
2025-11-20T20:36:24.253477 - USER:a1 - ACTION:get_file_access - DETAILS:{"read": false, "write": false}
2025-11-20T20:36:29.263155 - USER:a1 - ACTION:get_file_access - DETAILS:{"read": false, "write": false}
2025-11-20T20:36:34.271502 - USER:a1 - ACTION:get_file_access - DETAILS:{"read": false, "write": false}
2025-11-20T20:36:39.310016 - USER:a1 - ACTION:get_file_access - DETAILS:{"read": false, "write": false}
2025-11-20T20:36:44.315188 - USER:a1 - ACTION:get_file_access - DETAILS:{"read": false, "write": false}
2025-11-20T20:36:49.354451 - USER:a1 - ACTION:get_file_access - DETAILS:{"read": false, "write": false}
2025-11-20T20:36:54.359706 - USER:a1 - ACTION:get_file_access - DETAILS:{"read": false, "write": false}
2025-11-20T20:36:59.365341 - USER:a1 - ACTION:get_file_access - DETAILS:{"read": false, "write": false}
2025-11-20T20:37:04.372680 - USER:a1 - ACTION:get_file_access - DETAILS:{"read": false, "write": false}
2025-11-20T20:37:09.416965 - USER:a1 - ACTION:get_file_access - DETAILS:{"read": false, "write": false}
2025-11-20T20:37:14.427318 - USER:a1 - ACTION:get_file_access - DETAILS:{"read": false, "write": false}
2025-11-20T20:37:17.167596 - USER:a1 - ACTION:get_file_access - DETAILS:{"read": false, "write": false}
2025-11-20T20:37:19.435478 - USER:a1 - ACTION:get_file_access - DETAILS:{"read": false, "write": false}
2025-11-20T20:37:24.443625 - USER:a1 - ACTION:get_file_access - DETAILS:{"read": false, "write": false}
2025-11-20T20:37:29.452108 - USER:a1 - ACTION:get_file_access - DETAILS:{"read": false, "write": false}
2025-11-20T20:37:34.461880 - USER:a1 - ACTION:get_file_access - DETAILS:{"read": false, "write": false}
2025-11-20T20:37:39.471925 - USER:a1 - ACTION:get_file_access - DETAILS:{"read": false, "write": false}
2025-11-20T20:37:44.481101 - USER:a1 - ACTION:get_file_access - DETAILS:{"read": false, "write": false}
2025-11-20T20:37:49.489698 - USER:a1 - ACTION:get_file_access - DETAILS:{"read": false, "write": false}
2025-11-20T20:37:54.496070 - USER:a1 - ACTION:get_file_access - DETAILS:{"read": false, "write": false}
2025-11-20T20:37:59.503530 - USER:a1 - ACTION:get_file_access - DETAILS:{"read": false, "write": false}
2025-11-20T20:38:04.511989 - USER:a1 - ACTION:get_file_access - DETAILS:{"read": false, "write": false}
2025-11-20T20:38:09.558036 - USER:a1 - ACTION:get_file_access - DETAILS:{"read": false, "write": false}
2025-11-20T20:38:14.603782 - USER:a1 - ACTION:get_file_access - DETAILS:{"read": false, "write": false}
2025-11-20T20:38:17.180833 - USER:a1 - ACTION:get_file_access - DETAILS:{"read": false, "write": false}
2025-11-20T20:38:19.613385 - USER:a1 - ACTION:get_file_access - DETAILS:{"read": false, "write": false}
2025-11-20T20:38:24.624704 - USER:a1 - ACTION:get_file_access - DETAILS:{"read": false, "write": false}
2025-11-20T20:38:29.633159 - USER:a1 - ACTION:get_file_access - DETAILS:{"read": false, "write": false}
2025-11-20T20:38:34.642774 - USER:a1 - ACTION:get_file_access - DETAILS:{"read": false, "write": false}
2025-11-20T20:38:39.655231 - USER:a1 - ACTION:get_file_access - DETAILS:{"read": false, "write": false}
2025-11-20T20:38:44.661427 - USER:a1 - ACTION:get_file_access - DETAILS:{"read": false, "write": false}
2025-11-20T20:38:49.669464 - USER:a1 - ACTION:get_file_access - DETAILS:{"read": false, "write": false}
2025-11-20T20:38:54.677133 - USER:a1 - ACTION:get_file_access - DETAILS:{"read": false, "write": false}
2025-11-20T20:38:59.688293 - USER:a1 - ACTION:get_file_access - DETAILS:{"read": false, "write": false}
2025-11-20T20:39:04.699486 - USER:a1 - ACTION:get_file_access - DETAILS:{"read": false, "write": false}
2025-11-20T20:39:09.709310 - USER:a1 - ACTION:get_file_access - DETAILS:{"read": false, "write": false}
2025-11-20T20:39:14.755797 - USER:a1 - ACTION:get_file_access - DETAILS:{"read": false, "write": false}
2025-11-20T20:39:17.191641 - USER:a1 - ACTION:get_file_access - DETAILS:{"read": false, "write": false}
2025-11-20T20:39:19.765935 - USER:a1 - ACTION:get_file_access - DETAILS:{"read": false, "write": false}
2025-11-20T20:39:24.777449 - USER:a1 - ACTION:get_file_access - DETAILS:{"read": false, "write": false}
2025-11-20T20:39:29.787618 - USER:a1 - ACTION:get_file_access - DETAILS:{"read": false, "write": false}
2025-11-20T20:39:34.798919 - USER:a1 - ACTION:get_file_access - DETAILS:{"read": false, "write": false}
2025-11-20T20:39:39.808483 - USER:a1 - ACTION:get_file_access - DETAILS:{"read": false, "write": false}
2025-11-20T20:39:44.819923 - USER:a1 - ACTION:get_file_access - DETAILS:{"read": false, "write": false}
2025-11-20T20:39:49.830932 - USER:a1 - ACTION:get_file_access - DETAILS:{"read": false, "write": false}
2025-11-20T20:39:54.842114 - USER:a1 - ACTION:get_file_access - DETAILS:{"read": false, "write": false}
2025-11-20T20:39:59.852693 - USER:a1 - ACTION:get_file_access - DETAILS:{"read": false, "write": false}
2025-11-20T20:40:04.896254 - USER:a1 - ACTION:get_file_access - DETAILS:{"read": false, "write": false}
2025-11-20T20:40:09.905607 - USER:a1 - ACTION:get_file_access - DETAILS:{"read": false, "write": false}
2025-11-20T20:40:14.950763 - USER:a1 - ACTION:get_file_access - DETAILS:{"read": false, "write": false}
2025-11-20T20:40:17.236727 - USER:a1 - ACTION:get_file_access - DETAILS:{"read": false, "write": false}
2025-11-20T20:40:19.961418 - USER:a1 - ACTION:get_file_access - DETAILS:{"read": false, "write": false}
2025-11-20T20:40:24.971621 - USER:a1 - ACTION:get_file_access - DETAILS:{"read": false, "write": false}
2025-11-20T20:40:30.018469 - USER:a1 - ACTION:get_file_access - DETAILS:{"read": false, "write": false}
2025-11-20T20:40:35.027461 - USER:a1 - ACTION:get_file_access - DETAILS:{"read": false, "write": false}
2025-11-20T20:40:40.036162 - USER:a1 - ACTION:get_file_access - DETAILS:{"read": false, "write": false}
2025-11-20T20:40:45.046208 - USER:a1 - ACTION:get_file_access - DETAILS:{"read": false, "write": false}
2025-11-20T20:40:50.092115 - USER:a1 - ACTION:get_file_access - DETAILS:{"read": false, "write": false}
2025-11-20T20:40:55.102702 - USER:a1 - ACTION:get_file_access - DETAILS:{"read": false, "write": false}
2025-11-20T20:41:00.114803 - USER:a1 - ACTION:get_file_access - DETAILS:{"read": false, "write": false}
2025-11-20T20:41:05.125350 - USER:a1 - ACTION:get_file_access - DETAILS:{"read": false, "write": false}
2025-11-20T20:41:10.133790 - USER:a1 - ACTION:get_file_access - DETAILS:{"read": false, "write": false}
2025-11-20T20:41:15.177804 - USER:a1 - ACTION:get_file_access - DETAILS:{"read": false, "write": false}
2025-11-20T20:41:17.244994 - USER:a1 - ACTION:get_file_access - DETAILS:{"read": false, "write": false}
2025-11-20T20:41:20.188582 - USER:a1 - ACTION:get_file_access - DETAILS:{"read": false, "write": false}
2025-11-20T20:41:25.197560 - USER:a1 - ACTION:get_file_access - DETAILS:{"read": false, "write": false}
2025-11-20T20:41:30.206004 - USER:a1 - ACTION:get_file_access - DETAILS:{"read": false, "write": false}
2025-11-20T20:41:35.216397 - USER:a1 - ACTION:get_file_access - DETAILS:{"read": false, "write": false}
2025-11-20T20:41:40.225597 - USER:a1 - ACTION:get_file_access - DETAILS:{"read": false, "write": false}
2025-11-20T20:41:45.272783 - USER:a1 - ACTION:get_file_access - DETAILS:{"read": false, "write": false}
2025-11-20T20:41:50.282771 - USER:a1 - ACTION:get_file_access - DETAILS:{"read": false, "write": false}
2025-11-20T20:41:55.293264 - USER:a1 - ACTION:get_file_access - DETAILS:{"read": false, "write": false}
2025-11-20T20:42:00.331894 - USER:a1 - ACTION:get_file_access - DETAILS:{"read": false, "write": false}
2025-11-20T20:42:05.337734 - USER:a1 - ACTION:get_file_access - DETAILS:{"read": false, "write": false}
2025-11-20T20:42:10.346152 - USER:a1 - ACTION:get_file_access - DETAILS:{"read": false, "write": false}
2025-11-20T20:42:15.391793 - USER:a1 - ACTION:get_file_access - DETAILS:{"read": false, "write": false}
2025-11-20T20:42:17.256655 - USER:a1 - ACTION:get_file_access - DETAILS:{"read": false, "write": false}
2025-11-20T20:42:20.400687 - USER:a1 - ACTION:get_file_access - DETAILS:{"read": false, "write": false}
2025-11-20T20:42:25.411641 - USER:a1 - ACTION:get_file_access - DETAILS:{"read": false, "write": false}
2025-11-20T20:42:30.422719 - USER:a1 - ACTION:get_file_access - DETAILS:{"read": false, "write": false}
2025-11-20T20:42:35.433282 - USER:a1 - ACTION:get_file_access - DETAILS:{"read": false, "write": false}
2025-11-20T20:42:40.440778 - USER:a1 - ACTION:get_file_access - DETAILS:{"read": false, "write": false}
2025-11-20T20:42:45.451220 - USER:a1 - ACTION:get_file_access - DETAILS:{"read": false, "write": false}
2025-11-20T20:42:50.458935 - USER:a1 - ACTION:get_file_access - DETAILS:{"read": false, "write": false}
2025-11-20T20:43:37.111157 - USER:a1 - ACTION:get_file_access - DETAILS:{"read": false, "write": false}
2025-11-20T20:43:37.130510 - USER:a1 - ACTION:get_file_access - DETAILS:{"read": false, "write": false}
2025-11-20T20:43:42.137121 - USER:a1 - ACTION:get_file_access - DETAILS:{"read": false, "write": false}
2025-11-20T20:43:47.144513 - USER:a1 - ACTION:get_file_access - DETAILS:{"read": false, "write": false}
2025-11-20T20:43:52.184518 - USER:a1 - ACTION:get_file_access - DETAILS:{"read": false, "write": false}
2025-11-20T20:43:57.191157 - USER:a1 - ACTION:get_file_access - DETAILS:{"read": false, "write": false}
2025-11-20T20:44:02.199008 - USER:a1 - ACTION:get_file_access - DETAILS:{"read": false, "write": false}
2025-11-20T20:44:07.204910 - USER:a1 - ACTION:get_file_access - DETAILS:{"read": false, "write": false}
2025-11-20T20:44:12.210258 - USER:a1 - ACTION:get_file_access - DETAILS:{"read": false, "write": false}
2025-11-20T20:44:17.217865 - USER:a1 - ACTION:get_file_access - DETAILS:{"read": false, "write": false}
2025-11-20T20:44:22.226276 - USER:a1 - ACTION:get_file_access - DETAILS:{"read": false, "write": false}
2025-11-20T20:44:27.270973 - USER:a1 - ACTION:get_file_access - DETAILS:{"read": false, "write": false}
2025-11-20T20:44:32.309740 - USER:a1 - ACTION:get_file_access - DETAILS:{"read": false, "write": false}
2025-11-20T20:44:37.118288 - USER:a1 - ACTION:get_file_access - DETAILS:{"read": false, "write": false}
2025-11-20T20:44:37.381916 - USER:a1 - ACTION:get_file_access - DETAILS:{"read": false, "write": false}
2025-11-20T20:44:42.386505 - USER:a1 - ACTION:get_file_access - DETAILS:{"read": false, "write": false}
2025-11-20T20:44:47.430688 - USER:a1 - ACTION:get_file_access - DETAILS:{"read": false, "write": false}
2025-11-20T20:44:52.439431 - USER:a1 - ACTION:get_file_access - DETAILS:{"read": false, "write": false}
2025-11-20T20:44:57.449080 - USER:a1 - ACTION:get_file_access - DETAILS:{"read": false, "write": false}
2025-11-20T20:45:02.459271 - USER:a1 - ACTION:get_file_access - DETAILS:{"read": false, "write": false}
2025-11-20T20:45:07.467913 - USER:a1 - ACTION:get_file_access - DETAILS:{"read": false, "write": false}
2025-11-20T20:45:12.475157 - USER:a1 - ACTION:get_file_access - DETAILS:{"read": false, "write": false}
2025-11-20T20:45:17.482121 - USER:a1 - ACTION:get_file_access - DETAILS:{"read": false, "write": false}
2025-11-20T20:45:22.526942 - USER:a1 - ACTION:get_file_access - DETAILS:{"read": false, "write": false}
2025-11-20T20:45:27.533875 - USER:a1 - ACTION:get_file_access - DETAILS:{"read": false, "write": false}
2025-11-20T20:45:32.578086 - USER:a1 - ACTION:get_file_access - DETAILS:{"read": false, "write": false}
2025-11-20T20:45:37.161572 - USER:a1 - ACTION:get_file_access - DETAILS:{"read": false, "write": false}
2025-11-20T20:45:37.586159 - USER:a1 - ACTION:get_file_access - DETAILS:{"read": false, "write": false}
2025-11-20T20:45:42.594745 - USER:a1 - ACTION:get_file_access - DETAILS:{"read": false, "write": false}
2025-11-20T20:45:47.640372 - USER:a1 - ACTION:get_file_access - DETAILS:{"read": false, "write": false}
2025-11-20T20:45:52.682779 - USER:a1 - ACTION:get_file_access - DETAILS:{"read": false, "write": false}
2025-11-20T20:45:57.724429 - USER:a1 - ACTION:get_file_access - DETAILS:{"read": false, "write": false}
2025-11-20T20:46:02.768528 - USER:a1 - ACTION:get_file_access - DETAILS:{"read": false, "write": false}
2025-11-20T20:46:07.810255 - USER:a1 - ACTION:get_file_access - DETAILS:{"read": false, "write": false}
2025-11-20T20:46:12.820014 - USER:a1 - ACTION:get_file_access - DETAILS:{"read": false, "write": false}
2025-11-20T20:46:17.864669 - USER:a1 - ACTION:get_file_access - DETAILS:{"read": false, "write": false}
2025-11-20T20:46:22.904492 - USER:a1 - ACTION:get_file_access - DETAILS:{"read": false, "write": false}
2025-11-20T20:46:27.948022 - USER:a1 - ACTION:get_file_access - DETAILS:{"read": false, "write": false}
2025-11-20T20:46:32.992688 - USER:a1 - ACTION:get_file_access - DETAILS:{"read": false, "write": false}
2025-11-20T20:46:37.169466 - USER:a1 - ACTION:get_file_access - DETAILS:{"read": false, "write": false}
2025-11-20T20:46:38.032891 - USER:a1 - ACTION:get_file_access - DETAILS:{"read": false, "write": false}
2025-11-20T20:46:43.040442 - USER:a1 - ACTION:get_file_access - DETAILS:{"read": false, "write": false}
2025-11-20T20:46:48.084712 - USER:a1 - ACTION:get_file_access - DETAILS:{"read": false, "write": false}
2025-11-20T20:46:53.093074 - USER:a1 - ACTION:get_file_access - DETAILS:{"read": false, "write": false}
2025-11-20T20:46:58.102343 - USER:a1 - ACTION:get_file_access - DETAILS:{"read": false, "write": false}
2025-11-20T20:47:03.110765 - USER:a1 - ACTION:get_file_access - DETAILS:{"read": false, "write": false}
2025-11-20T20:47:08.155975 - USER:a1 - ACTION:get_file_access - DETAILS:{"read": false, "write": false}
2025-11-20T20:47:13.163638 - USER:a1 - ACTION:get_file_access - DETAILS:{"read": false, "write": false}
2025-11-20T20:47:18.171186 - USER:a1 - ACTION:get_file_access - DETAILS:{"read": false, "write": false}
2025-11-20T20:47:23.214628 - USER:a1 - ACTION:get_file_access - DETAILS:{"read": false, "write": false}
2025-11-20T20:47:28.224319 - USER:a1 - ACTION:get_file_access - DETAILS:{"read": false, "write": false}
2025-11-20T20:47:33.234091 - USER:a1 - ACTION:get_file_access - DETAILS:{"read": false, "write": false}
2025-11-20T20:47:37.177434 - USER:a1 - ACTION:get_file_access - DETAILS:{"read": false, "write": false}
2025-11-20T20:47:38.243763 - USER:a1 - ACTION:get_file_access - DETAILS:{"read": false, "write": false}
2025-11-20T20:47:43.253008 - USER:a1 - ACTION:get_file_access - DETAILS:{"read": false, "write": false}
2025-11-20T20:47:48.263897 - USER:a1 - ACTION:get_file_access - DETAILS:{"read": false, "write": false}
2025-11-20T20:47:53.272838 - USER:a1 - ACTION:get_file_access - DETAILS:{"read": false, "write": false}
2025-11-20T20:47:58.283818 - USER:a1 - ACTION:get_file_access - DETAILS:{"read": false, "write": false}
2025-11-20T20:48:03.323209 - USER:a1 - ACTION:get_file_access - DETAILS:{"read": false, "write": false}
2025-11-20T20:48:08.328305 - USER:a1 - ACTION:get_file_access - DETAILS:{"read": false, "write": false}
2025-11-20T20:48:13.333020 - USER:a1 - ACTION:get_file_access - DETAILS:{"read": false, "write": false}
2025-11-20T20:48:18.338495 - USER:a1 - ACTION:get_file_access - DETAILS:{"read": false, "write": false}
2025-11-20T20:48:23.346003 - USER:a1 - ACTION:get_file_access - DETAILS:{"read": false, "write": false}
2025-11-20T20:48:28.356071 - USER:a1 - ACTION:get_file_access - DETAILS:{"read": false, "write": false}
2025-11-20T20:48:33.366065 - USER:a1 - ACTION:get_file_access - DETAILS:{"read": false, "write": false}
2025-11-20T20:48:37.221030 - USER:a1 - ACTION:get_file_access - DETAILS:{"read": false, "write": false}
2025-11-20T20:48:38.373799 - USER:a1 - ACTION:get_file_access - DETAILS:{"read": false, "write": false}
2025-11-20T20:48:43.384321 - USER:a1 - ACTION:get_file_access - DETAILS:{"read": false, "write": false}
2025-11-20T20:48:48.391802 - USER:a1 - ACTION:get_file_access - DETAILS:{"read": false, "write": false}
2025-11-20T20:48:53.436975 - USER:a1 - ACTION:get_file_access - DETAILS:{"read": false, "write": false}
2025-11-20T20:48:58.445594 - USER:a1 - ACTION:get_file_access - DETAILS:{"read": false, "write": false}
2025-11-20T20:49:03.565938 - USER:a1 - ACTION:get_file_access - DETAILS:{"read": false, "write": false}
2025-11-20T20:49:08.571989 - USER:a1 - ACTION:get_file_access - DETAILS:{"read": false, "write": false}
2025-11-20T20:49:13.576454 - USER:a1 - ACTION:get_file_access - DETAILS:{"read": false, "write": false}
2025-11-20T20:49:18.621099 - USER:a1 - ACTION:get_file_access - DETAILS:{"read": false, "write": false}
2025-11-20T20:49:23.634771 - USER:a1 - ACTION:get_file_access - DETAILS:{"read": false, "write": false}
2025-11-20T20:49:28.678923 - USER:a1 - ACTION:get_file_access - DETAILS:{"read": false, "write": false}
2025-11-20T20:49:33.722223 - USER:a1 - ACTION:get_file_access - DETAILS:{"read": false, "write": false}
2025-11-20T20:49:37.263715 - USER:a1 - ACTION:get_file_access - DETAILS:{"read": false, "write": false}
2025-11-20T20:49:38.767869 - USER:a1 - ACTION:get_file_access - DETAILS:{"read": false, "write": false}
2025-11-20T20:49:43.776979 - USER:a1 - ACTION:get_file_access - DETAILS:{"read": false, "write": false}
2025-11-20T20:49:48.820483 - USER:a1 - ACTION:get_file_access - DETAILS:{"read": false, "write": false}
2025-11-20T20:49:53.829623 - USER:a1 - ACTION:get_file_access - DETAILS:{"read": false, "write": false}
2025-11-20T20:49:58.836776 - USER:a1 - ACTION:get_file_access - DETAILS:{"read": false, "write": false}
2025-11-20T20:50:03.882502 - USER:a1 - ACTION:get_file_access - DETAILS:{"read": false, "write": false}
2025-11-20T20:50:08.927484 - USER:a1 - ACTION:get_file_access - DETAILS:{"read": false, "write": false}
2025-11-20T20:50:13.935600 - USER:a1 - ACTION:get_file_access - DETAILS:{"read": false, "write": false}
2025-11-20T20:50:18.977393 - USER:a1 - ACTION:get_file_access - DETAILS:{"read": false, "write": false}
2025-11-20T20:50:23.986344 - USER:a1 - ACTION:get_file_access - DETAILS:{"read": false, "write": false}
2025-11-20T20:50:28.996707 - USER:a1 - ACTION:get_file_access - DETAILS:{"read": false, "write": false}
2025-11-20T20:50:34.041401 - USER:a1 - ACTION:get_file_access - DETAILS:{"read": false, "write": false}
2025-11-20T20:50:37.302275 - USER:a1 - ACTION:get_file_access - DETAILS:{"read": false, "write": false}
2025-11-20T20:50:39.086006 - USER:a1 - ACTION:get_file_access - DETAILS:{"read": false, "write": false}
2025-11-20T20:50:44.094652 - USER:a1 - ACTION:get_file_access - DETAILS:{"read": false, "write": false}
2025-11-20T20:50:49.138108 - USER:a1 - ACTION:get_file_access - DETAILS:{"read": false, "write": false}
2025-11-20T20:50:54.182156 - USER:a1 - ACTION:get_file_access - DETAILS:{"read": false, "write": false}
2025-11-20T20:50:59.226121 - USER:a1 - ACTION:get_file_access - DETAILS:{"read": false, "write": false}
2025-11-20T20:51:04.271061 - USER:a1 - ACTION:get_file_access - DETAILS:{"read": false, "write": false}
2025-11-20T20:51:09.280771 - USER:a1 - ACTION:get_file_access - DETAILS:{"read": false, "write": false}
2025-11-20T20:51:14.289632 - USER:a1 - ACTION:get_file_access - DETAILS:{"read": false, "write": false}
2025-11-20T20:51:19.328269 - USER:a1 - ACTION:get_file_access - DETAILS:{"read": false, "write": false}
2025-11-20T20:51:24.332912 - USER:a1 - ACTION:get_file_access - DETAILS:{"read": false, "write": false}
2025-11-20T20:51:29.377430 - USER:a1 - ACTION:get_file_access - DETAILS:{"read": false, "write": false}
2025-11-20T20:51:34.420467 - USER:a1 - ACTION:get_file_access - DETAILS:{"read": false, "write": false}
2025-11-20T20:51:37.340648 - USER:a1 - ACTION:get_file_access - DETAILS:{"read": false, "write": false}
2025-11-20T20:51:39.428463 - USER:a1 - ACTION:get_file_access - DETAILS:{"read": false, "write": false}
2025-11-20T20:51:44.436327 - USER:a1 - ACTION:get_file_access - DETAILS:{"read": false, "write": false}
2025-11-20T20:51:49.446230 - USER:a1 - ACTION:get_file_access - DETAILS:{"read": false, "write": false}
2025-11-20T20:51:54.490282 - USER:a1 - ACTION:get_file_access - DETAILS:{"read": false, "write": false}
2025-11-20T20:51:59.499753 - USER:a1 - ACTION:get_file_access - DETAILS:{"read": false, "write": false}
2025-11-20T20:52:04.545746 - USER:a1 - ACTION:get_file_access - DETAILS:{"read": false, "write": false}
2025-11-20T20:52:09.591551 - USER:a1 - ACTION:get_file_access - DETAILS:{"read": false, "write": false}
2025-11-20T20:52:14.601958 - USER:a1 - ACTION:get_file_access - DETAILS:{"read": false, "write": false}
2025-11-20T20:52:19.609114 - USER:a1 - ACTION:get_file_access - DETAILS:{"read": false, "write": false}
2025-11-20T20:52:24.618144 - USER:a1 - ACTION:get_file_access - DETAILS:{"read": false, "write": false}
2025-11-20T20:52:29.662453 - USER:a1 - ACTION:get_file_access - DETAILS:{"read": false, "write": false}
2025-11-20T20:52:34.671631 - USER:a1 - ACTION:get_file_access - DETAILS:{"read": false, "write": false}
2025-11-20T20:52:37.347025 - USER:a1 - ACTION:get_file_access - DETAILS:{"read": false, "write": false}
2025-11-20T20:52:39.679563 - USER:a1 - ACTION:get_file_access - DETAILS:{"read": false, "write": false}
2025-11-20T20:52:44.688374 - USER:a1 - ACTION:get_file_access - DETAILS:{"read": false, "write": false}
2025-11-20T20:52:49.696214 - USER:a1 - ACTION:get_file_access - DETAILS:{"read": false, "write": false}
2025-11-20T20:52:54.704634 - USER:a1 - ACTION:get_file_access - DETAILS:{"read": false, "write": false}
2025-11-20T20:52:59.743643 - USER:a1 - ACTION:get_file_access - DETAILS:{"read": false, "write": false}
2025-11-20T20:53:04.748233 - USER:a1 - ACTION:get_file_access - DETAILS:{"read": false, "write": false}
2025-11-20T20:53:09.753123 - USER:a1 - ACTION:get_file_access - DETAILS:{"read": false, "write": false}
2025-11-20T20:53:14.758606 - USER:a1 - ACTION:get_file_access - DETAILS:{"read": false, "write": false}
2025-11-20T20:53:19.762385 - USER:a1 - ACTION:get_file_access - DETAILS:{"read": false, "write": false}
2025-11-20T20:53:24.766079 - USER:a1 - ACTION:get_file_access - DETAILS:{"read": false, "write": false}
2025-11-20T20:53:29.811539 - USER:a1 - ACTION:get_file_access - DETAILS:{"read": false, "write": false}
2025-11-20T20:53:34.821079 - USER:a1 - ACTION:get_file_access - DETAILS:{"read": false, "write": false}
2025-11-20T20:53:37.350500 - USER:a1 - ACTION:get_file_access - DETAILS:{"read": false, "write": false}
2025-11-20T20:53:39.867915 - USER:a1 - ACTION:get_file_access - DETAILS:{"read": false, "write": false}
2025-11-20T20:53:44.876273 - USER:a1 - ACTION:get_file_access - DETAILS:{"read": false, "write": false}
2025-11-20T20:53:49.919231 - USER:a1 - ACTION:get_file_access - DETAILS:{"read": false, "write": false}
2025-11-20T20:53:54.925776 - USER:a1 - ACTION:get_file_access - DETAILS:{"read": false, "write": false}
2025-11-20T20:53:59.971571 - USER:a1 - ACTION:get_file_access - DETAILS:{"read": false, "write": false}
2025-11-20T20:54:04.980475 - USER:a1 - ACTION:get_file_access - DETAILS:{"read": false, "write": false}
2025-11-20T20:54:10.021946 - USER:a1 - ACTION:get_file_access - DETAILS:{"read": false, "write": false}
2025-11-20T20:54:15.029257 - USER:a1 - ACTION:get_file_access - DETAILS:{"read": false, "write": false}
2025-11-20T20:54:20.039323 - USER:a1 - ACTION:get_file_access - DETAILS:{"read": false, "write": false}
2025-11-20T20:54:25.047713 - USER:a1 - ACTION:get_file_access - DETAILS:{"read": false, "write": false}
2025-11-20T20:54:30.092975 - USER:a1 - ACTION:get_file_access - DETAILS:{"read": false, "write": false}
2025-11-20T20:54:35.102013 - USER:a1 - ACTION:get_file_access - DETAILS:{"read": false, "write": false}
2025-11-20T20:54:37.390776 - USER:a1 - ACTION:get_file_access - DETAILS:{"read": false, "write": false}
2025-11-20T20:54:40.110022 - USER:a1 - ACTION:get_file_access - DETAILS:{"read": false, "write": false}
2025-11-20T20:54:45.120198 - USER:a1 - ACTION:get_file_access - DETAILS:{"read": false, "write": false}
2025-11-20T20:54:50.240233 - USER:a1 - ACTION:get_file_access - DETAILS:{"read": false, "write": false}
2025-11-20T20:54:55.247732 - USER:a1 - ACTION:get_file_access - DETAILS:{"read": false, "write": false}
2025-11-20T20:55:00.290171 - USER:a1 - ACTION:get_file_access - DETAILS:{"read": false, "write": false}
2025-11-20T20:55:05.328933 - USER:a1 - ACTION:get_file_access - DETAILS:{"read": false, "write": false}
2025-11-20T20:55:10.335212 - USER:a1 - ACTION:get_file_access - DETAILS:{"read": false, "write": false}
2025-11-20T20:55:15.343548 - USER:a1 - ACTION:get_file_access - DETAILS:{"read": false, "write": false}
2025-11-20T20:55:20.349847 - USER:a1 - ACTION:get_file_access - DETAILS:{"read": false, "write": false}
2025-11-20T20:55:25.356758 - USER:a1 - ACTION:get_file_access - DETAILS:{"read": false, "write": false}
2025-11-20T20:55:30.400730 - USER:a1 - ACTION:get_file_access - DETAILS:{"read": false, "write": false}
2025-11-20T20:55:35.410289 - USER:a1 - ACTION:get_file_access - DETAILS:{"read": false, "write": false}
2025-11-20T20:55:37.394748 - USER:a1 - ACTION:get_file_access - DETAILS:{"read": false, "write": false}
2025-11-20T20:55:40.454868 - USER:a1 - ACTION:get_file_access - DETAILS:{"read": false, "write": false}
2025-11-20T20:55:45.463979 - USER:a1 - ACTION:get_file_access - DETAILS:{"read": false, "write": false}
2025-11-20T20:55:50.506421 - USER:a1 - ACTION:get_file_access - DETAILS:{"read": false, "write": false}
2025-11-20T20:55:55.515378 - USER:a1 - ACTION:get_file_access - DETAILS:{"read": false, "write": false}
2025-11-20T20:56:00.557899 - USER:a1 - ACTION:get_file_access - DETAILS:{"read": false, "write": false}
2025-11-20T20:56:05.567646 - USER:a1 - ACTION:get_file_access - DETAILS:{"read": false, "write": false}
2025-11-20T20:56:10.578144 - USER:a1 - ACTION:get_file_access - DETAILS:{"read": false, "write": false}
2025-11-20T20:56:15.585392 - USER:a1 - ACTION:get_file_access - DETAILS:{"read": false, "write": false}
2025-11-20T20:56:20.595551 - USER:a1 - ACTION:get_file_access - DETAILS:{"read": false, "write": false}
2025-11-20T20:56:25.638698 - USER:a1 - ACTION:get_file_access - DETAILS:{"read": false, "write": false}
2025-11-20T20:56:30.648435 - USER:a1 - ACTION:get_file_access - DETAILS:{"read": false, "write": false}
2025-11-20T20:56:35.657007 - USER:a1 - ACTION:get_file_access - DETAILS:{"read": false, "write": false}
2025-11-20T20:56:37.402481 - USER:a1 - ACTION:get_file_access - DETAILS:{"read": false, "write": false}
2025-11-20T20:56:40.666492 - USER:a1 - ACTION:get_file_access - DETAILS:{"read": false, "write": false}
2025-11-20T20:56:45.674382 - USER:a1 - ACTION:get_file_access - DETAILS:{"read": false, "write": false}
2025-11-20T20:56:50.684242 - USER:a1 - ACTION:get_file_access - DETAILS:{"read": false, "write": false}
2025-11-20T20:56:55.697934 - USER:a1 - ACTION:get_file_access - DETAILS:{"read": false, "write": false}
2025-11-20T20:57:00.744766 - USER:a1 - ACTION:get_file_access - DETAILS:{"read": false, "write": false}
2025-11-20T20:57:05.752999 - USER:a1 - ACTION:get_file_access - DETAILS:{"read": false, "write": false}
2025-11-20T20:57:10.793760 - USER:a1 - ACTION:get_file_access - DETAILS:{"read": false, "write": false}
2025-11-20T20:57:15.800870 - USER:a1 - ACTION:get_file_access - DETAILS:{"read": false, "write": false}
2025-11-20T20:57:20.808294 - USER:a1 - ACTION:get_file_access - DETAILS:{"read": false, "write": false}
2025-11-20T20:57:25.818274 - USER:a1 - ACTION:get_file_access - DETAILS:{"read": false, "write": false}
2025-11-20T20:57:30.863804 - USER:a1 - ACTION:get_file_access - DETAILS:{"read": false, "write": false}
2025-11-20T20:57:35.907614 - USER:a1 - ACTION:get_file_access - DETAILS:{"read": false, "write": false}
2025-11-20T20:57:37.412784 - USER:a1 - ACTION:get_file_access - DETAILS:{"read": false, "write": false}
2025-11-20T20:57:40.950418 - USER:a1 - ACTION:get_file_access - DETAILS:{"read": false, "write": false}
2025-11-20T20:57:45.958645 - USER:a1 - ACTION:get_file_access - DETAILS:{"read": false, "write": false}
2025-11-20T20:57:51.001300 - USER:a1 - ACTION:get_file_access - DETAILS:{"read": false, "write": false}
2025-11-20T20:57:56.011154 - USER:a1 - ACTION:get_file_access - DETAILS:{"read": false, "write": false}
2025-11-20T20:58:01.054843 - USER:a1 - ACTION:get_file_access - DETAILS:{"read": false, "write": false}
2025-11-20T20:58:06.098799 - USER:a1 - ACTION:get_file_access - DETAILS:{"read": false, "write": false}
2025-11-20T20:58:11.142832 - USER:a1 - ACTION:get_file_access - DETAILS:{"read": false, "write": false}
2025-11-20T20:58:16.151926 - USER:a1 - ACTION:get_file_access - DETAILS:{"read": false, "write": false}
2025-11-20T20:58:21.160942 - USER:a1 - ACTION:get_file_access - DETAILS:{"read": false, "write": false}
2025-11-20T20:58:26.170278 - USER:a1 - ACTION:get_file_access - DETAILS:{"read": false, "write": false}
2025-11-20T20:58:31.181272 - USER:a1 - ACTION:get_file_access - DETAILS:{"read": false, "write": false}
2025-11-20T20:58:35.667087 - USER:a1 - ACTION:get_file_access - DETAILS:{"read": false, "write": false}
2025-11-20T20:58:36.192855 - USER:a1 - ACTION:get_file_access - DETAILS:{"read": false, "write": false}
2025-11-20T20:58:37.419104 - USER:a1 - ACTION:get_file_access - DETAILS:{"read": false, "write": false}
2025-11-20T20:58:41.202505 - USER:a1 - ACTION:get_file_access - DETAILS:{"read": false, "write": false}
2025-11-20T20:58:46.213274 - USER:a1 - ACTION:get_file_access - DETAILS:{"read": false, "write": false}
2025-11-20T20:58:51.224065 - USER:a1 - ACTION:get_file_access - DETAILS:{"read": false, "write": false}
2025-11-20T20:58:56.268586 - USER:a1 - ACTION:get_file_access - DETAILS:{"read": false, "write": false}
2025-11-20T20:59:01.276432 - USER:a1 - ACTION:get_file_access - DETAILS:{"read": false, "write": false}
2025-11-20T20:59:06.287374 - USER:a1 - ACTION:get_file_access - DETAILS:{"read": false, "write": false}
2025-11-20T20:59:11.294627 - USER:a1 - ACTION:get_file_access - DETAILS:{"read": false, "write": false}
2025-11-20T20:59:16.299509 - USER:a1 - ACTION:get_file_access - DETAILS:{"read": false, "write": false}
2025-11-20T20:59:21.303198 - USER:a1 - ACTION:get_file_access - DETAILS:{"read": false, "write": false}
2025-11-20T20:59:26.306581 - USER:a1 - ACTION:get_file_access - DETAILS:{"read": false, "write": false}
2025-11-20T20:59:31.311545 - USER:a1 - ACTION:get_file_access - DETAILS:{"read": false, "write": false}
2025-11-20T20:59:36.350416 - USER:a1 - ACTION:get_file_access - DETAILS:{"read": false, "write": false}
2025-11-20T20:59:37.424718 - USER:a1 - ACTION:get_file_access - DETAILS:{"read": false, "write": false}
2025-11-20T20:59:41.355827 - USER:a1 - ACTION:get_file_access - DETAILS:{"read": false, "write": false}
2025-11-20T20:59:46.398540 - USER:a1 - ACTION:get_file_access - DETAILS:{"read": false, "write": false}
2025-11-20T20:59:51.404940 - USER:a1 - ACTION:get_file_access - DETAILS:{"read": false, "write": false}
2025-11-20T20:59:56.413877 - USER:a1 - ACTION:get_file_access - DETAILS:{"read": false, "write": false}
2025-11-20T21:00:01.421157 - USER:a1 - ACTION:get_file_access - DETAILS:{"read": false, "write": false}
2025-11-20T21:00:06.459878 - USER:a1 - ACTION:get_file_access - DETAILS:{"read": false, "write": false}
2025-11-20T21:00:11.466056 - USER:a1 - ACTION:get_file_access - DETAILS:{"read": false, "write": false}
2025-11-20T21:00:16.471919 - USER:a1 - ACTION:get_file_access - DETAILS:{"read": false, "write": false}
2025-11-20T21:00:21.479517 - USER:a1 - ACTION:get_file_access - DETAILS:{"read": false, "write": false}
2025-11-20T21:00:26.488086 - USER:a1 - ACTION:get_file_access - DETAILS:{"read": false, "write": false}
2025-11-20T21:00:31.496105 - USER:a1 - ACTION:get_file_access - DETAILS:{"read": false, "write": false}
2025-11-20T21:00:36.537833 - USER:a1 - ACTION:get_file_access - DETAILS:{"read": false, "write": false}
2025-11-20T21:00:37.432161 - USER:a1 - ACTION:get_file_access - DETAILS:{"read": false, "write": false}
2025-11-20T21:00:41.579034 - USER:a1 - ACTION:get_file_access - DETAILS:{"read": false, "write": false}
2025-11-20T21:00:46.587857 - USER:a1 - ACTION:get_file_access - DETAILS:{"read": false, "write": false}
2025-11-20T21:00:51.595272 - USER:a1 - ACTION:get_file_access - DETAILS:{"read": false, "write": false}
2025-11-20T21:00:56.605339 - USER:a1 - ACTION:get_file_access - DETAILS:{"read": false, "write": false}
2025-11-20T21:01:01.620438 - USER:a1 - ACTION:get_file_access - DETAILS:{"read": false, "write": false}
2025-11-20T21:01:06.629277 - USER:a1 - ACTION:get_file_access - DETAILS:{"read": false, "write": false}
2025-11-20T21:01:11.635690 - USER:a1 - ACTION:get_file_access - DETAILS:{"read": false, "write": false}
2025-11-20T21:01:16.642279 - USER:a1 - ACTION:get_file_access - DETAILS:{"read": false, "write": false}
2025-11-20T21:01:21.652932 - USER:a1 - ACTION:get_file_access - DETAILS:{"read": false, "write": false}
2025-11-20T21:01:26.659038 - USER:a1 - ACTION:get_file_access - DETAILS:{"read": false, "write": false}
2025-11-20T21:01:31.665381 - USER:a1 - ACTION:get_file_access - DETAILS:{"read": false, "write": false}
2025-11-20T21:01:36.705209 - USER:a1 - ACTION:get_file_access - DETAILS:{"read": false, "write": false}
2025-11-20T21:01:37.441279 - USER:a1 - ACTION:get_file_access - DETAILS:{"read": false, "write": false}
2025-11-20T21:01:41.710681 - USER:a1 - ACTION:get_file_access - DETAILS:{"read": false, "write": false}
2025-11-20T21:01:46.718823 - USER:a1 - ACTION:get_file_access - DETAILS:{"read": false, "write": false}
2025-11-20T21:01:51.763004 - USER:a1 - ACTION:get_file_access - DETAILS:{"read": false, "write": false}
2025-11-20T21:01:56.771960 - USER:a1 - ACTION:get_file_access - DETAILS:{"read": false, "write": false}
2025-11-20T21:02:01.780746 - USER:a1 - ACTION:get_file_access - DETAILS:{"read": false, "write": false}
2025-11-20T21:02:06.825359 - USER:a1 - ACTION:get_file_access - DETAILS:{"read": false, "write": false}
2025-11-20T21:02:11.869132 - USER:a1 - ACTION:get_file_access - DETAILS:{"read": false, "write": false}
2025-11-20T21:02:16.878607 - USER:a1 - ACTION:get_file_access - DETAILS:{"read": false, "write": false}
2025-11-20T21:02:21.887773 - USER:a1 - ACTION:get_file_access - DETAILS:{"read": false, "write": false}
2025-11-20T21:02:26.932612 - USER:a1 - ACTION:get_file_access - DETAILS:{"read": false, "write": false}
2025-11-20T21:02:31.976604 - USER:a1 - ACTION:get_file_access - DETAILS:{"read": false, "write": false}
2025-11-20T21:02:36.984690 - USER:a1 - ACTION:get_file_access - DETAILS:{"read": false, "write": false}
2025-11-20T21:02:37.450773 - USER:a1 - ACTION:get_file_access - DETAILS:{"read": false, "write": false}
2025-11-20T21:02:41.992443 - USER:a1 - ACTION:get_file_access - DETAILS:{"read": false, "write": false}
2025-11-20T21:02:47.001681 - USER:a1 - ACTION:get_file_access - DETAILS:{"read": false, "write": false}
2025-11-20T21:02:52.011799 - USER:a1 - ACTION:get_file_access - DETAILS:{"read": false, "write": false}
2025-11-20T21:02:57.022954 - USER:a1 - ACTION:get_file_access - DETAILS:{"read": false, "write": false}
2025-11-20T21:03:02.032349 - USER:a1 - ACTION:get_file_access - DETAILS:{"read": false, "write": false}
2025-11-20T21:03:07.041536 - USER:a1 - ACTION:get_file_access - DETAILS:{"read": false, "write": false}
2025-11-20T21:03:12.086004 - USER:a1 - ACTION:get_file_access - DETAILS:{"read": false, "write": false}
2025-11-20T21:03:17.096298 - USER:a1 - ACTION:get_file_access - DETAILS:{"read": false, "write": false}
2025-11-20T21:03:22.105083 - USER:a1 - ACTION:get_file_access - DETAILS:{"read": false, "write": false}
2025-11-20T21:03:27.115369 - USER:a1 - ACTION:get_file_access - DETAILS:{"read": false, "write": false}
2025-11-20T21:03:32.124671 - USER:a1 - ACTION:get_file_access - DETAILS:{"read": false, "write": false}
2025-11-20T21:03:37.134705 - USER:a1 - ACTION:get_file_access - DETAILS:{"read": false, "write": false}
2025-11-20T21:03:37.459291 - USER:a1 - ACTION:get_file_access - DETAILS:{"read": false, "write": false}
2025-11-20T21:03:42.144384 - USER:a1 - ACTION:get_file_access - DETAILS:{"read": false, "write": false}
2025-11-20T21:03:47.152557 - USER:a1 - ACTION:get_file_access - DETAILS:{"read": false, "write": false}
2025-11-20T21:03:52.196035 - USER:a1 - ACTION:get_file_access - DETAILS:{"read": false, "write": false}
2025-11-20T21:03:57.205706 - USER:a1 - ACTION:get_file_access - DETAILS:{"read": false, "write": false}
2025-11-20T21:04:02.251438 - USER:a1 - ACTION:get_file_access - DETAILS:{"read": false, "write": false}
2025-11-20T21:04:07.257696 - USER:a1 - ACTION:get_file_access - DETAILS:{"read": false, "write": false}
2025-11-20T21:04:12.265599 - USER:a1 - ACTION:get_file_access - DETAILS:{"read": false, "write": false}
2025-11-20T21:04:17.275765 - USER:a1 - ACTION:get_file_access - DETAILS:{"read": false, "write": false}
2025-11-20T21:04:22.286765 - USER:a1 - ACTION:get_file_access - DETAILS:{"read": false, "write": false}
2025-11-20T21:04:27.295010 - USER:a1 - ACTION:get_file_access - DETAILS:{"read": false, "write": false}
2025-11-20T21:04:32.334458 - USER:a1 - ACTION:get_file_access - DETAILS:{"read": false, "write": false}
2025-11-20T21:04:37.339613 - USER:a1 - ACTION:get_file_access - DETAILS:{"read": false, "write": false}
2025-11-20T21:04:37.468793 - USER:a1 - ACTION:get_file_access - DETAILS:{"read": false, "write": false}
2025-11-20T21:04:42.344221 - USER:a1 - ACTION:get_file_access - DETAILS:{"read": false, "write": false}
2025-11-20T21:04:47.350540 - USER:a1 - ACTION:get_file_access - DETAILS:{"read": false, "write": false}
2025-11-20T21:04:52.356009 - USER:a1 - ACTION:get_file_access - DETAILS:{"read": false, "write": false}
2025-11-20T21:04:57.364037 - USER:a1 - ACTION:get_file_access - DETAILS:{"read": false, "write": false}
2025-11-20T21:05:02.409219 - USER:a1 - ACTION:get_file_access - DETAILS:{"read": false, "write": false}
2025-11-20T21:05:07.418610 - USER:a1 - ACTION:get_file_access - DETAILS:{"read": false, "write": false}
2025-11-20T21:05:12.428511 - USER:a1 - ACTION:get_file_access - DETAILS:{"read": false, "write": false}
2025-11-20T21:05:17.440039 - USER:a1 - ACTION:get_file_access - DETAILS:{"read": false, "write": false}
2025-11-20T21:05:22.450168 - USER:a1 - ACTION:get_file_access - DETAILS:{"read": false, "write": false}
2025-11-20T21:05:27.458396 - USER:a1 - ACTION:get_file_access - DETAILS:{"read": false, "write": false}
2025-11-20T21:05:32.503241 - USER:a1 - ACTION:get_file_access - DETAILS:{"read": false, "write": false}
2025-11-20T21:05:37.476341 - USER:a1 - ACTION:get_file_access - DETAILS:{"read": false, "write": false}
2025-11-20T21:05:37.508142 - USER:a1 - ACTION:get_file_access - DETAILS:{"read": false, "write": false}
2025-11-20T21:05:42.514054 - USER:a1 - ACTION:get_file_access - DETAILS:{"read": false, "write": false}
2025-11-20T21:05:47.521616 - USER:a1 - ACTION:get_file_access - DETAILS:{"read": false, "write": false}
2025-11-20T21:05:52.530853 - USER:a1 - ACTION:get_file_access - DETAILS:{"read": false, "write": false}
2025-11-20T21:05:57.540442 - USER:a1 - ACTION:get_file_access - DETAILS:{"read": false, "write": false}
2025-11-20T21:06:02.546504 - USER:a1 - ACTION:get_file_access - DETAILS:{"read": false, "write": false}
2025-11-20T21:06:07.588622 - USER:a1 - ACTION:get_file_access - DETAILS:{"read": false, "write": false}
2025-11-20T21:06:12.631894 - USER:a1 - ACTION:get_file_access - DETAILS:{"read": false, "write": false}
2025-11-20T21:06:17.637409 - USER:a1 - ACTION:get_file_access - DETAILS:{"read": false, "write": false}
2025-11-20T21:06:22.646322 - USER:a1 - ACTION:get_file_access - DETAILS:{"read": false, "write": false}
2025-11-20T21:06:27.689520 - USER:a1 - ACTION:get_file_access - DETAILS:{"read": false, "write": false}
2025-11-20T21:06:32.698042 - USER:a1 - ACTION:get_file_access - DETAILS:{"read": false, "write": false}
2025-11-20T21:06:37.482845 - USER:a1 - ACTION:get_file_access - DETAILS:{"read": false, "write": false}
2025-11-20T21:06:37.707621 - USER:a1 - ACTION:get_file_access - DETAILS:{"read": false, "write": false}
2025-11-20T21:06:42.716842 - USER:a1 - ACTION:get_file_access - DETAILS:{"read": false, "write": false}
2025-11-20T21:06:47.726350 - USER:a1 - ACTION:get_file_access - DETAILS:{"read": false, "write": false}
2025-11-20T21:06:52.770241 - USER:a1 - ACTION:get_file_access - DETAILS:{"read": false, "write": false}
2025-11-20T21:06:57.811520 - USER:a1 - ACTION:get_file_access - DETAILS:{"read": false, "write": false}
2025-11-20T21:07:02.852807 - USER:a1 - ACTION:get_file_access - DETAILS:{"read": false, "write": false}
2025-11-20T21:07:07.899578 - USER:a1 - ACTION:get_file_access - DETAILS:{"read": false, "write": false}
2025-11-20T21:07:12.905882 - USER:a1 - ACTION:get_file_access - DETAILS:{"read": false, "write": false}
2025-11-20T21:07:17.949038 - USER:a1 - ACTION:get_file_access - DETAILS:{"read": false, "write": false}
2025-11-20T21:07:22.958285 - USER:a1 - ACTION:get_file_access - DETAILS:{"read": false, "write": false}
2025-11-20T21:07:28.002930 - USER:a1 - ACTION:get_file_access - DETAILS:{"read": false, "write": false}
2025-11-20T21:07:33.012435 - USER:a1 - ACTION:get_file_access - DETAILS:{"read": false, "write": false}
2025-11-20T21:07:37.491072 - USER:a1 - ACTION:get_file_access - DETAILS:{"read": false, "write": false}
2025-11-20T21:07:38.021169 - USER:a1 - ACTION:get_file_access - DETAILS:{"read": false, "write": false}
2025-11-20T21:07:43.030696 - USER:a1 - ACTION:get_file_access - DETAILS:{"read": false, "write": false}
2025-11-20T21:07:48.040944 - USER:a1 - ACTION:get_file_access - DETAILS:{"read": false, "write": false}
2025-11-20T21:07:53.049437 - USER:a1 - ACTION:get_file_access - DETAILS:{"read": false, "write": false}
2025-11-20T21:07:58.092578 - USER:a1 - ACTION:get_file_access - DETAILS:{"read": false, "write": false}
2025-11-20T21:08:03.117824 - USER:a1 - ACTION:get_file_access - DETAILS:{"read": false, "write": false}
2025-11-20T21:08:08.127527 - USER:a1 - ACTION:get_file_access - DETAILS:{"read": false, "write": false}
2025-11-20T21:08:13.172141 - USER:a1 - ACTION:get_file_access - DETAILS:{"read": false, "write": false}
2025-11-20T21:08:18.214125 - USER:a1 - ACTION:get_file_access - DETAILS:{"read": false, "write": false}
2025-11-20T21:08:23.223442 - USER:a1 - ACTION:get_file_access - DETAILS:{"read": false, "write": false}
2025-11-20T21:08:28.232661 - USER:a1 - ACTION:get_file_access - DETAILS:{"read": false, "write": false}
2025-11-20T21:08:33.242243 - USER:a1 - ACTION:get_file_access - DETAILS:{"read": false, "write": false}
2025-11-20T21:08:37.498676 - USER:a1 - ACTION:get_file_access - DETAILS:{"read": false, "write": false}
2025-11-20T21:08:38.284823 - USER:a1 - ACTION:get_file_access - DETAILS:{"read": false, "write": false}
2025-11-20T21:08:43.293740 - USER:a1 - ACTION:get_file_access - DETAILS:{"read": false, "write": false}
2025-11-20T21:08:48.296748 - USER:a1 - ACTION:get_file_access - DETAILS:{"read": false, "write": false}
2025-11-20T21:08:53.334911 - USER:a1 - ACTION:get_file_access - DETAILS:{"read": false, "write": false}
2025-11-20T21:08:58.339350 - USER:a1 - ACTION:get_file_access - DETAILS:{"read": false, "write": false}
2025-11-20T21:09:03.346304 - USER:a1 - ACTION:get_file_access - DETAILS:{"read": false, "write": false}
2025-11-20T21:09:08.386784 - USER:a1 - ACTION:get_file_access - DETAILS:{"read": false, "write": false}
2025-11-20T21:09:13.431654 - USER:a1 - ACTION:get_file_access - DETAILS:{"read": false, "write": false}
2025-11-20T21:09:18.478575 - USER:a1 - ACTION:get_file_access - DETAILS:{"read": false, "write": false}
2025-11-20T21:09:23.488615 - USER:a1 - ACTION:get_file_access - DETAILS:{"read": false, "write": false}
2025-11-20T21:09:28.533034 - USER:a1 - ACTION:get_file_access - DETAILS:{"read": false, "write": false}
2025-11-20T21:09:33.540984 - USER:a1 - ACTION:get_file_access - DETAILS:{"read": false, "write": false}
2025-11-20T21:09:37.506904 - USER:a1 - ACTION:get_file_access - DETAILS:{"read": false, "write": false}
2025-11-20T21:09:38.549601 - USER:a1 - ACTION:get_file_access - DETAILS:{"read": false, "write": false}
2025-11-20T21:09:43.559178 - USER:a1 - ACTION:get_file_access - DETAILS:{"read": false, "write": false}
2025-11-20T21:09:48.602307 - USER:a1 - ACTION:get_file_access - DETAILS:{"read": false, "write": false}
2025-11-20T21:09:53.611643 - USER:a1 - ACTION:get_file_access - DETAILS:{"read": false, "write": false}
2025-11-20T21:09:58.620639 - USER:a1 - ACTION:get_file_access - DETAILS:{"read": false, "write": false}
2025-11-20T21:10:03.630260 - USER:a1 - ACTION:get_file_access - DETAILS:{"read": false, "write": false}
2025-11-20T21:10:08.639442 - USER:a1 - ACTION:get_file_access - DETAILS:{"read": false, "write": false}
2025-11-20T21:10:13.648656 - USER:a1 - ACTION:get_file_access - DETAILS:{"read": false, "write": false}
2025-11-20T21:10:18.658492 - USER:a1 - ACTION:get_file_access - DETAILS:{"read": false, "write": false}
2025-11-20T21:10:23.667195 - USER:a1 - ACTION:get_file_access - DETAILS:{"read": false, "write": false}
2025-11-20T21:10:28.707712 - USER:a1 - ACTION:get_file_access - DETAILS:{"read": false, "write": false}
2025-11-20T21:10:33.715879 - USER:a1 - ACTION:get_file_access - DETAILS:{"read": false, "write": false}
2025-11-20T21:10:37.513652 - USER:a1 - ACTION:get_file_access - DETAILS:{"read": false, "write": false}
2025-11-20T21:10:38.758944 - USER:a1 - ACTION:get_file_access - DETAILS:{"read": false, "write": false}
2025-11-20T21:10:43.767805 - USER:a1 - ACTION:get_file_access - DETAILS:{"read": false, "write": false}
2025-11-20T21:10:48.779886 - USER:a1 - ACTION:get_file_access - DETAILS:{"read": false, "write": false}
2025-11-20T21:10:53.787839 - USER:a1 - ACTION:get_file_access - DETAILS:{"read": false, "write": false}
2025-11-20T21:10:58.794524 - USER:a1 - ACTION:get_file_access - DETAILS:{"read": false, "write": false}
2025-11-20T21:11:03.803370 - USER:a1 - ACTION:get_file_access - DETAILS:{"read": false, "write": false}
2025-11-20T21:11:08.847741 - USER:a1 - ACTION:get_file_access - DETAILS:{"read": false, "write": false}
2025-11-20T21:11:13.853724 - USER:a1 - ACTION:get_file_access - DETAILS:{"read": false, "write": false}
2025-11-20T21:11:18.898343 - USER:a1 - ACTION:get_file_access - DETAILS:{"read": false, "write": false}
2025-11-20T21:11:23.941865 - USER:a1 - ACTION:get_file_access - DETAILS:{"read": false, "write": false}
2025-11-20T21:11:28.985765 - USER:a1 - ACTION:get_file_access - DETAILS:{"read": false, "write": false}
2025-11-20T21:11:33.993343 - USER:a1 - ACTION:get_file_access - DETAILS:{"read": false, "write": false}
2025-11-20T21:11:37.557139 - USER:a1 - ACTION:get_file_access - DETAILS:{"read": false, "write": false}
2025-11-20T21:11:39.000963 - USER:a1 - ACTION:get_file_access - DETAILS:{"read": false, "write": false}
2025-11-20T21:11:44.010746 - USER:a1 - ACTION:get_file_access - DETAILS:{"read": false, "write": false}
2025-11-20T21:11:49.019912 - USER:a1 - ACTION:get_file_access - DETAILS:{"read": false, "write": false}
2025-11-20T21:11:54.064881 - USER:a1 - ACTION:get_file_access - DETAILS:{"read": false, "write": false}
2025-11-20T21:11:59.109886 - USER:a1 - ACTION:get_file_access - DETAILS:{"read": false, "write": false}
2025-11-20T21:12:04.152717 - USER:a1 - ACTION:get_file_access - DETAILS:{"read": false, "write": false}
2025-11-20T21:12:09.161764 - USER:a1 - ACTION:get_file_access - DETAILS:{"read": false, "write": false}
2025-11-20T21:12:14.206295 - USER:a1 - ACTION:get_file_access - DETAILS:{"read": false, "write": false}
2025-11-20T21:12:19.247359 - USER:a1 - ACTION:get_file_access - DETAILS:{"read": false, "write": false}
2025-11-20T21:12:24.255144 - USER:a1 - ACTION:get_file_access - DETAILS:{"read": false, "write": false}
2025-11-20T21:12:29.295577 - USER:a1 - ACTION:get_file_access - DETAILS:{"read": false, "write": false}
2025-11-20T21:12:34.300600 - USER:a1 - ACTION:get_file_access - DETAILS:{"read": false, "write": false}
2025-11-20T21:12:37.566052 - USER:a1 - ACTION:get_file_access - DETAILS:{"read": false, "write": false}
2025-11-20T21:12:39.305696 - USER:a1 - ACTION:get_file_access - DETAILS:{"read": false, "write": false}
2025-11-20T21:12:44.312429 - USER:a1 - ACTION:get_file_access - DETAILS:{"read": false, "write": false}
2025-11-20T21:12:49.351394 - USER:a1 - ACTION:get_file_access - DETAILS:{"read": false, "write": false}
2025-11-20T21:12:54.357872 - USER:a1 - ACTION:get_file_access - DETAILS:{"read": false, "write": false}
2025-11-20T21:12:59.364774 - USER:a1 - ACTION:get_file_access - DETAILS:{"read": false, "write": false}
2025-11-20T21:13:04.374736 - USER:a1 - ACTION:get_file_access - DETAILS:{"read": false, "write": false}
2025-11-20T21:13:09.384497 - USER:a1 - ACTION:get_file_access - DETAILS:{"read": false, "write": false}
2025-11-20T21:13:14.394791 - USER:a1 - ACTION:get_file_access - DETAILS:{"read": false, "write": false}
2025-11-20T21:13:19.403774 - USER:a1 - ACTION:get_file_access - DETAILS:{"read": false, "write": false}
2025-11-20T21:13:24.413798 - USER:a1 - ACTION:get_file_access - DETAILS:{"read": false, "write": false}
2025-11-20T21:13:29.422438 - USER:a1 - ACTION:get_file_access - DETAILS:{"read": false, "write": false}
2025-11-20T21:13:34.439306 - USER:a1 - ACTION:get_file_access - DETAILS:{"read": false, "write": false}
2025-11-20T21:13:37.575849 - USER:a1 - ACTION:get_file_access - DETAILS:{"read": false, "write": false}
2025-11-20T21:13:39.449357 - USER:a1 - ACTION:get_file_access - DETAILS:{"read": false, "write": false}
2025-11-20T21:13:44.458629 - USER:a1 - ACTION:get_file_access - DETAILS:{"read": false, "write": false}
2025-11-20T21:13:49.504221 - USER:a1 - ACTION:get_file_access - DETAILS:{"read": false, "write": false}
2025-11-20T21:13:54.512685 - USER:a1 - ACTION:get_file_access - DETAILS:{"read": false, "write": false}
2025-11-20T21:13:59.519663 - USER:a1 - ACTION:get_file_access - DETAILS:{"read": false, "write": false}
2025-11-20T21:14:04.529852 - USER:a1 - ACTION:get_file_access - DETAILS:{"read": false, "write": false}
2025-11-20T21:14:09.539276 - USER:a1 - ACTION:get_file_access - DETAILS:{"read": false, "write": false}
2025-11-20T21:14:14.545335 - USER:a1 - ACTION:get_file_access - DETAILS:{"read": false, "write": false}
2025-11-20T21:14:19.585715 - USER:a1 - ACTION:get_file_access - DETAILS:{"read": false, "write": false}
2025-11-20T21:14:24.592267 - USER:a1 - ACTION:get_file_access - DETAILS:{"read": false, "write": false}
2025-11-20T21:14:29.600293 - USER:a1 - ACTION:get_file_access - DETAILS:{"read": false, "write": false}
2025-11-20T21:14:34.610099 - USER:a1 - ACTION:get_file_access - DETAILS:{"read": false, "write": false}
2025-11-20T21:14:37.584665 - USER:a1 - ACTION:get_file_access - DETAILS:{"read": false, "write": false}
2025-11-20T21:14:39.619379 - USER:a1 - ACTION:get_file_access - DETAILS:{"read": false, "write": false}
2025-11-20T21:14:44.630370 - USER:a1 - ACTION:get_file_access - DETAILS:{"read": false, "write": false}
2025-11-20T21:14:49.638640 - USER:a1 - ACTION:get_file_access - DETAILS:{"read": false, "write": false}
2025-11-20T21:14:54.683596 - USER:a1 - ACTION:get_file_access - DETAILS:{"read": false, "write": false}
2025-11-20T21:14:59.692612 - USER:a1 - ACTION:get_file_access - DETAILS:{"read": false, "write": false}
2025-11-20T21:15:04.700331 - USER:a1 - ACTION:get_file_access - DETAILS:{"read": false, "write": false}
2025-11-20T21:15:09.708711 - USER:a1 - ACTION:get_file_access - DETAILS:{"read": false, "write": false}
2025-11-20T21:15:14.719690 - USER:a1 - ACTION:get_file_access - DETAILS:{"read": false, "write": false}
2025-11-20T21:15:19.730823 - USER:a1 - ACTION:get_file_access - DETAILS:{"read": false, "write": false}
2025-11-20T21:15:24.740272 - USER:a1 - ACTION:get_file_access - DETAILS:{"read": false, "write": false}
2025-11-20T21:15:29.748805 - USER:a1 - ACTION:get_file_access - DETAILS:{"read": false, "write": false}
2025-11-20T21:15:34.759891 - USER:a1 - ACTION:get_file_access - DETAILS:{"read": false, "write": false}
2025-11-20T21:15:37.593005 - USER:a1 - ACTION:get_file_access - DETAILS:{"read": false, "write": false}
2025-11-20T21:15:39.769300 - USER:a1 - ACTION:get_file_access - DETAILS:{"read": false, "write": false}
2025-11-20T21:15:44.777995 - USER:a1 - ACTION:get_file_access - DETAILS:{"read": false, "write": false}
2025-11-20T21:15:49.786715 - USER:a1 - ACTION:get_file_access - DETAILS:{"read": false, "write": false}
2025-11-20T21:15:54.797102 - USER:a1 - ACTION:get_file_access - DETAILS:{"read": false, "write": false}
2025-11-20T21:15:59.805858 - USER:a1 - ACTION:get_file_access - DETAILS:{"read": false, "write": false}
2025-11-20T21:16:04.815910 - USER:a1 - ACTION:get_file_access - DETAILS:{"read": false, "write": false}
2025-11-20T21:16:09.824641 - USER:a1 - ACTION:get_file_access - DETAILS:{"read": false, "write": false}
2025-11-20T21:16:14.830653 - USER:a1 - ACTION:get_file_access - DETAILS:{"read": false, "write": false}
2025-11-20T21:16:19.837999 - USER:a1 - ACTION:get_file_access - DETAILS:{"read": false, "write": false}
2025-11-20T21:16:24.882293 - USER:a1 - ACTION:get_file_access - DETAILS:{"read": false, "write": false}
2025-11-20T21:16:29.891539 - USER:a1 - ACTION:get_file_access - DETAILS:{"read": false, "write": false}
2025-11-20T21:16:34.900910 - USER:a1 - ACTION:get_file_access - DETAILS:{"read": false, "write": false}
2025-11-20T21:16:37.602949 - USER:a1 - ACTION:get_file_access - DETAILS:{"read": false, "write": false}
2025-11-20T21:16:39.941031 - USER:a1 - ACTION:get_file_access - DETAILS:{"read": false, "write": false}
2025-11-20T21:16:44.987343 - USER:a1 - ACTION:get_file_access - DETAILS:{"read": false, "write": false}
2025-11-20T21:16:50.031308 - USER:a1 - ACTION:get_file_access - DETAILS:{"read": false, "write": false}
2025-11-20T21:16:55.075529 - USER:a1 - ACTION:get_file_access - DETAILS:{"read": false, "write": false}
2025-11-20T21:17:00.118148 - USER:a1 - ACTION:get_file_access - DETAILS:{"read": false, "write": false}
2025-11-20T21:17:05.126355 - USER:a1 - ACTION:get_file_access - DETAILS:{"read": false, "write": false}
2025-11-20T21:17:10.170595 - USER:a1 - ACTION:get_file_access - DETAILS:{"read": false, "write": false}
2025-11-20T21:17:15.178769 - USER:a1 - ACTION:get_file_access - DETAILS:{"read": false, "write": false}
2025-11-20T21:17:20.187742 - USER:a1 - ACTION:get_file_access - DETAILS:{"read": false, "write": false}
2025-11-20T21:17:25.200823 - USER:a1 - ACTION:get_file_access - DETAILS:{"read": false, "write": false}
2025-11-20T21:17:30.248044 - USER:a1 - ACTION:get_file_access - DETAILS:{"read": false, "write": false}
2025-11-20T21:17:35.273070 - USER:a1 - ACTION:get_file_access - DETAILS:{"read": false, "write": false}
2025-11-20T21:17:37.611811 - USER:a1 - ACTION:get_file_access - DETAILS:{"read": false, "write": false}
2025-11-20T21:17:40.311939 - USER:a1 - ACTION:get_file_access - DETAILS:{"read": false, "write": false}
2025-11-20T21:17:45.317046 - USER:a1 - ACTION:get_file_access - DETAILS:{"read": false, "write": false}
2025-11-20T21:17:50.321811 - USER:a1 - ACTION:get_file_access - DETAILS:{"read": false, "write": false}
2025-11-20T21:17:55.328284 - USER:a1 - ACTION:get_file_access - DETAILS:{"read": false, "write": false}
2025-11-20T21:18:00.371328 - USER:a1 - ACTION:get_file_access - DETAILS:{"read": false, "write": false}
2025-11-20T21:18:05.380279 - USER:a1 - ACTION:get_file_access - DETAILS:{"read": false, "write": false}
2025-11-20T21:18:10.387977 - USER:a1 - ACTION:get_file_access - DETAILS:{"read": false, "write": false}
2025-11-20T21:18:15.430973 - USER:a1 - ACTION:get_file_access - DETAILS:{"read": false, "write": false}
2025-11-20T21:18:20.441112 - USER:a1 - ACTION:get_file_access - DETAILS:{"read": false, "write": false}
2025-11-20T21:18:25.484494 - USER:a1 - ACTION:get_file_access - DETAILS:{"read": false, "write": false}
2025-11-20T21:18:30.527667 - USER:a1 - ACTION:get_file_access - DETAILS:{"read": false, "write": false}
2025-11-20T21:18:35.570149 - USER:a1 - ACTION:get_file_access - DETAILS:{"read": false, "write": false}
2025-11-20T21:18:37.620811 - USER:a1 - ACTION:get_file_access - DETAILS:{"read": false, "write": false}
2025-11-20T21:18:40.579325 - USER:a1 - ACTION:get_file_access - DETAILS:{"read": false, "write": false}
2025-11-20T21:18:45.584839 - USER:a1 - ACTION:get_file_access - DETAILS:{"read": false, "write": false}
2025-11-20T21:18:50.593191 - USER:a1 - ACTION:get_file_access - DETAILS:{"read": false, "write": false}
2025-11-20T21:18:55.601339 - USER:a1 - ACTION:get_file_access - DETAILS:{"read": false, "write": false}
2025-11-20T21:19:00.609625 - USER:a1 - ACTION:get_file_access - DETAILS:{"read": false, "write": false}
2025-11-20T21:19:05.653213 - USER:a1 - ACTION:get_file_access - DETAILS:{"read": false, "write": false}
2025-11-20T21:19:10.662674 - USER:a1 - ACTION:get_file_access - DETAILS:{"read": false, "write": false}
2025-11-20T21:19:15.701310 - USER:a1 - ACTION:get_file_access - DETAILS:{"read": false, "write": false}
2025-11-20T21:19:20.706118 - USER:a1 - ACTION:get_file_access - DETAILS:{"read": false, "write": false}
2025-11-20T21:19:25.748714 - USER:a1 - ACTION:get_file_access - DETAILS:{"read": false, "write": false}
2025-11-20T21:19:30.791007 - USER:a1 - ACTION:get_file_access - DETAILS:{"read": false, "write": false}
2025-11-20T21:19:35.834132 - USER:a1 - ACTION:get_file_access - DETAILS:{"read": false, "write": false}
2025-11-20T21:19:37.630410 - USER:a1 - ACTION:get_file_access - DETAILS:{"read": false, "write": false}
2025-11-20T21:19:40.843101 - USER:a1 - ACTION:get_file_access - DETAILS:{"read": false, "write": false}
2025-11-20T21:19:45.852298 - USER:a1 - ACTION:get_file_access - DETAILS:{"read": false, "write": false}
2025-11-20T21:19:50.895750 - USER:a1 - ACTION:get_file_access - DETAILS:{"read": false, "write": false}
2025-11-20T21:19:55.940163 - USER:a1 - ACTION:get_file_access - DETAILS:{"read": false, "write": false}
2025-11-20T21:20:00.981560 - USER:a1 - ACTION:get_file_access - DETAILS:{"read": false, "write": false}
2025-11-20T21:20:05.991284 - USER:a1 - ACTION:get_file_access - DETAILS:{"read": false, "write": false}
2025-11-20T21:20:11.038778 - USER:a1 - ACTION:get_file_access - DETAILS:{"read": false, "write": false}
2025-11-20T21:20:16.049164 - USER:a1 - ACTION:get_file_access - DETAILS:{"read": false, "write": false}
2025-11-20T21:20:21.060391 - USER:a1 - ACTION:get_file_access - DETAILS:{"read": false, "write": false}
2025-11-20T21:20:26.105570 - USER:a1 - ACTION:get_file_access - DETAILS:{"read": false, "write": false}
2025-11-20T21:20:31.115565 - USER:a1 - ACTION:get_file_access - DETAILS:{"read": false, "write": false}
2025-11-20T21:20:36.124568 - USER:a1 - ACTION:get_file_access - DETAILS:{"read": false, "write": false}
2025-11-20T21:20:37.635894 - USER:a1 - ACTION:get_file_access - DETAILS:{"read": false, "write": false}
2025-11-20T21:20:41.169792 - USER:a1 - ACTION:get_file_access - DETAILS:{"read": false, "write": false}
2025-11-20T21:20:46.178766 - USER:a1 - ACTION:get_file_access - DETAILS:{"read": false, "write": false}
2025-11-20T21:20:51.188984 - USER:a1 - ACTION:get_file_access - DETAILS:{"read": false, "write": false}
2025-11-20T21:20:56.199749 - USER:a1 - ACTION:get_file_access - DETAILS:{"read": false, "write": false}
2025-11-20T21:21:01.244164 - USER:a1 - ACTION:get_file_access - DETAILS:{"read": false, "write": false}
2025-11-20T21:21:06.253958 - USER:a1 - ACTION:get_file_access - DETAILS:{"read": false, "write": false}
2025-11-20T21:21:11.294614 - USER:a1 - ACTION:get_file_access - DETAILS:{"read": false, "write": false}
2025-11-20T21:21:16.298036 - USER:a1 - ACTION:get_file_access - DETAILS:{"read": false, "write": false}
2025-11-20T21:21:21.302993 - USER:a1 - ACTION:get_file_access - DETAILS:{"read": false, "write": false}
2025-11-20T21:21:26.308094 - USER:a1 - ACTION:get_file_access - DETAILS:{"read": false, "write": false}
2025-11-20T21:21:31.313285 - USER:a1 - ACTION:get_file_access - DETAILS:{"read": false, "write": false}
2025-11-20T21:21:36.318298 - USER:a1 - ACTION:get_file_access - DETAILS:{"read": false, "write": false}
2025-11-20T21:21:37.644294 - USER:a1 - ACTION:get_file_access - DETAILS:{"read": false, "write": false}
2025-11-20T21:21:41.360034 - USER:a1 - ACTION:get_file_access - DETAILS:{"read": false, "write": false}
2025-11-20T21:21:46.365218 - USER:a1 - ACTION:get_file_access - DETAILS:{"read": false, "write": false}
2025-11-20T21:21:51.371290 - USER:a1 - ACTION:get_file_access - DETAILS:{"read": false, "write": false}
2025-11-20T21:21:56.377469 - USER:a1 - ACTION:get_file_access - DETAILS:{"read": false, "write": false}
2025-11-20T21:22:01.386469 - USER:a1 - ACTION:get_file_access - DETAILS:{"read": false, "write": false}
2025-11-20T21:22:06.392483 - USER:a1 - ACTION:get_file_access - DETAILS:{"read": false, "write": false}
2025-11-20T21:22:11.401109 - USER:a1 - ACTION:get_file_access - DETAILS:{"read": false, "write": false}
2025-11-20T21:22:16.409435 - USER:a1 - ACTION:get_file_access - DETAILS:{"read": false, "write": false}
2025-11-20T21:22:21.419402 - USER:a1 - ACTION:get_file_access - DETAILS:{"read": false, "write": false}
2025-11-20T21:22:26.429799 - USER:a1 - ACTION:get_file_access - DETAILS:{"read": false, "write": false}
2025-11-20T21:22:31.434695 - USER:a1 - ACTION:get_file_access - DETAILS:{"read": false, "write": false}
2025-11-20T21:22:36.441828 - USER:a1 - ACTION:get_file_access - DETAILS:{"read": false, "write": false}
2025-11-20T21:22:37.651860 - USER:a1 - ACTION:get_file_access - DETAILS:{"read": false, "write": false}
2025-11-20T21:22:41.447431 - USER:a1 - ACTION:get_file_access - DETAILS:{"read": false, "write": false}
2025-11-20T21:22:46.455911 - USER:a1 - ACTION:get_file_access - DETAILS:{"read": false, "write": false}
2025-11-20T21:22:51.462461 - USER:a1 - ACTION:get_file_access - DETAILS:{"read": false, "write": false}
2025-11-20T21:22:56.466660 - USER:a1 - ACTION:get_file_access - DETAILS:{"read": false, "write": false}
2025-11-20T21:23:01.475357 - USER:a1 - ACTION:get_file_access - DETAILS:{"read": false, "write": false}
2025-11-20T21:23:06.484898 - USER:a1 - ACTION:get_file_access - DETAILS:{"read": false, "write": false}
2025-11-20T21:23:11.529982 - USER:a1 - ACTION:get_file_access - DETAILS:{"read": false, "write": false}
2025-11-20T21:23:16.538524 - USER:a1 - ACTION:get_file_access - DETAILS:{"read": false, "write": false}
2025-11-20T21:23:21.547510 - USER:a1 - ACTION:get_file_access - DETAILS:{"read": false, "write": false}
2025-11-20T21:23:26.556478 - USER:a1 - ACTION:get_file_access - DETAILS:{"read": false, "write": false}
2025-11-20T21:23:31.563702 - USER:a1 - ACTION:get_file_access - DETAILS:{"read": false, "write": false}
2025-11-20T21:23:36.572772 - USER:a1 - ACTION:get_file_access - DETAILS:{"read": false, "write": false}
2025-11-20T21:23:37.659185 - USER:a1 - ACTION:get_file_access - DETAILS:{"read": false, "write": false}
2025-11-20T21:23:41.580174 - USER:a1 - ACTION:get_file_access - DETAILS:{"read": false, "write": false}
2025-11-20T21:23:46.586437 - USER:a1 - ACTION:get_file_access - DETAILS:{"read": false, "write": false}
2025-11-20T21:23:51.627495 - USER:a1 - ACTION:get_file_access - DETAILS:{"read": false, "write": false}
2025-11-20T21:23:56.668878 - USER:a1 - ACTION:get_file_access - DETAILS:{"read": false, "write": false}
2025-11-20T21:24:01.674429 - USER:a1 - ACTION:get_file_access - DETAILS:{"read": false, "write": false}
2025-11-20T21:24:06.715738 - USER:a1 - ACTION:get_file_access - DETAILS:{"read": false, "write": false}
2025-11-20T21:24:11.721586 - USER:a1 - ACTION:get_file_access - DETAILS:{"read": false, "write": false}
2025-11-20T21:24:16.730112 - USER:a1 - ACTION:get_file_access - DETAILS:{"read": false, "write": false}
2025-11-20T21:24:21.739543 - USER:a1 - ACTION:get_file_access - DETAILS:{"read": false, "write": false}
2025-11-20T21:24:26.783751 - USER:a1 - ACTION:get_file_access - DETAILS:{"read": false, "write": false}
2025-11-20T21:24:31.827336 - USER:a1 - ACTION:get_file_access - DETAILS:{"read": false, "write": false}
2025-11-20T21:24:36.836984 - USER:a1 - ACTION:get_file_access - DETAILS:{"read": false, "write": false}
2025-11-20T21:24:37.668537 - USER:a1 - ACTION:get_file_access - DETAILS:{"read": false, "write": false}
2025-11-20T21:24:41.844967 - USER:a1 - ACTION:get_file_access - DETAILS:{"read": false, "write": false}
2025-11-20T21:24:46.853342 - USER:a1 - ACTION:get_file_access - DETAILS:{"read": false, "write": false}
2025-11-20T21:24:51.859909 - USER:a1 - ACTION:get_file_access - DETAILS:{"read": false, "write": false}
2025-11-20T21:24:56.866524 - USER:a1 - ACTION:get_file_access - DETAILS:{"read": false, "write": false}
2025-11-20T21:25:01.874657 - USER:a1 - ACTION:get_file_access - DETAILS:{"read": false, "write": false}
2025-11-20T21:25:06.919711 - USER:a1 - ACTION:get_file_access - DETAILS:{"read": false, "write": false}
2025-11-20T21:25:11.961752 - USER:a1 - ACTION:get_file_access - DETAILS:{"read": false, "write": false}
2025-11-20T21:25:16.970259 - USER:a1 - ACTION:get_file_access - DETAILS:{"read": false, "write": false}
2025-11-20T21:25:21.979502 - USER:a1 - ACTION:get_file_access - DETAILS:{"read": false, "write": false}
2025-11-20T21:25:27.024202 - USER:a1 - ACTION:get_file_access - DETAILS:{"read": false, "write": false}
2025-11-20T21:25:32.033455 - USER:a1 - ACTION:get_file_access - DETAILS:{"read": false, "write": false}
2025-11-20T21:25:37.080091 - USER:a1 - ACTION:get_file_access - DETAILS:{"read": false, "write": false}
2025-11-20T21:25:37.674743 - USER:a1 - ACTION:get_file_access - DETAILS:{"read": false, "write": false}
2025-11-20T21:25:42.124052 - USER:a1 - ACTION:get_file_access - DETAILS:{"read": false, "write": false}
2025-11-20T21:25:47.135391 - USER:a1 - ACTION:get_file_access - DETAILS:{"read": false, "write": false}
2025-11-20T21:25:52.179931 - USER:a1 - ACTION:get_file_access - DETAILS:{"read": false, "write": false}
2025-11-20T21:25:57.189386 - USER:a1 - ACTION:get_file_access - DETAILS:{"read": false, "write": false}
2025-11-20T21:26:02.232285 - USER:a1 - ACTION:get_file_access - DETAILS:{"read": false, "write": false}
2025-11-20T21:26:07.275805 - USER:a1 - ACTION:get_file_access - DETAILS:{"read": false, "write": false}
2025-11-20T21:26:12.285882 - USER:a1 - ACTION:get_file_access - DETAILS:{"read": false, "write": false}
2025-11-20T21:26:17.294527 - USER:a1 - ACTION:get_file_access - DETAILS:{"read": false, "write": false}
2025-11-20T21:26:22.300096 - USER:a1 - ACTION:get_file_access - DETAILS:{"read": false, "write": false}
2025-11-20T21:26:27.304765 - USER:a1 - ACTION:get_file_access - DETAILS:{"read": false, "write": false}
2025-11-20T21:26:32.309987 - USER:a1 - ACTION:get_file_access - DETAILS:{"read": false, "write": false}
2025-11-20T21:26:37.349457 - USER:a1 - ACTION:get_file_access - DETAILS:{"read": false, "write": false}
2025-11-20T21:26:37.680102 - USER:a1 - ACTION:get_file_access - DETAILS:{"read": false, "write": false}
2025-11-20T21:26:42.354218 - USER:a1 - ACTION:get_file_access - DETAILS:{"read": false, "write": false}
2025-11-20T21:26:47.360049 - USER:a1 - ACTION:get_file_access - DETAILS:{"read": false, "write": false}
2025-11-20T21:26:52.365716 - USER:a1 - ACTION:get_file_access - DETAILS:{"read": false, "write": false}
2025-11-20T21:26:57.410356 - USER:a1 - ACTION:get_file_access - DETAILS:{"read": false, "write": false}
2025-11-20T21:27:02.420845 - USER:a1 - ACTION:get_file_access - DETAILS:{"read": false, "write": false}
2025-11-20T21:27:07.428785 - USER:a1 - ACTION:get_file_access - DETAILS:{"read": false, "write": false}
2025-11-20T21:27:12.437099 - USER:a1 - ACTION:get_file_access - DETAILS:{"read": false, "write": false}
2025-11-20T21:27:17.446949 - USER:a1 - ACTION:get_file_access - DETAILS:{"read": false, "write": false}
2025-11-20T21:27:22.456920 - USER:a1 - ACTION:get_file_access - DETAILS:{"read": false, "write": false}
2025-11-20T21:27:27.501033 - USER:a1 - ACTION:get_file_access - DETAILS:{"read": false, "write": false}
2025-11-20T21:27:32.508944 - USER:a1 - ACTION:get_file_access - DETAILS:{"read": false, "write": false}
2025-11-20T21:27:37.515833 - USER:a1 - ACTION:get_file_access - DETAILS:{"read": false, "write": false}
2025-11-20T21:27:37.688380 - USER:a1 - ACTION:get_file_access - DETAILS:{"read": false, "write": false}
2025-11-20T21:27:42.522148 - USER:a1 - ACTION:get_file_access - DETAILS:{"read": false, "write": false}
2025-11-20T21:27:47.529827 - USER:a1 - ACTION:get_file_access - DETAILS:{"read": false, "write": false}
2025-11-20T21:27:52.538203 - USER:a1 - ACTION:get_file_access - DETAILS:{"read": false, "write": false}
2025-11-20T21:27:57.545764 - USER:a1 - ACTION:get_file_access - DETAILS:{"read": false, "write": false}
2025-11-20T21:28:02.554274 - USER:a1 - ACTION:get_file_access - DETAILS:{"read": false, "write": false}
2025-11-20T21:28:07.559907 - USER:a1 - ACTION:get_file_access - DETAILS:{"read": false, "write": false}
2025-11-20T21:28:12.635134 - USER:a1 - ACTION:get_file_access - DETAILS:{"read": false, "write": false}
2025-11-20T21:28:17.647781 - USER:a1 - ACTION:get_file_access - DETAILS:{"read": false, "write": false}
2025-11-20T21:28:22.694316 - USER:a1 - ACTION:get_file_access - DETAILS:{"read": false, "write": false}
2025-11-20T21:28:27.703830 - USER:a1 - ACTION:get_file_access - DETAILS:{"read": false, "write": false}
2025-11-20T21:28:32.714952 - USER:a1 - ACTION:get_file_access - DETAILS:{"read": false, "write": false}
2025-11-20T21:28:37.696579 - USER:a1 - ACTION:get_file_access - DETAILS:{"read": false, "write": false}
2025-11-20T21:28:37.721654 - USER:a1 - ACTION:get_file_access - DETAILS:{"read": false, "write": false}
2025-11-20T21:28:42.726650 - USER:a1 - ACTION:get_file_access - DETAILS:{"read": false, "write": false}
2025-11-20T21:28:47.736889 - USER:a1 - ACTION:get_file_access - DETAILS:{"read": false, "write": false}
2025-11-20T21:28:52.746374 - USER:a1 - ACTION:get_file_access - DETAILS:{"read": false, "write": false}
2025-11-20T21:28:57.792266 - USER:a1 - ACTION:get_file_access - DETAILS:{"read": false, "write": false}
2025-11-20T21:29:02.802415 - USER:a1 - ACTION:get_file_access - DETAILS:{"read": false, "write": false}
2025-11-20T21:29:07.811042 - USER:a1 - ACTION:get_file_access - DETAILS:{"read": false, "write": false}
2025-11-20T21:29:12.885054 - USER:a1 - ACTION:get_file_access - DETAILS:{"read": false, "write": false}
2025-11-20T21:29:17.893272 - USER:a1 - ACTION:get_file_access - DETAILS:{"read": false, "write": false}
2025-11-20T21:29:22.901888 - USER:a1 - ACTION:get_file_access - DETAILS:{"read": false, "write": false}
2025-11-20T21:29:27.946072 - USER:a1 - ACTION:get_file_access - DETAILS:{"read": false, "write": false}
2025-11-20T21:29:32.955799 - USER:a1 - ACTION:get_file_access - DETAILS:{"read": false, "write": false}
2025-11-20T21:29:37.704975 - USER:a1 - ACTION:get_file_access - DETAILS:{"read": false, "write": false}
2025-11-20T21:29:37.966012 - USER:a1 - ACTION:get_file_access - DETAILS:{"read": false, "write": false}
2025-11-20T21:29:42.974310 - USER:a1 - ACTION:get_file_access - DETAILS:{"read": false, "write": false}
2025-11-20T21:29:47.982726 - USER:a1 - ACTION:get_file_access - DETAILS:{"read": false, "write": false}
2025-11-20T21:29:52.992907 - USER:a1 - ACTION:get_file_access - DETAILS:{"read": false, "write": false}
2025-11-20T21:29:58.036363 - USER:a1 - ACTION:get_file_access - DETAILS:{"read": false, "write": false}
2025-11-20T21:30:03.079851 - USER:a1 - ACTION:get_file_access - DETAILS:{"read": false, "write": false}
2025-11-20T21:30:08.087919 - USER:a1 - ACTION:get_file_access - DETAILS:{"read": false, "write": false}
2025-11-20T21:30:13.093862 - USER:a1 - ACTION:get_file_access - DETAILS:{"read": false, "write": false}
2025-11-20T21:30:18.103329 - USER:a1 - ACTION:get_file_access - DETAILS:{"read": false, "write": false}
2025-11-20T21:31:00.814539 - USER:a1 - ACTION:get_file_access - DETAILS:{"read": false, "write": false}
2025-11-20T21:31:00.962940 - USER:a1 - ACTION:get_file_access - DETAILS:{"read": false, "write": false}
2025-11-20T21:31:05.969106 - USER:a1 - ACTION:get_file_access - DETAILS:{"read": false, "write": false}
2025-11-20T21:31:10.977803 - USER:a1 - ACTION:get_file_access - DETAILS:{"read": false, "write": false}
2025-11-20T21:31:15.985715 - USER:a1 - ACTION:get_file_access - DETAILS:{"read": false, "write": false}
2025-11-20T21:31:20.995373 - USER:a1 - ACTION:get_file_access - DETAILS:{"read": false, "write": false}
2025-11-20T21:31:26.004948 - USER:a1 - ACTION:get_file_access - DETAILS:{"read": false, "write": false}
2025-11-20T21:31:28.185093 - USER:a1 - ACTION:get_file_access - DETAILS:{"read": false, "write": false}
2025-11-20T21:31:31.013658 - USER:a1 - ACTION:get_file_access - DETAILS:{"read": false, "write": false}
2025-11-20T21:31:36.022433 - USER:a1 - ACTION:get_file_access - DETAILS:{"read": false, "write": false}
2025-11-20T21:31:41.031357 - USER:a1 - ACTION:get_file_access - DETAILS:{"read": false, "write": false}
2025-11-20T21:31:46.041237 - USER:a1 - ACTION:get_file_access - DETAILS:{"read": false, "write": false}
2025-11-20T21:31:51.085455 - USER:a1 - ACTION:get_file_access - DETAILS:{"read": false, "write": false}
2025-11-20T21:31:56.127633 - USER:a1 - ACTION:get_file_access - DETAILS:{"read": false, "write": false}
2025-11-20T21:32:00.953068 - USER:a1 - ACTION:get_file_access - DETAILS:{"read": false, "write": false}
2025-11-20T21:32:01.171247 - USER:a1 - ACTION:get_file_access - DETAILS:{"read": false, "write": false}
2025-11-20T21:32:03.573630 - USER:a1 - ACTION:get_file_access - DETAILS:{"read": false, "write": false}
2025-11-20T21:32:06.179650 - USER:a1 - ACTION:get_file_access - DETAILS:{"read": false, "write": false}
2025-11-20T21:32:34.061063 - USER:a1 - ACTION:get_file_access - DETAILS:{"read": false, "write": false}
2025-11-20T21:32:34.080478 - USER:a1 - ACTION:get_file_access - DETAILS:{"read": false, "write": false}
2025-11-20T21:32:39.086379 - USER:a1 - ACTION:get_file_access - DETAILS:{"read": false, "write": false}
2025-11-20T21:32:41.415454 - USER:a1 - ACTION:get_file_access - DETAILS:{"read": false, "write": false}
2025-11-20T21:32:44.093496 - USER:a1 - ACTION:get_file_access - DETAILS:{"read": false, "write": false}
2025-11-20T21:32:49.102572 - USER:a1 - ACTION:get_file_access - DETAILS:{"read": false, "write": false}
2025-11-20T21:32:54.110437 - USER:a1 - ACTION:get_file_access - DETAILS:{"read": false, "write": false}
2025-11-20T21:32:59.118625 - USER:a1 - ACTION:get_file_access - DETAILS:{"read": false, "write": false}
2025-11-20T21:33:04.143366 - USER:a1 - ACTION:get_file_access - DETAILS:{"read": false, "write": false}
2025-11-20T21:33:09.150561 - USER:a1 - ACTION:get_file_access - DETAILS:{"read": false, "write": false}
2025-11-20T21:33:14.159317 - USER:a1 - ACTION:get_file_access - DETAILS:{"read": false, "write": false}
2025-11-20T21:33:19.166947 - USER:a1 - ACTION:get_file_access - DETAILS:{"read": false, "write": false}
2025-11-20T21:33:24.173118 - USER:a1 - ACTION:get_file_access - DETAILS:{"read": false, "write": false}
2025-11-20T21:33:29.218132 - USER:a1 - ACTION:get_file_access - DETAILS:{"read": false, "write": false}
2025-11-20T21:33:34.066626 - USER:a1 - ACTION:get_file_access - DETAILS:{"read": false, "write": false}
2025-11-20T21:33:34.225855 - USER:a1 - ACTION:get_file_access - DETAILS:{"read": false, "write": false}
2025-11-20T21:33:39.252875 - USER:a1 - ACTION:get_file_access - DETAILS:{"read": false, "write": false}
2025-11-20T21:33:44.257741 - USER:a1 - ACTION:get_file_access - DETAILS:{"read": false, "write": false}
2025-11-20T21:33:49.297049 - USER:a1 - ACTION:get_file_access - DETAILS:{"read": false, "write": false}
2025-11-20T21:33:54.336356 - USER:a1 - ACTION:get_file_access - DETAILS:{"read": false, "write": false}
2025-11-20T21:33:59.342787 - USER:a1 - ACTION:get_file_access - DETAILS:{"read": false, "write": false}
2025-11-20T21:34:04.348381 - USER:a1 - ACTION:get_file_access - DETAILS:{"read": false, "write": false}
2025-11-20T21:34:09.356648 - USER:a1 - ACTION:get_file_access - DETAILS:{"read": false, "write": false}
2025-11-20T21:34:14.363941 - USER:a1 - ACTION:get_file_access - DETAILS:{"read": false, "write": false}
2025-11-20T21:34:19.371073 - USER:a1 - ACTION:get_file_access - DETAILS:{"read": false, "write": false}
2025-11-20T21:34:24.376324 - USER:a1 - ACTION:get_file_access - DETAILS:{"read": false, "write": false}
2025-11-20T21:34:29.381541 - USER:a1 - ACTION:get_file_access - DETAILS:{"read": false, "write": false}
2025-11-20T21:34:34.074566 - USER:a1 - ACTION:get_file_access - DETAILS:{"read": false, "write": false}
2025-11-20T21:34:34.386675 - USER:a1 - ACTION:get_file_access - DETAILS:{"read": false, "write": false}
2025-11-20T21:34:39.391548 - USER:a1 - ACTION:get_file_access - DETAILS:{"read": false, "write": false}
2025-11-20T21:34:44.399495 - USER:a1 - ACTION:get_file_access - DETAILS:{"read": false, "write": false}
2025-11-20T21:34:49.407219 - USER:a1 - ACTION:get_file_access - DETAILS:{"read": false, "write": false}
2025-11-20T21:34:54.416223 - USER:a1 - ACTION:get_file_access - DETAILS:{"read": false, "write": false}
2025-11-20T21:34:59.459664 - USER:a1 - ACTION:get_file_access - DETAILS:{"read": false, "write": false}
2025-11-20T21:35:04.471007 - USER:a1 - ACTION:get_file_access - DETAILS:{"read": false, "write": false}
2025-11-20T21:35:09.480448 - USER:a1 - ACTION:get_file_access - DETAILS:{"read": false, "write": false}
2025-11-20T21:35:14.524714 - USER:a1 - ACTION:get_file_access - DETAILS:{"read": false, "write": false}
2025-11-20T21:35:19.531441 - USER:a1 - ACTION:get_file_access - DETAILS:{"read": false, "write": false}
2025-11-20T21:35:24.541939 - USER:a1 - ACTION:get_file_access - DETAILS:{"read": false, "write": false}
2025-11-20T21:35:29.550764 - USER:a1 - ACTION:get_file_access - DETAILS:{"read": false, "write": false}
2025-11-20T21:35:34.117043 - USER:a1 - ACTION:get_file_access - DETAILS:{"read": false, "write": false}
2025-11-20T21:35:34.560124 - USER:a1 - ACTION:get_file_access - DETAILS:{"read": false, "write": false}
2025-11-20T21:35:39.568097 - USER:a1 - ACTION:get_file_access - DETAILS:{"read": false, "write": false}
2025-11-20T21:35:44.579128 - USER:a1 - ACTION:get_file_access - DETAILS:{"read": false, "write": false}
2025-11-20T21:35:49.588135 - USER:a1 - ACTION:get_file_access - DETAILS:{"read": false, "write": false}
2025-11-20T21:35:54.595271 - USER:a1 - ACTION:get_file_access - DETAILS:{"read": false, "write": false}
2025-11-20T21:35:59.607110 - USER:a1 - ACTION:get_file_access - DETAILS:{"read": false, "write": false}
2025-11-20T21:36:04.615345 - USER:a1 - ACTION:get_file_access - DETAILS:{"read": false, "write": false}
2025-11-20T21:36:09.621744 - USER:a1 - ACTION:get_file_access - DETAILS:{"read": false, "write": false}
2025-11-20T21:36:14.631427 - USER:a1 - ACTION:get_file_access - DETAILS:{"read": false, "write": false}
2025-11-20T21:36:19.673303 - USER:a1 - ACTION:get_file_access - DETAILS:{"read": false, "write": false}
2025-11-20T21:36:24.682600 - USER:a1 - ACTION:get_file_access - DETAILS:{"read": false, "write": false}
2025-11-20T21:36:29.691126 - USER:a1 - ACTION:get_file_access - DETAILS:{"read": false, "write": false}
2025-11-20T21:36:34.126368 - USER:a1 - ACTION:get_file_access - DETAILS:{"read": false, "write": false}
2025-11-20T21:36:34.704603 - USER:a1 - ACTION:get_file_access - DETAILS:{"read": false, "write": false}
2025-11-20T21:36:39.707954 - USER:a1 - ACTION:get_file_access - DETAILS:{"read": false, "write": false}
2025-11-20T21:36:44.716937 - USER:a1 - ACTION:get_file_access - DETAILS:{"read": false, "write": false}
2025-11-20T21:36:49.728200 - USER:a1 - ACTION:get_file_access - DETAILS:{"read": false, "write": false}
2025-11-20T21:36:54.736726 - USER:a1 - ACTION:get_file_access - DETAILS:{"read": false, "write": false}
2025-11-20T21:36:59.745649 - USER:a1 - ACTION:get_file_access - DETAILS:{"read": false, "write": false}
2025-11-20T21:37:04.750732 - USER:a1 - ACTION:get_file_access - DETAILS:{"read": false, "write": false}
2025-11-20T21:37:09.756205 - USER:a1 - ACTION:get_file_access - DETAILS:{"read": false, "write": false}
2025-11-20T21:37:14.762584 - USER:a1 - ACTION:get_file_access - DETAILS:{"read": false, "write": false}
2025-11-20T21:37:19.826728 - USER:a1 - ACTION:get_file_access - DETAILS:{"read": false, "write": false}
2025-11-20T21:37:24.837314 - USER:a1 - ACTION:get_file_access - DETAILS:{"read": false, "write": false}
2025-11-20T21:37:29.877202 - USER:a1 - ACTION:get_file_access - DETAILS:{"read": false, "write": false}
2025-11-20T21:37:34.135321 - USER:a1 - ACTION:get_file_access - DETAILS:{"read": false, "write": false}
2025-11-20T21:37:34.884957 - USER:a1 - ACTION:get_file_access - DETAILS:{"read": false, "write": false}
2025-11-20T21:37:39.892257 - USER:a1 - ACTION:get_file_access - DETAILS:{"read": false, "write": false}
2025-11-20T21:37:44.935116 - USER:a1 - ACTION:get_file_access - DETAILS:{"read": false, "write": false}
2025-11-20T21:37:49.977400 - USER:a1 - ACTION:get_file_access - DETAILS:{"read": false, "write": false}
2025-11-20T21:37:54.983619 - USER:a1 - ACTION:get_file_access - DETAILS:{"read": false, "write": false}
2025-11-20T21:38:00.021984 - USER:a1 - ACTION:get_file_access - DETAILS:{"read": false, "write": false}
2025-11-20T21:38:05.060150 - USER:a1 - ACTION:get_file_access - DETAILS:{"read": false, "write": false}
2025-11-20T21:38:10.067651 - USER:a1 - ACTION:get_file_access - DETAILS:{"read": false, "write": false}
2025-11-20T21:38:15.109893 - USER:a1 - ACTION:get_file_access - DETAILS:{"read": false, "write": false}
2025-11-20T21:38:20.118654 - USER:a1 - ACTION:get_file_access - DETAILS:{"read": false, "write": false}
2025-11-20T21:38:25.125576 - USER:a1 - ACTION:get_file_access - DETAILS:{"read": false, "write": false}
2025-11-20T21:38:30.131889 - USER:a1 - ACTION:get_file_access - DETAILS:{"read": false, "write": false}
2025-11-20T21:38:34.179450 - USER:a1 - ACTION:get_file_access - DETAILS:{"read": false, "write": false}
2025-11-20T21:38:35.141040 - USER:a1 - ACTION:get_file_access - DETAILS:{"read": false, "write": false}
2025-11-20T21:38:40.152075 - USER:a1 - ACTION:get_file_access - DETAILS:{"read": false, "write": false}
2025-11-20T21:38:45.158688 - USER:a1 - ACTION:get_file_access - DETAILS:{"read": false, "write": false}
2025-11-20T21:38:50.166421 - USER:a1 - ACTION:get_file_access - DETAILS:{"read": false, "write": false}
2025-11-20T21:38:55.176931 - USER:a1 - ACTION:get_file_access - DETAILS:{"read": false, "write": false}
2025-11-20T21:39:00.185978 - USER:a1 - ACTION:get_file_access - DETAILS:{"read": false, "write": false}
2025-11-20T21:39:05.230410 - USER:a1 - ACTION:get_file_access - DETAILS:{"read": false, "write": false}
2025-11-20T21:39:10.239736 - USER:a1 - ACTION:get_file_access - DETAILS:{"read": false, "write": false}
2025-11-20T21:39:15.248794 - USER:a1 - ACTION:get_file_access - DETAILS:{"read": false, "write": false}
2025-11-20T21:39:20.257643 - USER:a1 - ACTION:get_file_access - DETAILS:{"read": false, "write": false}
2025-11-20T21:39:25.296752 - USER:a1 - ACTION:get_file_access - DETAILS:{"read": false, "write": false}
2025-11-20T21:39:30.301760 - USER:a1 - ACTION:get_file_access - DETAILS:{"read": false, "write": false}
2025-11-20T21:39:34.185296 - USER:a1 - ACTION:get_file_access - DETAILS:{"read": false, "write": false}
2025-11-20T21:39:35.340662 - USER:a1 - ACTION:get_file_access - DETAILS:{"read": false, "write": false}
2025-11-20T21:39:47.976103 - USER:a1 - ACTION:get_file_access - DETAILS:{"read": false, "write": false}
2025-11-20T21:39:48.130678 - USER:a1 - ACTION:get_file_access - DETAILS:{"read": false, "write": false}
2025-11-20T21:39:53.137570 - USER:a1 - ACTION:get_file_access - DETAILS:{"read": false, "write": false}
2025-11-20T21:39:58.145977 - USER:a1 - ACTION:get_file_access - DETAILS:{"read": false, "write": false}
2025-11-20T21:40:03.155994 - USER:a1 - ACTION:get_file_access - DETAILS:{"read": false, "write": false}
2025-11-20T21:40:08.166921 - USER:a1 - ACTION:get_file_access - DETAILS:{"read": false, "write": false}
2025-11-20T21:40:13.178120 - USER:a1 - ACTION:get_file_access - DETAILS:{"read": false, "write": false}
2025-11-20T21:40:18.183989 - USER:a1 - ACTION:get_file_access - DETAILS:{"read": false, "write": false}
2025-11-20T21:40:23.190058 - USER:a1 - ACTION:get_file_access - DETAILS:{"read": false, "write": false}
2025-11-20T21:40:28.199194 - USER:a1 - ACTION:get_file_access - DETAILS:{"read": false, "write": false}
2025-11-20T21:40:33.209103 - USER:a1 - ACTION:get_file_access - DETAILS:{"read": false, "write": false}
2025-11-20T21:40:38.218793 - USER:a1 - ACTION:get_file_access - DETAILS:{"read": false, "write": false}
2025-11-20T21:40:43.227854 - USER:a1 - ACTION:get_file_access - DETAILS:{"read": false, "write": false}
2025-11-20T21:40:48.121320 - USER:a1 - ACTION:get_file_access - DETAILS:{"read": false, "write": false}
2025-11-20T21:40:48.269956 - USER:a1 - ACTION:get_file_access - DETAILS:{"read": false, "write": false}
2025-11-20T21:40:53.274579 - USER:a1 - ACTION:get_file_access - DETAILS:{"read": false, "write": false}
2025-11-20T21:40:58.282271 - USER:a1 - ACTION:get_file_access - DETAILS:{"read": false, "write": false}
2025-11-20T21:41:03.293015 - USER:a1 - ACTION:get_file_access - DETAILS:{"read": false, "write": false}
2025-11-20T21:41:08.318106 - USER:a1 - ACTION:get_file_access - DETAILS:{"read": false, "write": false}
2025-11-20T21:41:13.322513 - USER:a1 - ACTION:get_file_access - DETAILS:{"read": false, "write": false}
2025-11-20T21:41:18.327222 - USER:a1 - ACTION:get_file_access - DETAILS:{"read": false, "write": false}
2025-11-20T21:41:23.332160 - USER:a1 - ACTION:get_file_access - DETAILS:{"read": false, "write": false}
2025-11-20T21:41:28.335533 - USER:a1 - ACTION:get_file_access - DETAILS:{"read": false, "write": false}
2025-11-20T21:41:33.340294 - USER:a1 - ACTION:get_file_access - DETAILS:{"read": false, "write": false}
2025-11-20T21:41:38.344265 - USER:a1 - ACTION:get_file_access - DETAILS:{"read": false, "write": false}
2025-11-20T21:41:43.429062 - USER:a1 - ACTION:get_file_access - DETAILS:{"read": false, "write": false}
2025-11-20T21:41:48.162574 - USER:a1 - ACTION:get_file_access - DETAILS:{"read": false, "write": false}
2025-11-20T21:41:48.433281 - USER:a1 - ACTION:get_file_access - DETAILS:{"read": false, "write": false}
2025-11-20T21:41:53.437005 - USER:a1 - ACTION:get_file_access - DETAILS:{"read": false, "write": false}
2025-11-20T21:41:58.442448 - USER:a1 - ACTION:get_file_access - DETAILS:{"read": false, "write": false}
2025-11-20T21:42:03.450777 - USER:a1 - ACTION:get_file_access - DETAILS:{"read": false, "write": false}
2025-11-20T21:42:08.495342 - USER:a1 - ACTION:get_file_access - DETAILS:{"read": false, "write": false}
2025-11-20T21:42:13.500480 - USER:a1 - ACTION:get_file_access - DETAILS:{"read": false, "write": false}
2025-11-20T21:42:18.505875 - USER:a1 - ACTION:get_file_access - DETAILS:{"read": false, "write": false}
2025-11-20T21:42:23.509711 - USER:a1 - ACTION:get_file_access - DETAILS:{"read": false, "write": false}
2025-11-20T21:42:28.514354 - USER:a1 - ACTION:get_file_access - DETAILS:{"read": false, "write": false}
2025-11-20T21:42:33.519385 - USER:a1 - ACTION:get_file_access - DETAILS:{"read": false, "write": false}
2025-11-20T21:42:38.524287 - USER:a1 - ACTION:get_file_access - DETAILS:{"read": false, "write": false}
2025-11-20T21:42:43.528026 - USER:a1 - ACTION:get_file_access - DETAILS:{"read": false, "write": false}
2025-11-20T21:42:48.170923 - USER:a1 - ACTION:get_file_access - DETAILS:{"read": false, "write": false}
2025-11-20T21:42:48.533170 - USER:a1 - ACTION:get_file_access - DETAILS:{"read": false, "write": false}
2025-11-20T21:42:53.537319 - USER:a1 - ACTION:get_file_access - DETAILS:{"read": false, "write": false}
2025-11-20T21:42:58.543538 - USER:a1 - ACTION:get_file_access - DETAILS:{"read": false, "write": false}
2025-11-20T21:43:03.549142 - USER:a1 - ACTION:get_file_access - DETAILS:{"read": false, "write": false}
2025-11-20T21:43:08.552756 - USER:a1 - ACTION:get_file_access - DETAILS:{"read": false, "write": false}
2025-11-20T21:43:13.558433 - USER:a1 - ACTION:get_file_access - DETAILS:{"read": false, "write": false}
2025-11-20T21:43:18.564168 - USER:a1 - ACTION:get_file_access - DETAILS:{"read": false, "write": false}
2025-11-20T21:43:23.569728 - USER:a1 - ACTION:get_file_access - DETAILS:{"read": false, "write": false}
2025-11-20T21:43:28.575891 - USER:a1 - ACTION:get_file_access - DETAILS:{"read": false, "write": false}
2025-11-20T21:43:33.619863 - USER:a1 - ACTION:get_file_access - DETAILS:{"read": false, "write": false}
2025-11-20T21:43:38.629698 - USER:a1 - ACTION:get_file_access - DETAILS:{"read": false, "write": false}
2025-11-20T21:43:43.639450 - USER:a1 - ACTION:get_file_access - DETAILS:{"read": false, "write": false}
2025-11-20T21:43:48.179429 - USER:a1 - ACTION:get_file_access - DETAILS:{"read": false, "write": false}
2025-11-20T21:43:48.647762 - USER:a1 - ACTION:get_file_access - DETAILS:{"read": false, "write": false}
2025-11-20T21:43:53.655958 - USER:a1 - ACTION:get_file_access - DETAILS:{"read": false, "write": false}
2025-11-20T21:43:58.663755 - USER:a1 - ACTION:get_file_access - DETAILS:{"read": false, "write": false}
2025-11-20T21:44:03.674442 - USER:a1 - ACTION:get_file_access - DETAILS:{"read": false, "write": false}
2025-11-20T21:44:08.683388 - USER:a1 - ACTION:get_file_access - DETAILS:{"read": false, "write": false}
2025-11-20T21:44:13.726120 - USER:a1 - ACTION:get_file_access - DETAILS:{"read": false, "write": false}
2025-11-20T21:44:18.731720 - USER:a1 - ACTION:get_file_access - DETAILS:{"read": false, "write": false}
2025-11-20T21:44:23.737115 - USER:a1 - ACTION:get_file_access - DETAILS:{"read": false, "write": false}
2025-11-20T21:44:28.746434 - USER:a1 - ACTION:get_file_access - DETAILS:{"read": false, "write": false}
2025-11-20T21:44:33.762580 - USER:a1 - ACTION:get_file_access - DETAILS:{"read": false, "write": false}
2025-11-20T21:44:38.772179 - USER:a1 - ACTION:get_file_access - DETAILS:{"read": false, "write": false}
2025-11-20T21:44:43.777665 - USER:a1 - ACTION:get_file_access - DETAILS:{"read": false, "write": false}
2025-11-20T21:44:48.187957 - USER:a1 - ACTION:get_file_access - DETAILS:{"read": false, "write": false}
2025-11-20T21:44:48.786535 - USER:a1 - ACTION:get_file_access - DETAILS:{"read": false, "write": false}
2025-11-20T21:44:53.795835 - USER:a1 - ACTION:get_file_access - DETAILS:{"read": false, "write": false}
2025-11-20T21:44:58.803808 - USER:a1 - ACTION:get_file_access - DETAILS:{"read": false, "write": false}
2025-11-20T21:45:03.813210 - USER:a1 - ACTION:get_file_access - DETAILS:{"read": false, "write": false}
2025-11-20T21:45:08.821367 - USER:a1 - ACTION:get_file_access - DETAILS:{"read": false, "write": false}
2025-11-20T21:45:13.830511 - USER:a1 - ACTION:get_file_access - DETAILS:{"read": false, "write": false}
2025-11-20T21:45:18.840781 - USER:a1 - ACTION:get_file_access - DETAILS:{"read": false, "write": false}
2025-11-20T21:45:23.848935 - USER:a1 - ACTION:get_file_access - DETAILS:{"read": false, "write": false}
2025-11-20T21:45:28.859729 - USER:a1 - ACTION:get_file_access - DETAILS:{"read": false, "write": false}
2025-11-20T21:45:33.903937 - USER:a1 - ACTION:get_file_access - DETAILS:{"read": false, "write": false}
2025-11-20T21:45:38.914203 - USER:a1 - ACTION:get_file_access - DETAILS:{"read": false, "write": false}
2025-11-20T21:45:43.923974 - USER:a1 - ACTION:get_file_access - DETAILS:{"read": false, "write": false}
2025-11-20T21:45:48.194481 - USER:a1 - ACTION:get_file_access - DETAILS:{"read": false, "write": false}
2025-11-20T21:45:48.933622 - USER:a1 - ACTION:get_file_access - DETAILS:{"read": false, "write": false}
2025-11-20T21:46:14.181419 - USER:a1 - ACTION:get_file_access - DETAILS:{"read": false, "write": false}
2025-11-20T21:46:14.203506 - USER:a1 - ACTION:get_file_access - DETAILS:{"read": false, "write": false}
2025-11-20T21:46:19.207702 - USER:a1 - ACTION:get_file_access - DETAILS:{"read": false, "write": false}
2025-11-20T21:46:24.211323 - USER:a1 - ACTION:get_file_access - DETAILS:{"read": false, "write": false}
2025-11-20T21:46:29.217053 - USER:a1 - ACTION:get_file_access - DETAILS:{"read": false, "write": false}
2025-11-20T21:46:34.256554 - USER:a1 - ACTION:get_file_access - DETAILS:{"read": false, "write": false}
2025-11-20T21:46:39.262306 - USER:a1 - ACTION:get_file_access - DETAILS:{"read": false, "write": false}
2025-11-20T21:46:44.267586 - USER:a1 - ACTION:get_file_access - DETAILS:{"read": false, "write": false}
2025-11-20T21:46:49.271474 - USER:a1 - ACTION:get_file_access - DETAILS:{"read": false, "write": false}
2025-11-20T21:46:54.289092 - USER:a1 - ACTION:get_file_access - DETAILS:{"read": false, "write": false}
2025-11-20T21:46:59.295179 - USER:a1 - ACTION:get_file_access - DETAILS:{"read": false, "write": false}
2025-11-20T21:47:04.298709 - USER:a1 - ACTION:get_file_access - DETAILS:{"read": false, "write": false}
2025-11-20T21:47:09.303626 - USER:a1 - ACTION:get_file_access - DETAILS:{"read": false, "write": false}
2025-11-20T21:47:14.187559 - USER:a1 - ACTION:get_file_access - DETAILS:{"read": false, "write": false}
2025-11-20T21:47:14.308430 - USER:a1 - ACTION:get_file_access - DETAILS:{"read": false, "write": false}
2025-11-20T21:47:19.311974 - USER:a1 - ACTION:get_file_access - DETAILS:{"read": false, "write": false}
2025-11-20T21:47:24.316562 - USER:a1 - ACTION:get_file_access - DETAILS:{"read": false, "write": false}
2025-11-20T21:47:29.321155 - USER:a1 - ACTION:get_file_access - DETAILS:{"read": false, "write": false}
2025-11-20T21:47:34.325870 - USER:a1 - ACTION:get_file_access - DETAILS:{"read": false, "write": false}
2025-11-20T21:47:39.391128 - USER:a1 - ACTION:get_file_access - DETAILS:{"read": false, "write": false}
2025-11-20T21:47:44.396993 - USER:a1 - ACTION:get_file_access - DETAILS:{"read": false, "write": false}
2025-11-20T21:47:49.404644 - USER:a1 - ACTION:get_file_access - DETAILS:{"read": false, "write": false}
2025-11-20T21:47:54.413012 - USER:a1 - ACTION:get_file_access - DETAILS:{"read": false, "write": false}
2025-11-20T21:47:59.458271 - USER:a1 - ACTION:get_file_access - DETAILS:{"read": false, "write": false}
2025-11-20T21:48:04.468162 - USER:a1 - ACTION:get_file_access - DETAILS:{"read": false, "write": false}
2025-11-20T21:48:09.478808 - USER:a1 - ACTION:get_file_access - DETAILS:{"read": false, "write": false}
2025-11-20T21:48:14.197223 - USER:a1 - ACTION:get_file_access - DETAILS:{"read": false, "write": false}
2025-11-20T21:48:14.485338 - USER:a1 - ACTION:get_file_access - DETAILS:{"read": false, "write": false}
2025-11-20T21:48:19.491782 - USER:a1 - ACTION:get_file_access - DETAILS:{"read": false, "write": false}
2025-11-20T21:48:24.496123 - USER:a1 - ACTION:get_file_access - DETAILS:{"read": false, "write": false}
2025-11-20T21:48:29.505110 - USER:a1 - ACTION:get_file_access - DETAILS:{"read": false, "write": false}
2025-11-20T21:48:34.513270 - USER:a1 - ACTION:get_file_access - DETAILS:{"read": false, "write": false}
2025-11-20T21:48:39.523866 - USER:a1 - ACTION:get_file_access - DETAILS:{"read": false, "write": false}
2025-11-20T21:48:44.533317 - USER:a1 - ACTION:get_file_access - DETAILS:{"read": false, "write": false}
2025-11-20T21:48:49.541329 - USER:a1 - ACTION:get_file_access - DETAILS:{"read": false, "write": false}
2025-11-20T21:48:54.549548 - USER:a1 - ACTION:get_file_access - DETAILS:{"read": false, "write": false}
2025-11-20T21:48:59.557257 - USER:a1 - ACTION:get_file_access - DETAILS:{"read": false, "write": false}
2025-11-20T21:49:04.563523 - USER:a1 - ACTION:get_file_access - DETAILS:{"read": false, "write": false}
2025-11-20T21:49:09.575422 - USER:a1 - ACTION:get_file_access - DETAILS:{"read": false, "write": false}
2025-11-20T21:49:14.204894 - USER:a1 - ACTION:get_file_access - DETAILS:{"read": false, "write": false}
2025-11-20T21:49:14.585614 - USER:a1 - ACTION:get_file_access - DETAILS:{"read": false, "write": false}
2025-11-20T21:49:19.594453 - USER:a1 - ACTION:get_file_access - DETAILS:{"read": false, "write": false}
2025-11-20T21:49:24.602713 - USER:a1 - ACTION:get_file_access - DETAILS:{"read": false, "write": false}
2025-11-20T21:49:29.613249 - USER:a1 - ACTION:get_file_access - DETAILS:{"read": false, "write": false}
2025-11-20T21:49:34.625547 - USER:a1 - ACTION:get_file_access - DETAILS:{"read": false, "write": false}
2025-11-20T21:49:39.632797 - USER:a1 - ACTION:get_file_access - DETAILS:{"read": false, "write": false}
2025-11-20T21:49:44.637459 - USER:a1 - ACTION:get_file_access - DETAILS:{"read": false, "write": false}
2025-11-20T21:49:49.643438 - USER:a1 - ACTION:get_file_access - DETAILS:{"read": false, "write": false}
2025-11-20T21:49:54.648524 - USER:a1 - ACTION:get_file_access - DETAILS:{"read": false, "write": false}
2025-11-20T21:49:59.660069 - USER:a1 - ACTION:get_file_access - DETAILS:{"read": false, "write": false}
2025-11-20T21:50:04.670867 - USER:a1 - ACTION:get_file_access - DETAILS:{"read": false, "write": false}
2025-11-20T21:50:09.678831 - USER:a1 - ACTION:get_file_access - DETAILS:{"read": false, "write": false}
2025-11-20T21:50:14.208711 - USER:a1 - ACTION:get_file_access - DETAILS:{"read": false, "write": false}
2025-11-20T21:50:14.682761 - USER:a1 - ACTION:get_file_access - DETAILS:{"read": false, "write": false}
2025-11-20T21:50:19.687819 - USER:a1 - ACTION:get_file_access - DETAILS:{"read": false, "write": false}
2025-11-20T21:50:24.696204 - USER:a1 - ACTION:get_file_access - DETAILS:{"read": false, "write": false}
2025-11-20T21:50:29.703051 - USER:a1 - ACTION:get_file_access - DETAILS:{"read": false, "write": false}
2025-11-20T21:50:34.707755 - USER:a1 - ACTION:get_file_access - DETAILS:{"read": false, "write": false}
2025-11-20T21:50:39.712790 - USER:a1 - ACTION:get_file_access - DETAILS:{"read": false, "write": false}
2025-11-20T21:50:44.717768 - USER:a1 - ACTION:get_file_access - DETAILS:{"read": false, "write": false}
2025-11-20T21:50:49.722735 - USER:a1 - ACTION:get_file_access - DETAILS:{"read": false, "write": false}
2025-11-20T21:50:54.732661 - USER:a1 - ACTION:get_file_access - DETAILS:{"read": false, "write": false}
2025-11-20T21:50:59.776273 - USER:a1 - ACTION:get_file_access - DETAILS:{"read": false, "write": false}
2025-11-20T21:52:43.156584 - USER:a1 - ACTION:get_file_access - DETAILS:{"read": false, "write": false}
2025-11-20T21:52:43.191280 - USER:a1 - ACTION:get_file_access - DETAILS:{"read": false, "write": false}
2025-11-20T21:52:48.195708 - USER:a1 - ACTION:get_file_access - DETAILS:{"read": false, "write": false}
2025-11-20T21:52:53.202522 - USER:a1 - ACTION:get_file_access - DETAILS:{"read": false, "write": false}
2025-11-20T21:52:58.208483 - USER:a1 - ACTION:get_file_access - DETAILS:{"read": false, "write": false}
2025-11-20T21:53:03.216820 - USER:a1 - ACTION:get_file_access - DETAILS:{"read": false, "write": false}
2025-11-20T21:53:08.228166 - USER:a1 - ACTION:get_file_access - DETAILS:{"read": false, "write": false}
2025-11-20T21:53:13.238403 - USER:a1 - ACTION:get_file_access - DETAILS:{"read": false, "write": false}
2025-11-20T21:53:18.246432 - USER:a1 - ACTION:get_file_access - DETAILS:{"read": false, "write": false}
2025-11-20T21:53:23.257738 - USER:a1 - ACTION:get_file_access - DETAILS:{"read": false, "write": false}
2025-11-20T21:53:28.266852 - USER:a1 - ACTION:get_file_access - DETAILS:{"read": false, "write": false}
2025-11-20T21:53:33.275355 - USER:a1 - ACTION:get_file_access - DETAILS:{"read": false, "write": false}
2025-11-20T21:53:38.284396 - USER:a1 - ACTION:get_file_access - DETAILS:{"read": false, "write": false}
2025-11-20T21:53:43.164657 - USER:a1 - ACTION:get_file_access - DETAILS:{"read": false, "write": false}
2025-11-20T21:53:43.290462 - USER:a1 - ACTION:get_file_access - DETAILS:{"read": false, "write": false}
2025-11-20T21:53:48.293491 - USER:a1 - ACTION:get_file_access - DETAILS:{"read": false, "write": false}
2025-11-20T21:53:53.298346 - USER:a1 - ACTION:get_file_access - DETAILS:{"read": false, "write": false}
2025-11-20T21:53:58.303030 - USER:a1 - ACTION:get_file_access - DETAILS:{"read": false, "write": false}
2025-11-20T21:54:03.341661 - USER:a1 - ACTION:get_file_access - DETAILS:{"read": false, "write": false}
2025-11-20T21:54:08.383205 - USER:a1 - ACTION:get_file_access - DETAILS:{"read": false, "write": false}
2025-11-20T21:54:13.388938 - USER:a1 - ACTION:get_file_access - DETAILS:{"read": false, "write": false}
2025-11-20T21:54:18.393642 - USER:a1 - ACTION:get_file_access - DETAILS:{"read": false, "write": false}
2025-11-20T21:54:23.436582 - USER:a1 - ACTION:get_file_access - DETAILS:{"read": false, "write": false}
2025-11-20T21:54:28.446756 - USER:a1 - ACTION:get_file_access - DETAILS:{"read": false, "write": false}
2025-11-20T21:54:33.492714 - USER:a1 - ACTION:get_file_access - DETAILS:{"read": false, "write": false}
2025-11-20T21:54:38.536310 - USER:a1 - ACTION:get_file_access - DETAILS:{"read": false, "write": false}
2025-11-20T21:54:43.207782 - USER:a1 - ACTION:get_file_access - DETAILS:{"read": false, "write": false}
2025-11-20T21:54:43.579388 - USER:a1 - ACTION:get_file_access - DETAILS:{"read": false, "write": false}
2025-11-20T21:54:48.588606 - USER:a1 - ACTION:get_file_access - DETAILS:{"read": false, "write": false}
2025-11-20T21:54:53.600190 - USER:a1 - ACTION:get_file_access - DETAILS:{"read": false, "write": false}
2025-11-20T21:54:58.643022 - USER:a1 - ACTION:get_file_access - DETAILS:{"read": false, "write": false}
2025-11-20T21:55:03.683561 - USER:a1 - ACTION:get_file_access - DETAILS:{"read": false, "write": false}
2025-11-20T21:55:08.688585 - USER:a1 - ACTION:get_file_access - DETAILS:{"read": false, "write": false}
2025-11-20T21:55:13.693444 - USER:a1 - ACTION:get_file_access - DETAILS:{"read": false, "write": false}
2025-11-20T21:55:18.702529 - USER:a1 - ACTION:get_file_access - DETAILS:{"read": false, "write": false}
2025-11-20T21:55:23.709469 - USER:a1 - ACTION:get_file_access - DETAILS:{"read": false, "write": false}
2025-11-20T21:55:28.714584 - USER:a1 - ACTION:get_file_access - DETAILS:{"read": false, "write": false}
2025-11-20T21:55:33.720272 - USER:a1 - ACTION:get_file_access - DETAILS:{"read": false, "write": false}
2025-11-20T21:55:38.725668 - USER:a1 - ACTION:get_file_access - DETAILS:{"read": false, "write": false}
2025-11-20T21:55:43.213333 - USER:a1 - ACTION:get_file_access - DETAILS:{"read": false, "write": false}
2025-11-20T21:55:43.730578 - USER:a1 - ACTION:get_file_access - DETAILS:{"read": false, "write": false}
2025-11-20T21:55:48.733958 - USER:a1 - ACTION:get_file_access - DETAILS:{"read": false, "write": false}
2025-11-20T21:55:53.742439 - USER:a1 - ACTION:get_file_access - DETAILS:{"read": false, "write": false}
2025-11-20T21:55:58.749275 - USER:a1 - ACTION:get_file_access - DETAILS:{"read": false, "write": false}
2025-11-20T21:56:03.753774 - USER:a1 - ACTION:get_file_access - DETAILS:{"read": false, "write": false}
2025-11-20T21:56:08.758351 - USER:a1 - ACTION:get_file_access - DETAILS:{"read": false, "write": false}
2025-11-20T21:56:13.763975 - USER:a1 - ACTION:get_file_access - DETAILS:{"read": false, "write": false}
2025-11-20T21:56:18.767439 - USER:a1 - ACTION:get_file_access - DETAILS:{"read": false, "write": false}
2025-11-20T21:56:23.774290 - USER:a1 - ACTION:get_file_access - DETAILS:{"read": false, "write": false}
2025-11-20T21:56:28.780599 - USER:a1 - ACTION:get_file_access - DETAILS:{"read": false, "write": false}
2025-11-20T21:56:33.790258 - USER:a1 - ACTION:get_file_access - DETAILS:{"read": false, "write": false}
2025-11-20T21:56:38.796668 - USER:a1 - ACTION:get_file_access - DETAILS:{"read": false, "write": false}
2025-11-20T21:56:43.216471 - USER:a1 - ACTION:get_file_access - DETAILS:{"read": false, "write": false}
2025-11-20T21:56:43.800817 - USER:a1 - ACTION:get_file_access - DETAILS:{"read": false, "write": false}
2025-11-20T21:56:48.806940 - USER:a1 - ACTION:get_file_access - DETAILS:{"read": false, "write": false}
2025-11-20T21:56:53.815278 - USER:a1 - ACTION:get_file_access - DETAILS:{"read": false, "write": false}
2025-11-20T21:56:58.823715 - USER:a1 - ACTION:get_file_access - DETAILS:{"read": false, "write": false}
2025-11-20T21:57:03.831775 - USER:a1 - ACTION:get_file_access - DETAILS:{"read": false, "write": false}
2025-11-20T21:57:09.488549 - USER:a1 - ACTION:get_file_access - DETAILS:{"read": false, "write": false}
2025-11-20T21:58:42.114685 - USER:a1 - ACTION:get_file_access - DETAILS:{"read": false, "write": false}
2025-11-20T21:58:42.269129 - USER:a1 - ACTION:get_file_access - DETAILS:{"read": false, "write": false}
2025-11-20T21:58:47.276329 - USER:a1 - ACTION:get_file_access - DETAILS:{"read": false, "write": false}
2025-11-20T21:58:52.315701 - USER:a1 - ACTION:get_file_access - DETAILS:{"read": false, "write": false}
2025-11-20T21:58:57.320660 - USER:a1 - ACTION:get_file_access - DETAILS:{"read": false, "write": false}
2025-11-20T21:59:02.325418 - USER:a1 - ACTION:get_file_access - DETAILS:{"read": false, "write": false}
2025-11-20T21:59:07.329976 - USER:a1 - ACTION:get_file_access - DETAILS:{"read": false, "write": false}
2025-11-20T21:59:12.333537 - USER:a1 - ACTION:get_file_access - DETAILS:{"read": false, "write": false}
2025-11-20T21:59:17.337099 - USER:a1 - ACTION:get_file_access - DETAILS:{"read": false, "write": false}
2025-11-20T21:59:22.343769 - USER:a1 - ACTION:get_file_access - DETAILS:{"read": false, "write": false}
2025-11-20T21:59:27.389052 - USER:a1 - ACTION:get_file_access - DETAILS:{"read": false, "write": false}
2025-11-20T21:59:32.434787 - USER:a1 - ACTION:get_file_access - DETAILS:{"read": false, "write": false}
2025-11-20T21:59:37.445347 - USER:a1 - ACTION:get_file_access - DETAILS:{"read": false, "write": false}
2025-11-20T21:59:42.255633 - USER:a1 - ACTION:get_file_access - DETAILS:{"read": false, "write": false}
2025-11-20T21:59:42.454547 - USER:a1 - ACTION:get_file_access - DETAILS:{"read": false, "write": false}
2025-11-20T21:59:47.464472 - USER:a1 - ACTION:get_file_access - DETAILS:{"read": false, "write": false}
2025-11-20T21:59:52.473004 - USER:a1 - ACTION:get_file_access - DETAILS:{"read": false, "write": false}
2025-11-20T21:59:57.518263 - USER:a1 - ACTION:get_file_access - DETAILS:{"read": false, "write": false}
2025-11-20T22:00:02.562395 - USER:a1 - ACTION:get_file_access - DETAILS:{"read": false, "write": false}
2025-11-20T22:00:07.570921 - USER:a1 - ACTION:get_file_access - DETAILS:{"read": false, "write": false}
2025-11-20T22:00:12.577809 - USER:a1 - ACTION:get_file_access - DETAILS:{"read": false, "write": false}
2025-11-20T22:00:17.586160 - USER:a1 - ACTION:get_file_access - DETAILS:{"read": false, "write": false}
2025-11-20T22:00:22.632125 - USER:a1 - ACTION:get_file_access - DETAILS:{"read": false, "write": false}
2025-11-20T22:00:27.675827 - USER:a1 - ACTION:get_file_access - DETAILS:{"read": false, "write": false}
2025-11-20T22:00:32.719737 - USER:a1 - ACTION:get_file_access - DETAILS:{"read": false, "write": false}
2025-11-20T22:00:37.764445 - USER:a1 - ACTION:get_file_access - DETAILS:{"read": false, "write": false}
2025-11-20T22:00:42.296634 - USER:a1 - ACTION:get_file_access - DETAILS:{"read": false, "write": false}
2025-11-20T22:00:42.811261 - USER:a1 - ACTION:get_file_access - DETAILS:{"read": false, "write": false}
2025-11-20T22:00:47.820571 - USER:a1 - ACTION:get_file_access - DETAILS:{"read": false, "write": false}
2025-11-20T22:00:52.829226 - USER:a1 - ACTION:get_file_access - DETAILS:{"read": false, "write": false}
2025-11-20T22:00:57.875330 - USER:a1 - ACTION:get_file_access - DETAILS:{"read": false, "write": false}
2025-11-20T22:01:02.886185 - USER:a1 - ACTION:get_file_access - DETAILS:{"read": false, "write": false}
2025-11-20T22:01:07.896888 - USER:a1 - ACTION:get_file_access - DETAILS:{"read": false, "write": false}
2025-11-20T22:01:12.903397 - USER:a1 - ACTION:get_file_access - DETAILS:{"read": false, "write": false}
2025-11-20T22:01:17.910622 - USER:a1 - ACTION:get_file_access - DETAILS:{"read": false, "write": false}
2025-11-20T22:01:22.956753 - USER:a1 - ACTION:get_file_access - DETAILS:{"read": false, "write": false}
2025-11-20T22:01:28.003068 - USER:a1 - ACTION:get_file_access - DETAILS:{"read": false, "write": false}
2025-11-20T22:01:33.012915 - USER:a1 - ACTION:get_file_access - DETAILS:{"read": false, "write": false}
2025-11-20T22:01:38.058280 - USER:a1 - ACTION:get_file_access - DETAILS:{"read": false, "write": false}
2025-11-20T22:01:42.335354 - USER:a1 - ACTION:get_file_access - DETAILS:{"read": false, "write": false}
2025-11-20T22:01:43.066371 - USER:a1 - ACTION:get_file_access - DETAILS:{"read": false, "write": false}
2025-11-20T22:01:48.074914 - USER:a1 - ACTION:get_file_access - DETAILS:{"read": false, "write": false}
2025-11-20T22:01:53.085975 - USER:a1 - ACTION:get_file_access - DETAILS:{"read": false, "write": false}
2025-11-20T22:01:58.132376 - USER:a1 - ACTION:get_file_access - DETAILS:{"read": false, "write": false}
2025-11-20T22:02:03.141170 - USER:a1 - ACTION:get_file_access - DETAILS:{"read": false, "write": false}
2025-11-20T22:02:08.150463 - USER:a1 - ACTION:get_file_access - DETAILS:{"read": false, "write": false}
2025-11-20T22:02:13.159758 - USER:a1 - ACTION:get_file_access - DETAILS:{"read": false, "write": false}
2025-11-20T22:02:18.168200 - USER:a1 - ACTION:get_file_access - DETAILS:{"read": false, "write": false}
2025-11-20T22:02:23.179255 - USER:a1 - ACTION:get_file_access - DETAILS:{"read": false, "write": false}
2025-11-20T22:02:28.189900 - USER:a1 - ACTION:get_file_access - DETAILS:{"read": false, "write": false}
2025-11-20T22:02:30.394250 - USER:a1 - ACTION:get_file_access - DETAILS:{"read": false, "write": false}
2025-11-20T22:02:33.197353 - USER:a1 - ACTION:get_file_access - DETAILS:{"read": false, "write": false}
2025-11-20T22:02:38.207898 - USER:a1 - ACTION:get_file_access - DETAILS:{"read": false, "write": false}
2025-11-20T22:02:42.339987 - USER:a1 - ACTION:get_file_access - DETAILS:{"read": false, "write": false}
2025-11-20T22:02:43.218046 - USER:a1 - ACTION:get_file_access - DETAILS:{"read": false, "write": false}
2025-11-20T22:02:48.225659 - USER:a1 - ACTION:get_file_access - DETAILS:{"read": false, "write": false}
2025-11-20T22:02:53.232909 - USER:a1 - ACTION:get_file_access - DETAILS:{"read": false, "write": false}
2025-11-20T22:02:58.243473 - USER:a1 - ACTION:get_file_access - DETAILS:{"read": false, "write": false}
2025-11-20T22:03:03.254756 - USER:a1 - ACTION:get_file_access - DETAILS:{"read": false, "write": false}
2025-11-20T22:03:08.263781 - USER:a1 - ACTION:get_file_access - DETAILS:{"read": false, "write": false}
2025-11-20T22:03:13.270713 - USER:a1 - ACTION:get_file_access - DETAILS:{"read": false, "write": false}
2025-11-20T22:03:18.278513 - USER:a1 - ACTION:get_file_access - DETAILS:{"read": false, "write": false}
2025-11-20T22:03:23.290166 - USER:a1 - ACTION:get_file_access - DETAILS:{"read": false, "write": false}
2025-11-20T22:03:28.298640 - USER:a1 - ACTION:get_file_access - DETAILS:{"read": false, "write": false}
2025-11-20T22:03:33.303417 - USER:a1 - ACTION:get_file_access - DETAILS:{"read": false, "write": false}
2025-11-20T22:03:38.308015 - USER:a1 - ACTION:get_file_access - DETAILS:{"read": false, "write": false}
2025-11-20T22:03:42.344679 - USER:a1 - ACTION:get_file_access - DETAILS:{"read": false, "write": false}
2025-11-20T22:03:43.313336 - USER:a1 - ACTION:get_file_access - DETAILS:{"read": false, "write": false}
2025-11-20T22:03:48.318415 - USER:a1 - ACTION:get_file_access - DETAILS:{"read": false, "write": false}
2025-11-20T22:03:53.323113 - USER:a1 - ACTION:get_file_access - DETAILS:{"read": false, "write": false}
2025-11-20T22:03:58.363878 - USER:a1 - ACTION:get_file_access - DETAILS:{"read": false, "write": false}
2025-11-20T22:04:03.371886 - USER:a1 - ACTION:get_file_access - DETAILS:{"read": false, "write": false}
2025-11-20T22:04:08.378596 - USER:a1 - ACTION:get_file_access - DETAILS:{"read": false, "write": false}
2025-11-20T22:04:13.383586 - USER:a1 - ACTION:get_file_access - DETAILS:{"read": false, "write": false}
2025-11-20T22:04:18.387950 - USER:a1 - ACTION:get_file_access - DETAILS:{"read": false, "write": false}
2025-11-20T22:04:23.426578 - USER:a1 - ACTION:get_file_access - DETAILS:{"read": false, "write": false}
2025-11-20T22:04:28.431467 - USER:a1 - ACTION:get_file_access - DETAILS:{"read": false, "write": false}
2025-11-20T22:04:33.436445 - USER:a1 - ACTION:get_file_access - DETAILS:{"read": false, "write": false}
2025-11-20T22:04:38.475057 - USER:a1 - ACTION:get_file_access - DETAILS:{"read": false, "write": false}
2025-11-20T22:04:42.349413 - USER:a1 - ACTION:get_file_access - DETAILS:{"read": false, "write": false}
2025-11-20T22:04:43.513538 - USER:a1 - ACTION:get_file_access - DETAILS:{"read": false, "write": false}
2025-11-20T22:04:48.528519 - USER:a1 - ACTION:get_file_access - DETAILS:{"read": false, "write": false}
2025-11-20T22:04:53.574220 - USER:a1 - ACTION:get_file_access - DETAILS:{"read": false, "write": false}
2025-11-20T22:04:58.619990 - USER:a1 - ACTION:get_file_access - DETAILS:{"read": false, "write": false}
2025-11-20T22:05:03.664507 - USER:a1 - ACTION:get_file_access - DETAILS:{"read": false, "write": false}
2025-11-20T22:05:08.673788 - USER:a1 - ACTION:get_file_access - DETAILS:{"read": false, "write": false}
2025-11-20T22:05:13.717719 - USER:a1 - ACTION:get_file_access - DETAILS:{"read": false, "write": false}
2025-11-20T22:05:18.728488 - USER:a1 - ACTION:get_file_access - DETAILS:{"read": false, "write": false}
2025-11-20T22:05:23.774053 - USER:a1 - ACTION:get_file_access - DETAILS:{"read": false, "write": false}
2025-11-20T22:05:28.820165 - USER:a1 - ACTION:get_file_access - DETAILS:{"read": false, "write": false}
2025-11-20T22:05:33.863310 - USER:a1 - ACTION:get_file_access - DETAILS:{"read": false, "write": false}
2025-11-20T22:05:38.869050 - USER:a1 - ACTION:get_file_access - DETAILS:{"read": false, "write": false}
2025-11-20T22:05:42.356512 - USER:a1 - ACTION:get_file_access - DETAILS:{"read": false, "write": false}
2025-11-20T22:05:43.907566 - USER:a1 - ACTION:get_file_access - DETAILS:{"read": false, "write": false}
2025-11-20T22:05:48.912809 - USER:a1 - ACTION:get_file_access - DETAILS:{"read": false, "write": false}
2025-11-20T22:05:53.951195 - USER:a1 - ACTION:get_file_access - DETAILS:{"read": false, "write": false}
2025-11-20T22:05:58.989732 - USER:a1 - ACTION:get_file_access - DETAILS:{"read": false, "write": false}
2025-11-20T22:06:04.028707 - USER:a1 - ACTION:get_file_access - DETAILS:{"read": false, "write": false}
2025-11-20T22:06:09.033717 - USER:a1 - ACTION:get_file_access - DETAILS:{"read": false, "write": false}
2025-11-20T22:06:14.038511 - USER:a1 - ACTION:get_file_access - DETAILS:{"read": false, "write": false}
2025-11-20T22:06:19.043074 - USER:a1 - ACTION:get_file_access - DETAILS:{"read": false, "write": false}
2025-11-20T22:06:24.048122 - USER:a1 - ACTION:get_file_access - DETAILS:{"read": false, "write": false}
2025-11-20T22:06:29.086681 - USER:a1 - ACTION:get_file_access - DETAILS:{"read": false, "write": false}
2025-11-20T22:06:34.125497 - USER:a1 - ACTION:get_file_access - DETAILS:{"read": false, "write": false}
2025-11-20T22:06:39.163837 - USER:a1 - ACTION:get_file_access - DETAILS:{"read": false, "write": false}
2025-11-20T22:06:42.361750 - USER:a1 - ACTION:get_file_access - DETAILS:{"read": false, "write": false}
2025-11-20T22:06:44.168908 - USER:a1 - ACTION:get_file_access - DETAILS:{"read": false, "write": false}
2025-11-20T22:06:49.173918 - USER:a1 - ACTION:get_file_access - DETAILS:{"read": false, "write": false}
2025-11-20T22:06:54.178522 - USER:a1 - ACTION:get_file_access - DETAILS:{"read": false, "write": false}
2025-11-20T22:06:59.184083 - USER:a1 - ACTION:get_file_access - DETAILS:{"read": false, "write": false}
2025-11-20T22:07:04.188799 - USER:a1 - ACTION:get_file_access - DETAILS:{"read": false, "write": false}
2025-11-20T22:07:09.193998 - USER:a1 - ACTION:get_file_access - DETAILS:{"read": false, "write": false}
2025-11-20T22:07:14.198985 - USER:a1 - ACTION:get_file_access - DETAILS:{"read": false, "write": false}
2025-11-20T22:07:19.203811 - USER:a1 - ACTION:get_file_access - DETAILS:{"read": false, "write": false}
2025-11-20T22:07:24.207332 - USER:a1 - ACTION:get_file_access - DETAILS:{"read": false, "write": false}
2025-11-20T22:07:29.212138 - USER:a1 - ACTION:get_file_access - DETAILS:{"read": false, "write": false}
2025-11-20T22:07:34.216940 - USER:a1 - ACTION:get_file_access - DETAILS:{"read": false, "write": false}
2025-11-20T22:07:39.221527 - USER:a1 - ACTION:get_file_access - DETAILS:{"read": false, "write": false}
2025-11-20T22:07:42.366574 - USER:a1 - ACTION:get_file_access - DETAILS:{"read": false, "write": false}
2025-11-20T22:07:44.226355 - USER:a1 - ACTION:get_file_access - DETAILS:{"read": false, "write": false}
2025-11-20T22:07:49.230944 - USER:a1 - ACTION:get_file_access - DETAILS:{"read": false, "write": false}
2025-11-20T22:07:54.235779 - USER:a1 - ACTION:get_file_access - DETAILS:{"read": false, "write": false}
2025-11-20T22:07:59.241336 - USER:a1 - ACTION:get_file_access - DETAILS:{"read": false, "write": false}
2025-11-20T22:08:04.247277 - USER:a1 - ACTION:get_file_access - DETAILS:{"read": false, "write": false}
2025-11-20T22:08:09.253481 - USER:a1 - ACTION:get_file_access - DETAILS:{"read": false, "write": false}
2025-11-20T22:08:14.259195 - USER:a1 - ACTION:get_file_access - DETAILS:{"read": false, "write": false}
2025-11-20T22:08:19.264174 - USER:a1 - ACTION:get_file_access - DETAILS:{"read": false, "write": false}
2025-11-20T22:08:24.268936 - USER:a1 - ACTION:get_file_access - DETAILS:{"read": false, "write": false}
2025-11-20T22:08:29.273951 - USER:a1 - ACTION:get_file_access - DETAILS:{"read": false, "write": false}
2025-11-20T22:08:32.502523 - USER:a1 - ACTION:get_file_access - DETAILS:{"read": false, "write": false}
2025-11-20T22:08:34.277499 - USER:a1 - ACTION:get_file_access - DETAILS:{"read": false, "write": false}
2025-11-20T22:08:39.281995 - USER:a1 - ACTION:get_file_access - DETAILS:{"read": false, "write": false}
2025-11-20T22:08:42.371627 - USER:a1 - ACTION:get_file_access - DETAILS:{"read": false, "write": false}
2025-11-20T22:08:44.289590 - USER:a1 - ACTION:get_file_access - DETAILS:{"read": false, "write": false}
2025-11-20T22:08:49.297732 - USER:a1 - ACTION:get_file_access - DETAILS:{"read": false, "write": false}
2025-11-20T22:08:54.302521 - USER:a1 - ACTION:get_file_access - DETAILS:{"read": false, "write": false}
2025-11-20T22:08:59.306148 - USER:a1 - ACTION:get_file_access - DETAILS:{"read": false, "write": false}
2025-11-20T22:09:04.344964 - USER:a1 - ACTION:get_file_access - DETAILS:{"read": false, "write": false}
2025-11-20T22:09:09.352743 - USER:a1 - ACTION:get_file_access - DETAILS:{"read": false, "write": false}
2025-11-20T22:09:14.363513 - USER:a1 - ACTION:get_file_access - DETAILS:{"read": false, "write": false}
2025-11-20T22:09:19.372362 - USER:a1 - ACTION:get_file_access - DETAILS:{"read": false, "write": false}
2025-11-20T22:09:24.380299 - USER:a1 - ACTION:get_file_access - DETAILS:{"read": false, "write": false}
2025-11-20T22:09:29.385414 - USER:a1 - ACTION:get_file_access - DETAILS:{"read": false, "write": false}
2025-11-20T22:09:34.388976 - USER:a1 - ACTION:get_file_access - DETAILS:{"read": false, "write": false}
2025-11-20T22:09:39.395663 - USER:a1 - ACTION:get_file_access - DETAILS:{"read": false, "write": false}
2025-11-20T22:09:42.377156 - USER:a1 - ACTION:get_file_access - DETAILS:{"read": false, "write": false}
2025-11-20T22:09:44.401545 - USER:a1 - ACTION:get_file_access - DETAILS:{"read": false, "write": false}
2025-11-20T22:09:49.410372 - USER:a1 - ACTION:get_file_access - DETAILS:{"read": false, "write": false}
2025-11-20T22:09:54.418265 - USER:a1 - ACTION:get_file_access - DETAILS:{"read": false, "write": false}
2025-11-20T22:09:59.454037 - USER:a1 - ACTION:get_file_access - DETAILS:{"read": false, "write": false}
2025-11-20T22:10:04.498742 - USER:a1 - ACTION:get_file_access - DETAILS:{"read": false, "write": false}
2025-11-20T22:10:09.509148 - USER:a1 - ACTION:get_file_access - DETAILS:{"read": false, "write": false}
2025-11-20T22:10:14.517754 - USER:a1 - ACTION:get_file_access - DETAILS:{"read": false, "write": false}
2025-11-20T22:10:19.528009 - USER:a1 - ACTION:get_file_access - DETAILS:{"read": false, "write": false}
2025-11-20T22:10:24.538190 - USER:a1 - ACTION:get_file_access - DETAILS:{"read": false, "write": false}
2025-11-20T22:10:29.548708 - USER:a1 - ACTION:get_file_access - DETAILS:{"read": false, "write": false}
2025-11-20T22:10:34.593310 - USER:a1 - ACTION:get_file_access - DETAILS:{"read": false, "write": false}
2025-11-20T22:10:39.603499 - USER:a1 - ACTION:get_file_access - DETAILS:{"read": false, "write": false}
2025-11-20T22:10:42.384566 - USER:a1 - ACTION:get_file_access - DETAILS:{"read": false, "write": false}
2025-11-20T22:10:44.613244 - USER:a1 - ACTION:get_file_access - DETAILS:{"read": false, "write": false}
2025-11-20T22:10:49.619285 - USER:a1 - ACTION:get_file_access - DETAILS:{"read": false, "write": false}
2025-11-20T22:10:54.625752 - USER:a1 - ACTION:get_file_access - DETAILS:{"read": false, "write": false}
2025-11-20T22:10:59.633796 - USER:a1 - ACTION:get_file_access - DETAILS:{"read": false, "write": false}
2025-11-20T22:11:04.639587 - USER:a1 - ACTION:get_file_access - DETAILS:{"read": false, "write": false}
2025-11-20T22:11:09.646703 - USER:a1 - ACTION:get_file_access - DETAILS:{"read": false, "write": false}
2025-11-21T07:50:11.215795 - USER:a1 - ACTION:get_file_access - DETAILS:{"read": false, "write": false}
2025-11-21T07:50:11.374429 - USER:a1 - ACTION:get_file_access - DETAILS:{"read": false, "write": false}
2025-11-21T07:50:16.380913 - USER:a1 - ACTION:get_file_access - DETAILS:{"read": false, "write": false}
2025-11-21T07:50:21.420791 - USER:a1 - ACTION:get_file_access - DETAILS:{"read": false, "write": false}
2025-11-21T07:50:26.425568 - USER:a1 - ACTION:get_file_access - DETAILS:{"read": false, "write": false}
2025-11-21T07:50:31.435442 - USER:a1 - ACTION:get_file_access - DETAILS:{"read": false, "write": false}
2025-11-21T07:50:36.445183 - USER:a1 - ACTION:get_file_access - DETAILS:{"read": false, "write": false}
2025-11-21T07:50:41.452016 - USER:a1 - ACTION:get_file_access - DETAILS:{"read": false, "write": false}
2025-11-21T07:50:46.459322 - USER:a1 - ACTION:get_file_access - DETAILS:{"read": false, "write": false}
2025-11-21T07:50:51.465489 - USER:a1 - ACTION:get_file_access - DETAILS:{"read": false, "write": false}
2025-11-21T07:50:56.474136 - USER:a1 - ACTION:get_file_access - DETAILS:{"read": false, "write": false}
2025-11-21T07:51:01.484296 - USER:a1 - ACTION:get_file_access - DETAILS:{"read": false, "write": false}
2025-11-21T07:51:06.494832 - USER:a1 - ACTION:get_file_access - DETAILS:{"read": false, "write": false}
2025-11-21T07:51:11.368386 - USER:a1 - ACTION:get_file_access - DETAILS:{"read": false, "write": false}
2025-11-21T07:51:11.507477 - USER:a1 - ACTION:get_file_access - DETAILS:{"read": false, "write": false}
2025-11-21T07:51:16.515528 - USER:a1 - ACTION:get_file_access - DETAILS:{"read": false, "write": false}
2025-11-21T07:51:21.526397 - USER:a1 - ACTION:get_file_access - DETAILS:{"read": false, "write": false}
2025-11-21T07:51:26.570478 - USER:a1 - ACTION:get_file_access - DETAILS:{"read": false, "write": false}
2025-11-21T07:51:31.578025 - USER:a1 - ACTION:get_file_access - DETAILS:{"read": false, "write": false}
2025-11-21T07:51:36.621660 - USER:a1 - ACTION:get_file_access - DETAILS:{"read": false, "write": false}
2025-11-21T07:51:41.632243 - USER:a1 - ACTION:get_file_access - DETAILS:{"read": false, "write": false}
2025-11-21T07:51:46.640720 - USER:a1 - ACTION:get_file_access - DETAILS:{"read": false, "write": false}
2025-11-21T07:51:51.651058 - USER:a1 - ACTION:get_file_access - DETAILS:{"read": false, "write": false}
2025-11-21T07:51:56.660496 - USER:a1 - ACTION:get_file_access - DETAILS:{"read": false, "write": false}
2025-11-21T07:52:01.670011 - USER:a1 - ACTION:get_file_access - DETAILS:{"read": false, "write": false}
2025-11-21T07:52:06.680874 - USER:a1 - ACTION:get_file_access - DETAILS:{"read": false, "write": false}
2025-11-21T07:52:11.376679 - USER:a1 - ACTION:get_file_access - DETAILS:{"read": false, "write": false}
2025-11-21T07:52:11.689872 - USER:a1 - ACTION:get_file_access - DETAILS:{"read": false, "write": false}
2025-11-21T07:52:16.697700 - USER:a1 - ACTION:get_file_access - DETAILS:{"read": false, "write": false}
2025-11-21T07:52:21.704253 - USER:a1 - ACTION:get_file_access - DETAILS:{"read": false, "write": false}
2025-11-21T07:52:26.712891 - USER:a1 - ACTION:get_file_access - DETAILS:{"read": false, "write": false}
2025-11-21T07:52:31.722619 - USER:a1 - ACTION:get_file_access - DETAILS:{"read": false, "write": false}
2025-11-21T07:52:36.732038 - USER:a1 - ACTION:get_file_access - DETAILS:{"read": false, "write": false}
2025-11-21T07:52:41.740954 - USER:a1 - ACTION:get_file_access - DETAILS:{"read": false, "write": false}
2025-11-21T07:52:46.748796 - USER:a1 - ACTION:get_file_access - DETAILS:{"read": false, "write": false}
2025-11-21T07:52:51.754935 - USER:a1 - ACTION:get_file_access - DETAILS:{"read": false, "write": false}
2025-11-21T07:52:56.760300 - USER:a1 - ACTION:get_file_access - DETAILS:{"read": false, "write": false}
2025-11-21T07:53:01.769707 - USER:a1 - ACTION:get_file_access - DETAILS:{"read": false, "write": false}
2025-11-21T07:53:06.777655 - USER:a1 - ACTION:get_file_access - DETAILS:{"read": false, "write": false}
2025-11-21T07:53:11.387254 - USER:a1 - ACTION:get_file_access - DETAILS:{"read": false, "write": false}
2025-11-21T07:53:11.785673 - USER:a1 - ACTION:get_file_access - DETAILS:{"read": false, "write": false}
2025-11-21T07:53:16.791637 - USER:a1 - ACTION:get_file_access - DETAILS:{"read": false, "write": false}
2025-11-21T07:53:21.796894 - USER:a1 - ACTION:get_file_access - DETAILS:{"read": false, "write": false}
2025-11-21T07:53:26.802330 - USER:a1 - ACTION:get_file_access - DETAILS:{"read": false, "write": false}
2025-11-21T07:53:31.807000 - USER:a1 - ACTION:get_file_access - DETAILS:{"read": false, "write": false}
2025-11-21T07:53:36.811770 - USER:a1 - ACTION:get_file_access - DETAILS:{"read": false, "write": false}
2025-11-21T07:53:41.818629 - USER:a1 - ACTION:get_file_access - DETAILS:{"read": false, "write": false}
2025-11-21T07:53:46.823197 - USER:a1 - ACTION:get_file_access - DETAILS:{"read": false, "write": false}
2025-11-21T07:53:51.827907 - USER:a1 - ACTION:get_file_access - DETAILS:{"read": false, "write": false}
2025-11-21T07:53:56.832447 - USER:a1 - ACTION:get_file_access - DETAILS:{"read": false, "write": false}
2025-11-21T07:54:01.837584 - USER:a1 - ACTION:get_file_access - DETAILS:{"read": false, "write": false}
2025-11-21T07:54:06.879219 - USER:a1 - ACTION:get_file_access - DETAILS:{"read": false, "write": false}
2025-11-21T07:54:11.393160 - USER:a1 - ACTION:get_file_access - DETAILS:{"read": false, "write": false}
2025-11-21T07:54:11.887135 - USER:a1 - ACTION:get_file_access - DETAILS:{"read": false, "write": false}
2025-11-21T07:54:16.893314 - USER:a1 - ACTION:get_file_access - DETAILS:{"read": false, "write": false}
2025-11-21T07:54:21.897202 - USER:a1 - ACTION:get_file_access - DETAILS:{"read": false, "write": false}
2025-11-21T07:54:26.903073 - USER:a1 - ACTION:get_file_access - DETAILS:{"read": false, "write": false}
2025-11-21T07:54:31.908626 - USER:a1 - ACTION:get_file_access - DETAILS:{"read": false, "write": false}
2025-11-21T07:54:36.915319 - USER:a1 - ACTION:get_file_access - DETAILS:{"read": false, "write": false}
2025-11-21T07:54:41.924404 - USER:a1 - ACTION:get_file_access - DETAILS:{"read": false, "write": false}
2025-11-21T07:54:46.931393 - USER:a1 - ACTION:get_file_access - DETAILS:{"read": false, "write": false}
2025-11-21T07:54:51.939212 - USER:a1 - ACTION:get_file_access - DETAILS:{"read": false, "write": false}
2025-11-21T07:54:56.948761 - USER:a1 - ACTION:get_file_access - DETAILS:{"read": false, "write": false}
2025-11-21T07:55:01.956793 - USER:a1 - ACTION:get_file_access - DETAILS:{"read": false, "write": false}
2025-11-21T07:55:06.966692 - USER:a1 - ACTION:get_file_access - DETAILS:{"read": false, "write": false}
2025-11-21T07:55:11.439248 - USER:a1 - ACTION:get_file_access - DETAILS:{"read": false, "write": false}
2025-11-21T07:55:11.974203 - USER:a1 - ACTION:get_file_access - DETAILS:{"read": false, "write": false}
2025-11-21T07:55:16.981243 - USER:a1 - ACTION:get_file_access - DETAILS:{"read": false, "write": false}
2025-11-21T07:55:21.992017 - USER:a1 - ACTION:get_file_access - DETAILS:{"read": false, "write": false}
2025-11-21T07:55:27.002605 - USER:a1 - ACTION:get_file_access - DETAILS:{"read": false, "write": false}
2025-11-21T07:55:32.013231 - USER:a1 - ACTION:get_file_access - DETAILS:{"read": false, "write": false}
2025-11-21T07:55:37.026392 - USER:a1 - ACTION:get_file_access - DETAILS:{"read": false, "write": false}
2025-11-21T07:55:42.036723 - USER:a1 - ACTION:get_file_access - DETAILS:{"read": false, "write": false}
2025-11-21T07:55:47.045401 - USER:a1 - ACTION:get_file_access - DETAILS:{"read": false, "write": false}
2025-11-21T07:55:52.054592 - USER:a1 - ACTION:get_file_access - DETAILS:{"read": false, "write": false}
2025-11-21T07:55:57.064399 - USER:a1 - ACTION:get_file_access - DETAILS:{"read": false, "write": false}
2025-11-21T07:56:02.075392 - USER:a1 - ACTION:get_file_access - DETAILS:{"read": false, "write": false}
2025-11-21T07:56:07.085738 - USER:a1 - ACTION:get_file_access - DETAILS:{"read": false, "write": false}
2025-11-21T07:56:11.484997 - USER:a1 - ACTION:get_file_access - DETAILS:{"read": false, "write": false}
2025-11-21T07:56:12.096621 - USER:a1 - ACTION:get_file_access - DETAILS:{"read": false, "write": false}
2025-11-21T07:56:17.105586 - USER:a1 - ACTION:get_file_access - DETAILS:{"read": false, "write": false}
2025-11-21T07:56:22.117492 - USER:a1 - ACTION:get_file_access - DETAILS:{"read": false, "write": false}
2025-11-21T07:56:27.128113 - USER:a1 - ACTION:get_file_access - DETAILS:{"read": false, "write": false}
2025-11-21T07:56:32.138912 - USER:a1 - ACTION:get_file_access - DETAILS:{"read": false, "write": false}
2025-11-21T07:56:37.181853 - USER:a1 - ACTION:get_file_access - DETAILS:{"read": false, "write": false}
2025-11-21T07:56:42.190277 - USER:a1 - ACTION:get_file_access - DETAILS:{"read": false, "write": false}
2025-11-21T07:56:47.197152 - USER:a1 - ACTION:get_file_access - DETAILS:{"read": false, "write": false}
2025-11-21T07:56:52.204181 - USER:a1 - ACTION:get_file_access - DETAILS:{"read": false, "write": false}
2025-11-21T07:56:57.209635 - USER:a1 - ACTION:get_file_access - DETAILS:{"read": false, "write": false}
2025-11-21T07:57:02.215045 - USER:a1 - ACTION:get_file_access - DETAILS:{"read": false, "write": false}
2025-11-21T07:57:07.219694 - USER:a1 - ACTION:get_file_access - DETAILS:{"read": false, "write": false}
2025-11-21T07:57:11.528531 - USER:a1 - ACTION:get_file_access - DETAILS:{"read": false, "write": false}
2025-11-21T07:57:12.226014 - USER:a1 - ACTION:get_file_access - DETAILS:{"read": false, "write": false}
2025-11-21T07:57:17.231368 - USER:a1 - ACTION:get_file_access - DETAILS:{"read": false, "write": false}
2025-11-21T07:57:22.270357 - USER:a1 - ACTION:get_file_access - DETAILS:{"read": false, "write": false}
2025-11-21T07:57:27.280173 - USER:a1 - ACTION:get_file_access - DETAILS:{"read": false, "write": false}
2025-11-21T07:57:32.292962 - USER:a1 - ACTION:get_file_access - DETAILS:{"read": false, "write": false}
2025-11-21T07:57:37.301314 - USER:a1 - ACTION:get_file_access - DETAILS:{"read": false, "write": false}
2025-11-21T07:57:42.309340 - USER:a1 - ACTION:get_file_access - DETAILS:{"read": false, "write": false}
2025-11-21T07:57:47.315204 - USER:a1 - ACTION:get_file_access - DETAILS:{"read": false, "write": false}
2025-11-21T07:57:52.324564 - USER:a1 - ACTION:get_file_access - DETAILS:{"read": false, "write": false}
2025-11-21T07:57:57.363228 - USER:a1 - ACTION:get_file_access - DETAILS:{"read": false, "write": false}
2025-11-21T07:58:02.368269 - USER:a1 - ACTION:get_file_access - DETAILS:{"read": false, "write": false}
2025-11-21T07:58:07.376659 - USER:a1 - ACTION:get_file_access - DETAILS:{"read": false, "write": false}
2025-11-21T07:58:11.534345 - USER:a1 - ACTION:get_file_access - DETAILS:{"read": false, "write": false}
2025-11-21T07:58:12.382323 - USER:a1 - ACTION:get_file_access - DETAILS:{"read": false, "write": false}
2025-11-21T07:58:17.386592 - USER:a1 - ACTION:get_file_access - DETAILS:{"read": false, "write": false}
2025-11-21T07:58:22.424862 - USER:a1 - ACTION:get_file_access - DETAILS:{"read": false, "write": false}
2025-11-21T07:58:27.463437 - USER:a1 - ACTION:get_file_access - DETAILS:{"read": false, "write": false}
2025-11-21T07:58:32.468695 - USER:a1 - ACTION:get_file_access - DETAILS:{"read": false, "write": false}
2025-11-21T07:58:37.478032 - USER:a1 - ACTION:get_file_access - DETAILS:{"read": false, "write": false}
2025-11-21T07:58:42.488936 - USER:a1 - ACTION:get_file_access - DETAILS:{"read": false, "write": false}
2025-11-21T07:58:47.492482 - USER:a1 - ACTION:get_file_access - DETAILS:{"read": false, "write": false}
2025-11-21T07:58:52.497191 - USER:a1 - ACTION:get_file_access - DETAILS:{"read": false, "write": false}
2025-11-21T07:58:57.502355 - USER:a1 - ACTION:get_file_access - DETAILS:{"read": false, "write": false}
2025-11-21T07:59:02.507249 - USER:a1 - ACTION:get_file_access - DETAILS:{"read": false, "write": false}
2025-11-21T07:59:07.512161 - USER:a1 - ACTION:get_file_access - DETAILS:{"read": false, "write": false}
2025-11-21T07:59:11.538858 - USER:a1 - ACTION:get_file_access - DETAILS:{"read": false, "write": false}
2025-11-21T07:59:12.517257 - USER:a1 - ACTION:get_file_access - DETAILS:{"read": false, "write": false}
2025-11-21T07:59:17.520633 - USER:a1 - ACTION:get_file_access - DETAILS:{"read": false, "write": false}
2025-11-21T07:59:22.525311 - USER:a1 - ACTION:get_file_access - DETAILS:{"read": false, "write": false}
2025-11-21T07:59:27.530118 - USER:a1 - ACTION:get_file_access - DETAILS:{"read": false, "write": false}
2025-11-21T07:59:32.538295 - USER:a1 - ACTION:get_file_access - DETAILS:{"read": false, "write": false}
2025-11-21T07:59:37.546055 - USER:a1 - ACTION:get_file_access - DETAILS:{"read": false, "write": false}
2025-11-21T07:59:42.553865 - USER:a1 - ACTION:get_file_access - DETAILS:{"read": false, "write": false}
2025-11-21T07:59:47.563888 - USER:a1 - ACTION:get_file_access - DETAILS:{"read": false, "write": false}
2025-11-21T07:59:52.570097 - USER:a1 - ACTION:get_file_access - DETAILS:{"read": false, "write": false}
2025-11-21T07:59:57.580096 - USER:a1 - ACTION:get_file_access - DETAILS:{"read": false, "write": false}
2025-11-21T08:00:02.590807 - USER:a1 - ACTION:get_file_access - DETAILS:{"read": false, "write": false}
2025-11-21T08:00:07.598992 - USER:a1 - ACTION:get_file_access - DETAILS:{"read": false, "write": false}
2025-11-21T08:00:11.545231 - USER:a1 - ACTION:get_file_access - DETAILS:{"read": false, "write": false}
2025-11-21T08:00:12.604828 - USER:a1 - ACTION:get_file_access - DETAILS:{"read": false, "write": false}
2025-11-21T08:00:17.613062 - USER:a1 - ACTION:get_file_access - DETAILS:{"read": false, "write": false}
2025-11-21T08:00:22.621014 - USER:a1 - ACTION:get_file_access - DETAILS:{"read": false, "write": false}
2025-11-21T08:00:27.631483 - USER:a1 - ACTION:get_file_access - DETAILS:{"read": false, "write": false}
2025-11-21T08:00:32.638123 - USER:a1 - ACTION:get_file_access - DETAILS:{"read": false, "write": false}
2025-11-21T08:00:37.647258 - USER:a1 - ACTION:get_file_access - DETAILS:{"read": false, "write": false}
2025-11-21T08:00:42.659101 - USER:a1 - ACTION:get_file_access - DETAILS:{"read": false, "write": false}
2025-11-21T08:00:47.667144 - USER:a1 - ACTION:get_file_access - DETAILS:{"read": false, "write": false}
2025-11-21T08:00:52.678852 - USER:a1 - ACTION:get_file_access - DETAILS:{"read": false, "write": false}
2025-11-21T08:00:57.688548 - USER:a1 - ACTION:get_file_access - DETAILS:{"read": false, "write": false}
2025-11-21T08:01:02.699040 - USER:a1 - ACTION:get_file_access - DETAILS:{"read": false, "write": false}
2025-11-21T08:01:07.741367 - USER:a1 - ACTION:get_file_access - DETAILS:{"read": false, "write": false}
2025-11-21T08:01:11.553717 - USER:a1 - ACTION:get_file_access - DETAILS:{"read": false, "write": false}
2025-11-21T08:01:12.748966 - USER:a1 - ACTION:get_file_access - DETAILS:{"read": false, "write": false}
2025-11-21T08:01:17.756602 - USER:a1 - ACTION:get_file_access - DETAILS:{"read": false, "write": false}
2025-11-21T08:01:22.764861 - USER:a1 - ACTION:get_file_access - DETAILS:{"read": false, "write": false}
2025-11-21T08:01:27.771884 - USER:a1 - ACTION:get_file_access - DETAILS:{"read": false, "write": false}
2025-11-21T08:01:32.780111 - USER:a1 - ACTION:get_file_access - DETAILS:{"read": false, "write": false}
2025-11-21T08:01:37.789374 - USER:a1 - ACTION:get_file_access - DETAILS:{"read": false, "write": false}
2025-11-21T08:01:42.798288 - USER:a1 - ACTION:get_file_access - DETAILS:{"read": false, "write": false}
2025-11-21T08:01:47.803736 - USER:a1 - ACTION:get_file_access - DETAILS:{"read": false, "write": false}
2025-11-21T08:01:52.808866 - USER:a1 - ACTION:get_file_access - DETAILS:{"read": false, "write": false}
2025-11-21T08:01:57.847583 - USER:a1 - ACTION:get_file_access - DETAILS:{"read": false, "write": false}
2025-11-21T08:02:02.857177 - USER:a1 - ACTION:get_file_access - DETAILS:{"read": false, "write": false}
2025-11-21T08:02:07.861289 - USER:a1 - ACTION:get_file_access - DETAILS:{"read": false, "write": false}
2025-11-21T08:02:11.598111 - USER:a1 - ACTION:get_file_access - DETAILS:{"read": false, "write": false}
2025-11-21T08:02:12.866767 - USER:a1 - ACTION:get_file_access - DETAILS:{"read": false, "write": false}
2025-11-21T08:02:17.871917 - USER:a1 - ACTION:get_file_access - DETAILS:{"read": false, "write": false}
2025-11-21T08:12:14.736839 - USER:a1 - ACTION:get_file_access - DETAILS:{"read": false, "write": false}
2025-11-21T08:12:14.928078 - USER:a1 - ACTION:get_file_access - DETAILS:{"read": false, "write": false}
2025-11-21T08:12:19.931325 - USER:a1 - ACTION:get_file_access - DETAILS:{"read": false, "write": false}
2025-11-21T08:12:24.936253 - USER:a1 - ACTION:get_file_access - DETAILS:{"read": false, "write": false}
2025-11-21T08:12:29.939835 - USER:a1 - ACTION:get_file_access - DETAILS:{"read": false, "write": false}
2025-11-21T08:12:34.985176 - USER:a1 - ACTION:get_file_access - DETAILS:{"read": false, "write": false}
2025-11-21T08:12:40.026874 - USER:a1 - ACTION:get_file_access - DETAILS:{"read": false, "write": false}
2025-11-21T08:12:45.031672 - USER:a1 - ACTION:get_file_access - DETAILS:{"read": false, "write": false}
2025-11-21T08:12:50.034943 - USER:a1 - ACTION:get_file_access - DETAILS:{"read": false, "write": false}
2025-11-21T08:12:55.045165 - USER:a1 - ACTION:get_file_access - DETAILS:{"read": false, "write": false}
2025-11-21T08:13:00.052082 - USER:a1 - ACTION:get_file_access - DETAILS:{"read": false, "write": false}
2025-11-21T08:13:05.061139 - USER:a1 - ACTION:get_file_access - DETAILS:{"read": false, "write": false}
2025-11-21T08:13:10.069552 - USER:a1 - ACTION:get_file_access - DETAILS:{"read": false, "write": false}
2025-11-21T08:13:14.919385 - USER:a1 - ACTION:get_file_access - DETAILS:{"read": false, "write": false}
2025-11-21T08:13:15.074609 - USER:a1 - ACTION:get_file_access - DETAILS:{"read": false, "write": false}
2025-11-21T08:13:20.082680 - USER:a1 - ACTION:get_file_access - DETAILS:{"read": false, "write": false}
2025-11-21T08:13:25.087440 - USER:a1 - ACTION:get_file_access - DETAILS:{"read": false, "write": false}
2025-11-21T08:13:30.094873 - USER:a1 - ACTION:get_file_access - DETAILS:{"read": false, "write": false}
2025-11-21T08:13:35.107566 - USER:a1 - ACTION:get_file_access - DETAILS:{"read": false, "write": false}
2025-11-21T08:13:40.147228 - USER:a1 - ACTION:get_file_access - DETAILS:{"read": false, "write": false}
2025-11-21T08:13:45.154978 - USER:a1 - ACTION:get_file_access - DETAILS:{"read": false, "write": false}
2025-11-21T08:13:50.163520 - USER:a1 - ACTION:get_file_access - DETAILS:{"read": false, "write": false}
2025-11-21T08:13:55.173380 - USER:a1 - ACTION:get_file_access - DETAILS:{"read": false, "write": false}
2025-11-21T08:14:00.178904 - USER:a1 - ACTION:get_file_access - DETAILS:{"read": false, "write": false}
2025-11-21T08:14:05.187817 - USER:a1 - ACTION:get_file_access - DETAILS:{"read": false, "write": false}
2025-11-21T08:14:10.198083 - USER:a1 - ACTION:get_file_access - DETAILS:{"read": false, "write": false}
2025-11-21T08:14:14.929758 - USER:a1 - ACTION:get_file_access - DETAILS:{"read": false, "write": false}
2025-11-21T08:14:15.239418 - USER:a1 - ACTION:get_file_access - DETAILS:{"read": false, "write": false}
2025-11-21T08:14:20.243235 - USER:a1 - ACTION:get_file_access - DETAILS:{"read": false, "write": false}
2025-11-21T08:14:25.252410 - USER:a1 - ACTION:get_file_access - DETAILS:{"read": false, "write": false}
2025-11-21T08:14:30.260403 - USER:a1 - ACTION:get_file_access - DETAILS:{"read": false, "write": false}
2025-11-21T08:14:35.271362 - USER:a1 - ACTION:get_file_access - DETAILS:{"read": false, "write": false}
2025-11-21T08:14:40.276880 - USER:a1 - ACTION:get_file_access - DETAILS:{"read": false, "write": false}
2025-11-21T08:14:45.281870 - USER:a1 - ACTION:get_file_access - DETAILS:{"read": false, "write": false}
2025-11-21T08:14:50.287560 - USER:a1 - ACTION:get_file_access - DETAILS:{"read": false, "write": false}
2025-11-21T08:14:55.293822 - USER:a1 - ACTION:get_file_access - DETAILS:{"read": false, "write": false}
2025-11-21T08:15:00.337240 - USER:a1 - ACTION:get_file_access - DETAILS:{"read": false, "write": false}
2025-11-21T08:15:05.347630 - USER:a1 - ACTION:get_file_access - DETAILS:{"read": false, "write": false}
2025-11-21T08:15:10.358246 - USER:a1 - ACTION:get_file_access - DETAILS:{"read": false, "write": false}
2025-11-21T08:15:14.938012 - USER:a1 - ACTION:get_file_access - DETAILS:{"read": false, "write": false}
2025-11-21T08:15:15.367983 - USER:a1 - ACTION:get_file_access - DETAILS:{"read": false, "write": false}
2025-11-21T08:15:20.377150 - USER:a1 - ACTION:get_file_access - DETAILS:{"read": false, "write": false}
2025-11-21T08:15:25.387635 - USER:a1 - ACTION:get_file_access - DETAILS:{"read": false, "write": false}
2025-11-21T08:15:30.432491 - USER:a1 - ACTION:get_file_access - DETAILS:{"read": false, "write": false}
2025-11-21T08:15:35.442938 - USER:a1 - ACTION:get_file_access - DETAILS:{"read": false, "write": false}
2025-11-21T08:15:40.453039 - USER:a1 - ACTION:get_file_access - DETAILS:{"read": false, "write": false}
2025-11-21T08:15:45.461004 - USER:a1 - ACTION:get_file_access - DETAILS:{"read": false, "write": false}
2025-11-21T08:15:50.467477 - USER:a1 - ACTION:get_file_access - DETAILS:{"read": false, "write": false}
2025-11-21T08:15:55.475331 - USER:a1 - ACTION:get_file_access - DETAILS:{"read": false, "write": false}
2025-11-21T08:16:00.480328 - USER:a1 - ACTION:get_file_access - DETAILS:{"read": false, "write": false}
2025-11-21T08:16:05.487439 - USER:a1 - ACTION:get_file_access - DETAILS:{"read": false, "write": false}
2025-11-21T08:16:10.493243 - USER:a1 - ACTION:get_file_access - DETAILS:{"read": false, "write": false}
2025-11-21T08:16:14.947668 - USER:a1 - ACTION:get_file_access - DETAILS:{"read": false, "write": false}
2025-11-21T08:16:15.497644 - USER:a1 - ACTION:get_file_access - DETAILS:{"read": false, "write": false}
2025-11-21T08:16:20.514395 - USER:a1 - ACTION:get_file_access - DETAILS:{"read": false, "write": false}
2025-11-21T08:16:25.523049 - USER:a1 - ACTION:get_file_access - DETAILS:{"read": false, "write": false}
2025-11-21T08:16:30.552054 - USER:a1 - ACTION:get_file_access - DETAILS:{"read": false, "write": false}
2025-11-21T08:16:35.557298 - USER:a1 - ACTION:get_file_access - DETAILS:{"read": false, "write": false}
2025-11-21T08:16:40.563026 - USER:a1 - ACTION:get_file_access - DETAILS:{"read": false, "write": false}
2025-11-21T08:16:45.571724 - USER:a1 - ACTION:get_file_access - DETAILS:{"read": false, "write": false}
2025-11-21T08:16:50.581161 - USER:a1 - ACTION:get_file_access - DETAILS:{"read": false, "write": false}
2025-11-21T08:16:55.587902 - USER:a1 - ACTION:get_file_access - DETAILS:{"read": false, "write": false}
2025-11-21T08:17:00.628444 - USER:a1 - ACTION:get_file_access - DETAILS:{"read": false, "write": false}
2025-11-21T08:17:05.636133 - USER:a1 - ACTION:get_file_access - DETAILS:{"read": false, "write": false}
2025-11-21T08:17:10.645295 - USER:a1 - ACTION:get_file_access - DETAILS:{"read": false, "write": false}
2025-11-21T08:17:14.987718 - USER:a1 - ACTION:get_file_access - DETAILS:{"read": false, "write": false}
2025-11-21T08:17:15.654582 - USER:a1 - ACTION:get_file_access - DETAILS:{"read": false, "write": false}
2025-11-21T08:17:20.663249 - USER:a1 - ACTION:get_file_access - DETAILS:{"read": false, "write": false}
2025-11-21T08:17:30.670452 - USER:a1 - ACTION:get_file_access - DETAILS:{"read": false, "write": false}
2025-11-21T08:18:00.110551 - USER:a1 - ACTION:get_file_access - DETAILS:{"read": false, "write": false}
2025-11-21T08:18:00.128871 - USER:a1 - ACTION:get_file_access - DETAILS:{"read": false, "write": false}
2025-11-21T08:18:05.153458 - USER:a1 - ACTION:get_file_access - DETAILS:{"read": false, "write": false}
2025-11-21T08:18:10.195729 - USER:a1 - ACTION:get_file_access - DETAILS:{"read": false, "write": false}
2025-11-21T08:18:15.206055 - USER:a1 - ACTION:get_file_access - DETAILS:{"read": false, "write": false}
2025-11-21T08:18:20.214095 - USER:a1 - ACTION:get_file_access - DETAILS:{"read": false, "write": false}
2025-11-21T08:18:25.223302 - USER:a1 - ACTION:get_file_access - DETAILS:{"read": false, "write": false}
2025-11-21T08:18:30.232183 - USER:a1 - ACTION:get_file_access - DETAILS:{"read": false, "write": false}
2025-11-21T08:18:35.237417 - USER:a1 - ACTION:get_file_access - DETAILS:{"read": false, "write": false}
2025-11-21T08:18:40.244288 - USER:a1 - ACTION:get_file_access - DETAILS:{"read": false, "write": false}
2025-11-21T08:18:45.253919 - USER:a1 - ACTION:get_file_access - DETAILS:{"read": false, "write": false}
2025-11-21T08:18:50.263991 - USER:a1 - ACTION:get_file_access - DETAILS:{"read": false, "write": false}
2025-11-21T08:18:55.275705 - USER:a1 - ACTION:get_file_access - DETAILS:{"read": false, "write": false}
2025-11-21T08:19:00.153881 - USER:a1 - ACTION:get_file_access - DETAILS:{"read": false, "write": false}
2025-11-21T08:19:00.281965 - USER:a1 - ACTION:get_file_access - DETAILS:{"read": false, "write": false}
2025-11-21T08:19:05.290326 - USER:a1 - ACTION:get_file_access - DETAILS:{"read": false, "write": false}
2025-11-21T08:19:10.300754 - USER:a1 - ACTION:get_file_access - DETAILS:{"read": false, "write": false}
2025-11-21T08:19:15.309599 - USER:a1 - ACTION:get_file_access - DETAILS:{"read": false, "write": false}
2025-11-21T08:19:20.320669 - USER:a1 - ACTION:get_file_access - DETAILS:{"read": false, "write": false}
2025-11-21T08:19:25.326427 - USER:a1 - ACTION:get_file_access - DETAILS:{"read": false, "write": false}
2025-11-21T08:19:30.340308 - USER:a1 - ACTION:get_file_access - DETAILS:{"read": false, "write": false}
2025-11-21T08:19:35.348480 - USER:a1 - ACTION:get_file_access - DETAILS:{"read": false, "write": false}
2025-11-21T08:19:40.358819 - USER:a1 - ACTION:get_file_access - DETAILS:{"read": false, "write": false}
2025-11-21T08:19:45.370374 - USER:a1 - ACTION:get_file_access - DETAILS:{"read": false, "write": false}
2025-11-21T08:19:50.379774 - USER:a1 - ACTION:get_file_access - DETAILS:{"read": false, "write": false}
2025-11-21T08:19:55.388441 - USER:a1 - ACTION:get_file_access - DETAILS:{"read": false, "write": false}
2025-11-21T08:20:00.198621 - USER:a1 - ACTION:get_file_access - DETAILS:{"read": false, "write": false}
2025-11-21T08:20:00.431113 - USER:a1 - ACTION:get_file_access - DETAILS:{"read": false, "write": false}
2025-11-21T08:20:05.438840 - USER:a1 - ACTION:get_file_access - DETAILS:{"read": false, "write": false}
2025-11-21T08:20:10.483621 - USER:a1 - ACTION:get_file_access - DETAILS:{"read": false, "write": false}
2025-11-21T08:20:15.528301 - USER:a1 - ACTION:get_file_access - DETAILS:{"read": false, "write": false}
2025-11-21T08:20:20.538755 - USER:a1 - ACTION:get_file_access - DETAILS:{"read": false, "write": false}
2025-11-21T08:20:25.548052 - USER:a1 - ACTION:get_file_access - DETAILS:{"read": false, "write": false}
2025-11-21T08:20:30.555475 - USER:a1 - ACTION:get_file_access - DETAILS:{"read": false, "write": false}
2025-11-21T08:20:35.561854 - USER:a1 - ACTION:get_file_access - DETAILS:{"read": false, "write": false}
2025-11-21T08:20:40.570660 - USER:a1 - ACTION:get_file_access - DETAILS:{"read": false, "write": false}
2025-11-21T08:20:45.614650 - USER:a1 - ACTION:get_file_access - DETAILS:{"read": false, "write": false}
2025-11-21T08:20:50.657770 - USER:a1 - ACTION:get_file_access - DETAILS:{"read": false, "write": false}
2025-11-21T08:20:55.697053 - USER:a1 - ACTION:get_file_access - DETAILS:{"read": false, "write": false}
2025-11-21T08:21:00.207444 - USER:a1 - ACTION:get_file_access - DETAILS:{"read": false, "write": false}
2025-11-21T08:21:00.741803 - USER:a1 - ACTION:get_file_access - DETAILS:{"read": false, "write": false}
2025-11-21T08:21:05.751733 - USER:a1 - ACTION:get_file_access - DETAILS:{"read": false, "write": false}
2025-11-21T08:21:10.795985 - USER:a1 - ACTION:get_file_access - DETAILS:{"read": false, "write": false}
2025-11-21T08:21:15.835029 - USER:a1 - ACTION:get_file_access - DETAILS:{"read": false, "write": false}
2025-11-21T08:21:20.879163 - USER:a1 - ACTION:get_file_access - DETAILS:{"read": false, "write": false}
2025-11-21T08:21:25.886104 - USER:a1 - ACTION:get_file_access - DETAILS:{"read": false, "write": false}
2025-11-21T08:21:30.891489 - USER:a1 - ACTION:get_file_access - DETAILS:{"read": false, "write": false}
2025-11-21T08:21:35.896331 - USER:a1 - ACTION:get_file_access - DETAILS:{"read": false, "write": false}
2025-11-21T08:21:40.901642 - USER:a1 - ACTION:get_file_access - DETAILS:{"read": false, "write": false}
2025-11-21T08:21:45.908963 - USER:a1 - ACTION:get_file_access - DETAILS:{"read": false, "write": false}
2025-11-21T08:21:50.918617 - USER:a1 - ACTION:get_file_access - DETAILS:{"read": false, "write": false}
2025-11-21T08:21:55.928169 - USER:a1 - ACTION:get_file_access - DETAILS:{"read": false, "write": false}
2025-11-21T08:22:00.213063 - USER:a1 - ACTION:get_file_access - DETAILS:{"read": false, "write": false}
2025-11-21T08:22:00.936042 - USER:a1 - ACTION:get_file_access - DETAILS:{"read": false, "write": false}
2025-11-21T08:22:05.939314 - USER:a1 - ACTION:get_file_access - DETAILS:{"read": false, "write": false}
2025-11-21T08:22:10.947941 - USER:a1 - ACTION:get_file_access - DETAILS:{"read": false, "write": false}
2025-11-21T08:22:15.956081 - USER:a1 - ACTION:get_file_access - DETAILS:{"read": false, "write": false}
2025-11-21T08:22:20.968501 - USER:a1 - ACTION:get_file_access - DETAILS:{"read": false, "write": false}
2025-11-21T08:22:25.979317 - USER:a1 - ACTION:get_file_access - DETAILS:{"read": false, "write": false}
2025-11-21T08:22:30.991410 - USER:a1 - ACTION:get_file_access - DETAILS:{"read": false, "write": false}
2025-11-21T08:22:36.000410 - USER:a1 - ACTION:get_file_access - DETAILS:{"read": false, "write": false}
2025-11-21T08:22:41.008779 - USER:a1 - ACTION:get_file_access - DETAILS:{"read": false, "write": false}
2025-11-21T08:22:46.015867 - USER:a1 - ACTION:get_file_access - DETAILS:{"read": false, "write": false}
2025-11-21T08:22:51.023707 - USER:a1 - ACTION:get_file_access - DETAILS:{"read": false, "write": false}
2025-11-21T08:22:56.068068 - USER:a1 - ACTION:get_file_access - DETAILS:{"read": false, "write": false}
2025-11-21T08:23:00.712631 - USER:a1 - ACTION:get_file_access - DETAILS:{"read": false, "write": false}
2025-11-21T08:23:01.075923 - USER:a1 - ACTION:get_file_access - DETAILS:{"read": false, "write": false}
2025-11-21T08:23:06.083025 - USER:a1 - ACTION:get_file_access - DETAILS:{"read": false, "write": false}
2025-11-21T08:23:11.091835 - USER:a1 - ACTION:get_file_access - DETAILS:{"read": false, "write": false}
2025-11-21T08:23:16.102277 - USER:a1 - ACTION:get_file_access - DETAILS:{"read": false, "write": false}
2025-11-21T08:39:11.779566 - USER:a1 - ACTION:get_file_access - DETAILS:{"read": false, "write": false}
2025-11-21T08:39:11.956960 - USER:a1 - ACTION:get_file_access - DETAILS:{"read": false, "write": false}
2025-11-21T08:39:16.964834 - USER:a1 - ACTION:get_file_access - DETAILS:{"read": false, "write": false}
2025-11-21T08:39:21.972545 - USER:a1 - ACTION:get_file_access - DETAILS:{"read": false, "write": false}
2025-11-21T08:39:26.981348 - USER:a1 - ACTION:get_file_access - DETAILS:{"read": false, "write": false}
2025-11-21T08:39:31.987161 - USER:a1 - ACTION:get_file_access - DETAILS:{"read": false, "write": false}
2025-11-21T08:39:36.993850 - USER:a1 - ACTION:get_file_access - DETAILS:{"read": false, "write": false}
2025-11-21T08:39:42.035228 - USER:a1 - ACTION:get_file_access - DETAILS:{"read": false, "write": false}
2025-11-21T08:39:47.038644 - USER:a1 - ACTION:get_file_access - DETAILS:{"read": false, "write": false}
2025-11-21T08:39:52.045865 - USER:a1 - ACTION:get_file_access - DETAILS:{"read": false, "write": false}
2025-11-21T08:39:57.053901 - USER:a1 - ACTION:get_file_access - DETAILS:{"read": false, "write": false}
2025-11-21T08:40:02.060282 - USER:a1 - ACTION:get_file_access - DETAILS:{"read": false, "write": false}
2025-11-21T08:40:07.102225 - USER:a1 - ACTION:get_file_access - DETAILS:{"read": false, "write": false}
2025-11-21T08:40:11.940952 - USER:a1 - ACTION:get_file_access - DETAILS:{"read": false, "write": false}
2025-11-21T08:40:12.109844 - USER:a1 - ACTION:get_file_access - DETAILS:{"read": false, "write": false}
2025-11-21T08:40:17.116201 - USER:a1 - ACTION:get_file_access - DETAILS:{"read": false, "write": false}
2025-11-21T08:40:22.125155 - USER:a1 - ACTION:get_file_access - DETAILS:{"read": false, "write": false}
2025-11-21T08:40:27.133684 - USER:a1 - ACTION:get_file_access - DETAILS:{"read": false, "write": false}
2025-11-21T08:40:32.141072 - USER:a1 - ACTION:get_file_access - DETAILS:{"read": false, "write": false}
2025-11-21T08:40:37.149171 - USER:a1 - ACTION:get_file_access - DETAILS:{"read": false, "write": false}
2025-11-21T08:40:42.156607 - USER:a1 - ACTION:get_file_access - DETAILS:{"read": false, "write": false}
2025-11-21T08:40:47.198114 - USER:a1 - ACTION:get_file_access - DETAILS:{"read": false, "write": false}
2025-11-21T08:40:52.204009 - USER:a1 - ACTION:get_file_access - DETAILS:{"read": false, "write": false}
2025-11-21T08:40:57.247493 - USER:a1 - ACTION:get_file_access - DETAILS:{"read": false, "write": false}
2025-11-21T08:41:02.256273 - USER:a1 - ACTION:get_file_access - DETAILS:{"read": false, "write": false}
2025-11-21T08:41:07.266805 - USER:a1 - ACTION:get_file_access - DETAILS:{"read": false, "write": false}
2025-11-21T08:41:11.984575 - USER:a1 - ACTION:get_file_access - DETAILS:{"read": false, "write": false}
2025-11-21T08:41:12.272940 - USER:a1 - ACTION:get_file_access - DETAILS:{"read": false, "write": false}
2025-11-21T08:41:17.281659 - USER:a1 - ACTION:get_file_access - DETAILS:{"read": false, "write": false}
2025-11-21T08:41:22.287285 - USER:a1 - ACTION:get_file_access - DETAILS:{"read": false, "write": false}
2025-11-21T08:41:27.294061 - USER:a1 - ACTION:get_file_access - DETAILS:{"read": false, "write": false}
2025-11-21T08:41:32.304338 - USER:a1 - ACTION:get_file_access - DETAILS:{"read": false, "write": false}
2025-11-21T08:41:37.316127 - USER:a1 - ACTION:get_file_access - DETAILS:{"read": false, "write": false}
2025-11-21T08:41:42.358630 - USER:a1 - ACTION:get_file_access - DETAILS:{"read": false, "write": false}
2025-11-21T08:41:47.365289 - USER:a1 - ACTION:get_file_access - DETAILS:{"read": false, "write": false}
2025-11-21T08:41:52.372846 - USER:a1 - ACTION:get_file_access - DETAILS:{"read": false, "write": false}
2025-11-21T08:41:57.381608 - USER:a1 - ACTION:get_file_access - DETAILS:{"read": false, "write": false}
2025-11-21T08:42:02.389416 - USER:a1 - ACTION:get_file_access - DETAILS:{"read": false, "write": false}
2025-11-21T08:42:07.394918 - USER:a1 - ACTION:get_file_access - DETAILS:{"read": false, "write": false}
2025-11-21T08:42:10.033271 - USER:a1 - ACTION:get_file_access - DETAILS:{"read": false, "write": false}
2025-11-21T08:42:12.027162 - USER:a1 - ACTION:get_file_access - DETAILS:{"read": false, "write": false}
2025-11-21T08:42:12.401068 - USER:a1 - ACTION:get_file_access - DETAILS:{"read": false, "write": false}
2025-11-21T08:42:17.405591 - USER:a1 - ACTION:get_file_access - DETAILS:{"read": false, "write": false}
2025-11-21T08:42:22.411081 - USER:a1 - ACTION:get_file_access - DETAILS:{"read": false, "write": false}
2025-11-21T08:42:27.418352 - USER:a1 - ACTION:get_file_access - DETAILS:{"read": false, "write": false}
2025-11-21T08:42:32.425748 - USER:a1 - ACTION:get_file_access - DETAILS:{"read": false, "write": false}
2025-11-21T08:42:37.434598 - USER:a1 - ACTION:get_file_access - DETAILS:{"read": false, "write": false}
2025-11-21T08:42:42.439129 - USER:a1 - ACTION:get_file_access - DETAILS:{"read": false, "write": false}
2025-11-21T08:42:47.442438 - USER:a1 - ACTION:get_file_access - DETAILS:{"read": false, "write": false}
2025-11-21T08:42:52.445800 - USER:a1 - ACTION:get_file_access - DETAILS:{"read": false, "write": false}
2025-11-21T08:42:57.452845 - USER:a1 - ACTION:get_file_access - DETAILS:{"read": false, "write": false}
2025-11-21T08:43:02.462692 - USER:a1 - ACTION:get_file_access - DETAILS:{"read": false, "write": false}
2025-11-21T08:43:07.471393 - USER:a1 - ACTION:get_file_access - DETAILS:{"read": false, "write": false}
2025-11-21T08:43:12.034054 - USER:a1 - ACTION:get_file_access - DETAILS:{"read": false, "write": false}
2025-11-21T08:43:12.478177 - USER:a1 - ACTION:get_file_access - DETAILS:{"read": false, "write": false}
2025-11-21T08:43:17.484262 - USER:a1 - ACTION:get_file_access - DETAILS:{"read": false, "write": false}
2025-11-21T08:43:22.490894 - USER:a1 - ACTION:get_file_access - DETAILS:{"read": false, "write": false}
2025-11-21T08:43:27.535619 - USER:a1 - ACTION:get_file_access - DETAILS:{"read": false, "write": false}
2025-11-21T08:43:32.542903 - USER:a1 - ACTION:get_file_access - DETAILS:{"read": false, "write": false}
2025-11-21T08:43:37.550698 - USER:a1 - ACTION:get_file_access - DETAILS:{"read": false, "write": false}
2025-11-21T08:43:42.555380 - USER:a1 - ACTION:get_file_access - DETAILS:{"read": false, "write": false}
2025-11-21T08:43:47.569144 - USER:a1 - ACTION:get_file_access - DETAILS:{"read": false, "write": false}
2025-11-21T08:43:52.575910 - USER:a1 - ACTION:get_file_access - DETAILS:{"read": false, "write": false}
2025-11-21T08:44:13.810475 - USER:a1 - ACTION:get_file_access - DETAILS:{"read": false, "write": false}
2025-11-21T08:44:13.832715 - USER:a1 - ACTION:get_file_access - DETAILS:{"read": false, "write": false}
2025-11-21T08:44:18.838217 - USER:a1 - ACTION:get_file_access - DETAILS:{"read": false, "write": false}
2025-11-21T08:44:23.848020 - USER:a1 - ACTION:get_file_access - DETAILS:{"read": false, "write": false}
2025-11-21T08:44:28.855582 - USER:a1 - ACTION:get_file_access - DETAILS:{"read": false, "write": false}
2025-11-21T08:44:33.864061 - USER:a1 - ACTION:get_file_access - DETAILS:{"read": false, "write": false}
2025-11-21T08:44:38.876059 - USER:a1 - ACTION:get_file_access - DETAILS:{"read": false, "write": false}
2025-11-21T08:44:43.883447 - USER:a1 - ACTION:get_file_access - DETAILS:{"read": false, "write": false}
2025-11-21T08:44:45.303048 - USER:a1 - ACTION:get_file_access - DETAILS:{"read": false, "write": false}
2025-11-21T08:44:48.889146 - USER:a1 - ACTION:get_file_access - DETAILS:{"read": false, "write": false}
2025-11-21T08:44:53.895966 - USER:a1 - ACTION:get_file_access - DETAILS:{"read": false, "write": false}
2025-11-21T08:44:58.905149 - USER:a1 - ACTION:get_file_access - DETAILS:{"read": false, "write": false}
2025-11-21T08:45:03.910514 - USER:a1 - ACTION:get_file_access - DETAILS:{"read": false, "write": false}
2025-11-21T08:45:08.917202 - USER:a1 - ACTION:get_file_access - DETAILS:{"read": false, "write": false}
2025-11-21T08:45:13.816464 - USER:a1 - ACTION:get_file_access - DETAILS:{"read": false, "write": false}
2025-11-21T08:45:13.924440 - USER:a1 - ACTION:get_file_access - DETAILS:{"read": false, "write": false}
2025-11-21T08:45:18.931996 - USER:a1 - ACTION:get_file_access - DETAILS:{"read": false, "write": false}
2025-11-21T08:45:23.976424 - USER:a1 - ACTION:get_file_access - DETAILS:{"read": false, "write": false}
2025-11-21T08:45:28.984540 - USER:a1 - ACTION:get_file_access - DETAILS:{"read": false, "write": false}
2025-11-21T08:45:33.991011 - USER:a1 - ACTION:get_file_access - DETAILS:{"read": false, "write": false}
2025-11-21T08:45:34.289627 - USER:a1 - ACTION:get_file_access - DETAILS:{"read": false, "write": false}
2025-11-21T08:45:38.997508 - USER:a1 - ACTION:get_file_access - DETAILS:{"read": false, "write": false}
2025-11-21T08:45:44.003091 - USER:a1 - ACTION:get_file_access - DETAILS:{"read": false, "write": false}
2025-11-21T08:45:49.010515 - USER:a1 - ACTION:get_file_access - DETAILS:{"read": false, "write": false}
2025-11-21T08:45:54.017492 - USER:a1 - ACTION:get_file_access - DETAILS:{"read": false, "write": false}
2025-11-21T08:45:59.026603 - USER:a1 - ACTION:get_file_access - DETAILS:{"read": false, "write": false}
2025-11-21T08:46:04.034807 - USER:a1 - ACTION:get_file_access - DETAILS:{"read": false, "write": false}
2025-11-21T08:46:09.044198 - USER:a1 - ACTION:get_file_access - DETAILS:{"read": false, "write": false}
2025-11-21T08:46:13.857727 - USER:a1 - ACTION:get_file_access - DETAILS:{"read": false, "write": false}
2025-11-21T08:46:14.051602 - USER:a1 - ACTION:get_file_access - DETAILS:{"read": false, "write": false}
2025-11-21T08:46:19.055582 - USER:a1 - ACTION:get_file_access - DETAILS:{"read": false, "write": false}
2025-11-21T08:46:24.062843 - USER:a1 - ACTION:get_file_access - DETAILS:{"read": false, "write": false}
2025-11-21T08:46:29.071641 - USER:a1 - ACTION:get_file_access - DETAILS:{"read": false, "write": false}
2025-11-21T08:46:34.080320 - USER:a1 - ACTION:get_file_access - DETAILS:{"read": false, "write": false}
2025-11-21T08:46:39.087921 - USER:a1 - ACTION:get_file_access - DETAILS:{"read": false, "write": false}
2025-11-21T08:46:44.095384 - USER:a1 - ACTION:get_file_access - DETAILS:{"read": false, "write": false}
2025-11-21T08:46:49.137239 - USER:a1 - ACTION:get_file_access - DETAILS:{"read": false, "write": false}
2025-11-21T08:46:54.147102 - USER:a1 - ACTION:get_file_access - DETAILS:{"read": false, "write": false}
2025-11-21T08:46:59.154565 - USER:a1 - ACTION:get_file_access - DETAILS:{"read": false, "write": false}
2025-11-21T08:47:04.162578 - USER:a1 - ACTION:get_file_access - DETAILS:{"read": false, "write": false}
2025-11-21T08:47:09.171142 - USER:a1 - ACTION:get_file_access - DETAILS:{"read": false, "write": false}
2025-11-21T08:47:13.894346 - USER:a1 - ACTION:get_file_access - DETAILS:{"read": false, "write": false}
2025-11-21T08:47:14.179885 - USER:a1 - ACTION:get_file_access - DETAILS:{"read": false, "write": false}
2025-11-21T08:47:19.189676 - USER:a1 - ACTION:get_file_access - DETAILS:{"read": false, "write": false}
2025-11-21T08:47:24.199067 - USER:a1 - ACTION:get_file_access - DETAILS:{"read": false, "write": false}
2025-11-21T08:47:29.207292 - USER:a1 - ACTION:get_file_access - DETAILS:{"read": false, "write": false}
2025-11-21T08:47:34.215614 - USER:a1 - ACTION:get_file_access - DETAILS:{"read": false, "write": false}
2025-11-21T08:47:39.225024 - USER:a1 - ACTION:get_file_access - DETAILS:{"read": false, "write": false}
2025-11-21T08:47:44.232454 - USER:a1 - ACTION:get_file_access - DETAILS:{"read": false, "write": false}
2025-11-21T08:47:49.241881 - USER:a1 - ACTION:get_file_access - DETAILS:{"read": false, "write": false}
2025-11-21T08:47:54.249962 - USER:a1 - ACTION:get_file_access - DETAILS:{"read": false, "write": false}
2025-11-21T08:47:59.259776 - USER:a1 - ACTION:get_file_access - DETAILS:{"read": false, "write": false}
2025-11-21T08:48:04.269172 - USER:a1 - ACTION:get_file_access - DETAILS:{"read": false, "write": false}
2025-11-21T08:48:09.278337 - USER:a1 - ACTION:get_file_access - DETAILS:{"read": false, "write": false}
2025-11-21T08:48:13.904223 - USER:a1 - ACTION:get_file_access - DETAILS:{"read": false, "write": false}
2025-11-21T08:48:14.287382 - USER:a1 - ACTION:get_file_access - DETAILS:{"read": false, "write": false}
2025-11-21T08:48:19.297223 - USER:a1 - ACTION:get_file_access - DETAILS:{"read": false, "write": false}
2025-11-21T08:48:24.306222 - USER:a1 - ACTION:get_file_access - DETAILS:{"read": false, "write": false}
2025-11-21T08:48:29.314391 - USER:a1 - ACTION:get_file_access - DETAILS:{"read": false, "write": false}
2025-11-21T08:48:34.323643 - USER:a1 - ACTION:get_file_access - DETAILS:{"read": false, "write": false}
2025-11-21T08:48:39.367484 - USER:a1 - ACTION:get_file_access - DETAILS:{"read": false, "write": false}
2025-11-21T08:48:44.376870 - USER:a1 - ACTION:get_file_access - DETAILS:{"read": false, "write": false}
2025-11-21T08:48:49.391553 - USER:a1 - ACTION:get_file_access - DETAILS:{"read": false, "write": false}
2025-11-21T08:48:54.399846 - USER:a1 - ACTION:get_file_access - DETAILS:{"read": false, "write": false}
2025-11-21T08:48:59.443672 - USER:a1 - ACTION:get_file_access - DETAILS:{"read": false, "write": false}
2025-11-21T08:49:04.453127 - USER:a1 - ACTION:get_file_access - DETAILS:{"read": false, "write": false}
2025-11-21T08:49:09.459319 - USER:a1 - ACTION:get_file_access - DETAILS:{"read": false, "write": false}
2025-11-21T08:49:13.946311 - USER:a1 - ACTION:get_file_access - DETAILS:{"read": false, "write": false}
2025-11-21T08:49:14.465104 - USER:a1 - ACTION:get_file_access - DETAILS:{"read": false, "write": false}
2025-11-21T08:49:19.471256 - USER:a1 - ACTION:get_file_access - DETAILS:{"read": false, "write": false}
2025-11-21T08:49:24.476695 - USER:a1 - ACTION:get_file_access - DETAILS:{"read": false, "write": false}
2025-11-21T08:49:29.519826 - USER:a1 - ACTION:get_file_access - DETAILS:{"read": false, "write": false}
2025-11-21T08:49:34.561349 - USER:a1 - ACTION:get_file_access - DETAILS:{"read": false, "write": false}
2025-11-21T08:49:39.569888 - USER:a1 - ACTION:get_file_access - DETAILS:{"read": false, "write": false}
2025-11-21T08:49:44.610474 - USER:a1 - ACTION:get_file_access - DETAILS:{"read": false, "write": false}
2025-11-21T08:49:49.614156 - USER:a1 - ACTION:get_file_access - DETAILS:{"read": false, "write": false}
2025-11-21T08:49:54.619995 - USER:a1 - ACTION:get_file_access - DETAILS:{"read": false, "write": false}
2025-11-21T08:49:59.629724 - USER:a1 - ACTION:get_file_access - DETAILS:{"read": false, "write": false}
2025-11-21T08:50:04.668664 - USER:a1 - ACTION:get_file_access - DETAILS:{"read": false, "write": false}
2025-11-21T08:50:09.673534 - USER:a1 - ACTION:get_file_access - DETAILS:{"read": false, "write": false}
2025-11-21T08:50:13.951959 - USER:a1 - ACTION:get_file_access - DETAILS:{"read": false, "write": false}
2025-11-21T08:50:14.678712 - USER:a1 - ACTION:get_file_access - DETAILS:{"read": false, "write": false}
2025-11-21T08:50:19.683154 - USER:a1 - ACTION:get_file_access - DETAILS:{"read": false, "write": false}
2025-11-21T08:50:24.727679 - USER:a1 - ACTION:get_file_access - DETAILS:{"read": false, "write": false}
2025-11-21T08:50:29.737897 - USER:a1 - ACTION:get_file_access - DETAILS:{"read": false, "write": false}
2025-11-21T08:50:34.744931 - USER:a1 - ACTION:get_file_access - DETAILS:{"read": false, "write": false}
2025-11-21T08:50:39.754659 - USER:a1 - ACTION:get_file_access - DETAILS:{"read": false, "write": false}
2025-11-21T08:50:44.796587 - USER:a1 - ACTION:get_file_access - DETAILS:{"read": false, "write": false}
2025-11-21T08:50:49.804188 - USER:a1 - ACTION:get_file_access - DETAILS:{"read": false, "write": false}
2025-11-21T08:50:54.813773 - USER:a1 - ACTION:get_file_access - DETAILS:{"read": false, "write": false}
2025-11-21T08:50:59.822246 - USER:a1 - ACTION:get_file_access - DETAILS:{"read": false, "write": false}
2025-11-21T08:51:04.830248 - USER:a1 - ACTION:get_file_access - DETAILS:{"read": false, "write": false}
2025-11-21T08:51:09.839944 - USER:a1 - ACTION:get_file_access - DETAILS:{"read": false, "write": false}
2025-11-21T08:51:13.959850 - USER:a1 - ACTION:get_file_access - DETAILS:{"read": false, "write": false}
2025-11-21T08:51:14.849575 - USER:a1 - ACTION:get_file_access - DETAILS:{"read": false, "write": false}
2025-11-21T08:51:19.856598 - USER:a1 - ACTION:get_file_access - DETAILS:{"read": false, "write": false}
2025-11-21T08:51:24.895227 - USER:a1 - ACTION:get_file_access - DETAILS:{"read": false, "write": false}
2025-11-21T08:51:29.938795 - USER:a1 - ACTION:get_file_access - DETAILS:{"read": false, "write": false}
2025-11-21T08:51:34.979638 - USER:a1 - ACTION:get_file_access - DETAILS:{"read": false, "write": false}
2025-11-21T08:51:39.984278 - USER:a1 - ACTION:get_file_access - DETAILS:{"read": false, "write": false}
2025-11-21T08:51:45.027348 - USER:a1 - ACTION:get_file_access - DETAILS:{"read": false, "write": false}
2025-11-21T08:51:50.038160 - USER:a1 - ACTION:get_file_access - DETAILS:{"read": false, "write": false}
2025-11-21T08:51:55.047720 - USER:a1 - ACTION:get_file_access - DETAILS:{"read": false, "write": false}
2025-11-21T08:52:00.055525 - USER:a1 - ACTION:get_file_access - DETAILS:{"read": false, "write": false}
2025-11-21T08:52:05.098177 - USER:a1 - ACTION:get_file_access - DETAILS:{"read": false, "write": false}
2025-11-21T08:52:10.107844 - USER:a1 - ACTION:get_file_access - DETAILS:{"read": false, "write": false}
2025-11-21T08:52:13.968086 - USER:a1 - ACTION:get_file_access - DETAILS:{"read": false, "write": false}
2025-11-21T08:52:15.112899 - USER:a1 - ACTION:get_file_access - DETAILS:{"read": false, "write": false}
2025-11-21T08:52:20.118540 - USER:a1 - ACTION:get_file_access - DETAILS:{"read": false, "write": false}
2025-11-21T08:52:25.127489 - USER:a1 - ACTION:get_file_access - DETAILS:{"read": false, "write": false}
2025-11-21T08:52:30.136600 - USER:a1 - ACTION:get_file_access - DETAILS:{"read": false, "write": false}
2025-11-21T08:52:35.144489 - USER:a1 - ACTION:get_file_access - DETAILS:{"read": false, "write": false}
2025-11-21T08:52:40.152512 - USER:a1 - ACTION:get_file_access - DETAILS:{"read": false, "write": false}
2025-11-21T08:52:45.160454 - USER:a1 - ACTION:get_file_access - DETAILS:{"read": false, "write": false}
2025-11-21T08:52:50.168095 - USER:a1 - ACTION:get_file_access - DETAILS:{"read": false, "write": false}
2025-11-21T08:52:55.176749 - USER:a1 - ACTION:get_file_access - DETAILS:{"read": false, "write": false}
2025-11-21T08:53:00.183369 - USER:a1 - ACTION:get_file_access - DETAILS:{"read": false, "write": false}
2025-11-21T08:53:05.191701 - USER:a1 - ACTION:get_file_access - DETAILS:{"read": false, "write": false}
2025-11-21T08:53:10.197299 - USER:a1 - ACTION:get_file_access - DETAILS:{"read": false, "write": false}
2025-11-21T08:53:13.975507 - USER:a1 - ACTION:get_file_access - DETAILS:{"read": false, "write": false}
2025-11-21T08:53:15.205824 - USER:a1 - ACTION:get_file_access - DETAILS:{"read": false, "write": false}
2025-11-21T08:53:20.212688 - USER:a1 - ACTION:get_file_access - DETAILS:{"read": false, "write": false}
2025-11-21T08:53:25.256961 - USER:a1 - ACTION:get_file_access - DETAILS:{"read": false, "write": false}
2025-11-21T08:53:30.265689 - USER:a1 - ACTION:get_file_access - DETAILS:{"read": false, "write": false}
2025-11-21T08:53:35.307453 - USER:a1 - ACTION:get_file_access - DETAILS:{"read": false, "write": false}
2025-11-21T08:53:40.314777 - USER:a1 - ACTION:get_file_access - DETAILS:{"read": false, "write": false}
2025-11-21T08:53:45.322430 - USER:a1 - ACTION:get_file_access - DETAILS:{"read": false, "write": false}
2025-11-21T08:53:50.328947 - USER:a1 - ACTION:get_file_access - DETAILS:{"read": false, "write": false}
2025-11-21T08:53:55.334909 - USER:a1 - ACTION:get_file_access - DETAILS:{"read": false, "write": false}
2025-11-21T08:54:00.341197 - USER:a1 - ACTION:get_file_access - DETAILS:{"read": false, "write": false}
2025-11-21T08:54:05.383543 - USER:a1 - ACTION:get_file_access - DETAILS:{"read": false, "write": false}
2025-11-21T08:54:10.391555 - USER:a1 - ACTION:get_file_access - DETAILS:{"read": false, "write": false}
2025-11-21T08:54:13.984110 - USER:a1 - ACTION:get_file_access - DETAILS:{"read": false, "write": false}
2025-11-21T08:54:15.435663 - USER:a1 - ACTION:get_file_access - DETAILS:{"read": false, "write": false}
2025-11-21T08:54:20.444155 - USER:a1 - ACTION:get_file_access - DETAILS:{"read": false, "write": false}
2025-11-21T08:54:25.452917 - USER:a1 - ACTION:get_file_access - DETAILS:{"read": false, "write": false}
2025-11-21T08:54:30.459271 - USER:a1 - ACTION:get_file_access - DETAILS:{"read": false, "write": false}
2025-11-21T08:54:35.498227 - USER:a1 - ACTION:get_file_access - DETAILS:{"read": false, "write": false}
2025-11-21T08:54:40.506044 - USER:a1 - ACTION:get_file_access - DETAILS:{"read": false, "write": false}
2025-11-21T08:54:45.545403 - USER:a1 - ACTION:get_file_access - DETAILS:{"read": false, "write": false}
2025-11-21T08:54:50.551878 - USER:a1 - ACTION:get_file_access - DETAILS:{"read": false, "write": false}
2025-11-21T08:54:55.559621 - USER:a1 - ACTION:get_file_access - DETAILS:{"read": false, "write": false}
2025-11-21T08:55:00.602713 - USER:a1 - ACTION:get_file_access - DETAILS:{"read": false, "write": false}
2025-11-21T08:55:05.611814 - USER:a1 - ACTION:get_file_access - DETAILS:{"read": false, "write": false}
2025-11-21T08:55:10.620320 - USER:a1 - ACTION:get_file_access - DETAILS:{"read": false, "write": false}
2025-11-21T08:55:13.991592 - USER:a1 - ACTION:get_file_access - DETAILS:{"read": false, "write": false}
2025-11-21T08:55:15.660385 - USER:a1 - ACTION:get_file_access - DETAILS:{"read": false, "write": false}
2025-11-21T08:55:20.668927 - USER:a1 - ACTION:get_file_access - DETAILS:{"read": false, "write": false}
2025-11-21T08:55:25.673750 - USER:a1 - ACTION:get_file_access - DETAILS:{"read": false, "write": false}
2025-11-21T08:55:30.683738 - USER:a1 - ACTION:get_file_access - DETAILS:{"read": false, "write": false}
2025-11-21T08:55:35.692076 - USER:a1 - ACTION:get_file_access - DETAILS:{"read": false, "write": false}
2025-11-21T08:55:40.696330 - USER:a1 - ACTION:get_file_access - DETAILS:{"read": false, "write": false}
2025-11-21T08:55:45.703852 - USER:a1 - ACTION:get_file_access - DETAILS:{"read": false, "write": false}
2025-11-21T08:55:50.711769 - USER:a1 - ACTION:get_file_access - DETAILS:{"read": false, "write": false}
2025-11-21T08:55:55.720099 - USER:a1 - ACTION:get_file_access - DETAILS:{"read": false, "write": false}
2025-11-21T08:56:00.728890 - USER:a1 - ACTION:get_file_access - DETAILS:{"read": false, "write": false}
2025-11-21T08:56:05.736896 - USER:a1 - ACTION:get_file_access - DETAILS:{"read": false, "write": false}
2025-11-21T08:56:10.744256 - USER:a1 - ACTION:get_file_access - DETAILS:{"read": false, "write": false}
2025-11-21T08:56:13.999208 - USER:a1 - ACTION:get_file_access - DETAILS:{"read": false, "write": false}
2025-11-21T08:56:15.755063 - USER:a1 - ACTION:get_file_access - DETAILS:{"read": false, "write": false}
2025-11-21T08:56:20.761358 - USER:a1 - ACTION:get_file_access - DETAILS:{"read": false, "write": false}
2025-11-21T08:56:25.770774 - USER:a1 - ACTION:get_file_access - DETAILS:{"read": false, "write": false}
2025-11-21T08:56:30.812257 - USER:a1 - ACTION:get_file_access - DETAILS:{"read": false, "write": false}
2025-11-21T08:56:35.821013 - USER:a1 - ACTION:get_file_access - DETAILS:{"read": false, "write": false}
2025-11-21T08:56:40.829808 - USER:a1 - ACTION:get_file_access - DETAILS:{"read": false, "write": false}
2025-11-21T08:56:45.837265 - USER:a1 - ACTION:get_file_access - DETAILS:{"read": false, "write": false}
2025-11-21T08:56:50.845959 - USER:a1 - ACTION:get_file_access - DETAILS:{"read": false, "write": false}
2025-11-21T08:56:55.854561 - USER:a1 - ACTION:get_file_access - DETAILS:{"read": false, "write": false}
2025-11-21T08:57:00.863798 - USER:a1 - ACTION:get_file_access - DETAILS:{"read": false, "write": false}
2025-11-21T08:57:05.871766 - USER:a1 - ACTION:get_file_access - DETAILS:{"read": false, "write": false}
2025-11-21T08:57:10.877120 - USER:a1 - ACTION:get_file_access - DETAILS:{"read": false, "write": false}
2025-11-21T08:57:14.005247 - USER:a1 - ACTION:get_file_access - DETAILS:{"read": false, "write": false}
2025-11-21T08:57:15.880838 - USER:a1 - ACTION:get_file_access - DETAILS:{"read": false, "write": false}
2025-11-21T08:57:20.886840 - USER:a1 - ACTION:get_file_access - DETAILS:{"read": false, "write": false}
2025-11-21T08:57:25.894172 - USER:a1 - ACTION:get_file_access - DETAILS:{"read": false, "write": false}
2025-11-21T08:57:30.935405 - USER:a1 - ACTION:get_file_access - DETAILS:{"read": false, "write": false}
2025-11-21T08:57:35.942109 - USER:a1 - ACTION:get_file_access - DETAILS:{"read": false, "write": false}
2025-11-21T08:57:40.986520 - USER:a1 - ACTION:get_file_access - DETAILS:{"read": false, "write": false}
2025-11-21T08:57:45.996135 - USER:a1 - ACTION:get_file_access - DETAILS:{"read": false, "write": false}
2025-11-21T08:57:51.001449 - USER:a1 - ACTION:get_file_access - DETAILS:{"read": false, "write": false}
2025-11-21T08:57:56.007680 - USER:a1 - ACTION:get_file_access - DETAILS:{"read": false, "write": false}
2025-11-21T08:58:01.048099 - USER:a1 - ACTION:get_file_access - DETAILS:{"read": false, "write": false}
2025-11-21T08:58:06.054571 - USER:a1 - ACTION:get_file_access - DETAILS:{"read": false, "write": false}
2025-11-21T08:58:11.059359 - USER:a1 - ACTION:get_file_access - DETAILS:{"read": false, "write": false}
2025-11-21T08:58:14.010439 - USER:a1 - ACTION:get_file_access - DETAILS:{"read": false, "write": false}
2025-11-21T08:58:16.068214 - USER:a1 - ACTION:get_file_access - DETAILS:{"read": false, "write": false}
2025-11-21T08:58:21.075980 - USER:a1 - ACTION:get_file_access - DETAILS:{"read": false, "write": false}
2025-11-21T08:58:26.082943 - USER:a1 - ACTION:get_file_access - DETAILS:{"read": false, "write": false}
2025-11-21T08:58:31.087833 - USER:a1 - ACTION:get_file_access - DETAILS:{"read": false, "write": false}
2025-11-21T08:58:36.095291 - USER:a1 - ACTION:get_file_access - DETAILS:{"read": false, "write": false}
2025-11-21T08:58:41.139092 - USER:a1 - ACTION:get_file_access - DETAILS:{"read": false, "write": false}
2025-11-21T08:58:46.150100 - USER:a1 - ACTION:get_file_access - DETAILS:{"read": false, "write": false}
2025-11-21T08:58:51.158219 - USER:a1 - ACTION:get_file_access - DETAILS:{"read": false, "write": false}
2025-11-21T08:58:56.164688 - USER:a1 - ACTION:get_file_access - DETAILS:{"read": false, "write": false}
2025-11-21T08:59:01.674266 - USER:a1 - ACTION:get_file_access - DETAILS:{"read": false, "write": false}
2025-11-21T08:59:06.684653 - USER:a1 - ACTION:get_file_access - DETAILS:{"read": false, "write": false}
2025-11-21T08:59:11.692751 - USER:a1 - ACTION:get_file_access - DETAILS:{"read": false, "write": false}
2025-11-21T08:59:14.048776 - USER:a1 - ACTION:get_file_access - DETAILS:{"read": false, "write": false}
2025-11-21T08:59:16.702020 - USER:a1 - ACTION:get_file_access - DETAILS:{"read": false, "write": false}
2025-11-21T08:59:21.710990 - USER:a1 - ACTION:get_file_access - DETAILS:{"read": false, "write": false}
2025-11-21T08:59:26.720868 - USER:a1 - ACTION:get_file_access - DETAILS:{"read": false, "write": false}
2025-11-21T08:59:31.730489 - USER:a1 - ACTION:get_file_access - DETAILS:{"read": false, "write": false}
2025-11-21T08:59:36.738417 - USER:a1 - ACTION:get_file_access - DETAILS:{"read": false, "write": false}
2025-11-21T08:59:41.746586 - USER:a1 - ACTION:get_file_access - DETAILS:{"read": false, "write": false}
2025-11-21T08:59:46.752465 - USER:a1 - ACTION:get_file_access - DETAILS:{"read": false, "write": false}
2025-11-21T08:59:51.758268 - USER:a1 - ACTION:get_file_access - DETAILS:{"read": false, "write": false}
2025-11-21T08:59:56.766723 - USER:a1 - ACTION:get_file_access - DETAILS:{"read": false, "write": false}
2025-11-21T09:00:01.772482 - USER:a1 - ACTION:get_file_access - DETAILS:{"read": false, "write": false}
2025-11-21T09:00:06.781482 - USER:a1 - ACTION:get_file_access - DETAILS:{"read": false, "write": false}
2025-11-21T09:00:11.790179 - USER:a1 - ACTION:get_file_access - DETAILS:{"read": false, "write": false}
2025-11-21T09:00:14.089758 - USER:a1 - ACTION:get_file_access - DETAILS:{"read": false, "write": false}
2025-11-21T09:00:16.797333 - USER:a1 - ACTION:get_file_access - DETAILS:{"read": false, "write": false}
2025-11-21T09:00:21.804627 - USER:a1 - ACTION:get_file_access - DETAILS:{"read": false, "write": false}
2025-11-21T09:00:26.813932 - USER:a1 - ACTION:get_file_access - DETAILS:{"read": false, "write": false}
2025-11-21T09:00:31.825729 - USER:a1 - ACTION:get_file_access - DETAILS:{"read": false, "write": false}
2025-11-21T09:00:36.834404 - USER:a1 - ACTION:get_file_access - DETAILS:{"read": false, "write": false}
2025-11-21T09:02:57.585172 - USER:a1 - ACTION:get_file_access - DETAILS:{"read": false, "write": false}
2025-11-21T09:02:57.597939 - USER:a1 - ACTION:get_file_access - DETAILS:{"read": false, "write": false}
2025-11-21T09:03:02.604149 - USER:a1 - ACTION:get_file_access - DETAILS:{"read": false, "write": false}
2025-11-21T09:03:07.611407 - USER:a1 - ACTION:get_file_access - DETAILS:{"read": false, "write": false}
2025-11-21T09:03:12.620246 - USER:a1 - ACTION:get_file_access - DETAILS:{"read": false, "write": false}
2025-11-21T09:03:17.661537 - USER:a1 - ACTION:get_file_access - DETAILS:{"read": false, "write": false}
2025-11-21T09:03:22.671605 - USER:a1 - ACTION:get_file_access - DETAILS:{"read": false, "write": false}
