2025-11-21T09:12:45.413558 - USER:arun - ACTION:get_file_access - DETAILS:{"read": true, "write": true}
2025-11-21T09:12:45.416789 - USER:arun - ACTION:list_shared_files - DETAILS:{"count": 1}
2025-11-21T09:12:45.420094 - USER:arun - ACTION:download - DETAILS:{"filename": "file_access.log", "size": 193}
2025-11-21T09:12:45.426509 - USER:arun - ACTION:upload - DETAILS:{"filename": "model_file.ipynb", "size": 8940}
2025-11-21T09:12:45.432458 - USER:arun - ACTION:get_file_access - DETAILS:{"read": true, "write": true}
2025-11-21T09:12:45.432891 - USER:arun - ACTION:upload - DETAILS:{"filename": "web_activity.log", "size": 328489}
2025-11-21T09:12:45.440645 - USER:arun - ACTION:list_shared_files - DETAILS:{"count": 3}
2025-11-21T09:12:45.440671 - USER:arun - ACTION:upload - DETAILS:{"filename": "test_file_2.txt", "size": 52}
2025-11-21T09:12:45.454613 - USER:arun - ACTION:upload - DETAILS:{"filename": "test_data.json", "size": 54}
2025-11-21T09:12:45.459318 - USER:arun - ACTION:upload - DETAILS:{"filename": "debug_test.txt", "size": 23}
2025-11-21T09:12:45.463204 - USER:arun - ACTION:upload - DETAILS:{"filename": "my.txt", "size": 0}
2025-11-21T09:12:48.579466 - USER:arun - ACTION:get_file_access - DETAILS:{"read": true, "write": true}
2025-11-21T09:12:50.443714 - USER:arun - ACTION:get_file_access - DETAILS:{"read": true, "write": true}
2025-11-21T09:12:50.451886 - USER:arun - ACTION:list_shared_files - DETAILS:{"count": 7}
2025-11-21T09:12:55.453958 - USER:arun - ACTION:get_file_access - DETAILS:{"read": true, "write": true}
2025-11-21T09:12:55.460711 - USER:arun - ACTION:list_shared_files - DETAILS:{"count": 7}
2025-11-21T09:13:00.461554 - USER:arun - ACTION:get_file_access - DETAILS:{"read": true, "write": true}
2025-11-21T09:13:00.469619 - USER:arun - ACTION:list_shared_files - DETAILS:{"count": 7}
2025-11-21T09:13:05.470660 - USER:arun - ACTION:get_file_access - DETAILS:{"read": true, "write": true}
2025-11-21T09:13:05.478832 - USER:arun - ACTION:list_shared_files - DETAILS:{"count": 7}
2025-11-21T09:13:10.479589 - USER:arun - ACTION:get_file_access - DETAILS:{"read": true, "write": true}
2025-11-21T09:13:10.487383 - USER:arun - ACTION:list_shared_files - DETAILS:{"count": 7}
2025-11-21T09:13:15.485865 - USER:arun - ACTION:get_file_access - DETAILS:{"read": true, "write": true}
2025-11-21T09:13:15.492040 - USER:arun - ACTION:list_shared_files - DETAILS:{"count": 7}
2025-11-21T09:13:20.489227 - USER:arun - ACTION:get_file_access - DETAILS:{"read": true, "write": true}
2025-11-21T09:13:20.495790 - USER:arun - ACTION:list_shared_files - DETAILS:{"count": 7}
2025-11-21T09:13:25.494889 - USER:arun - ACTION:get_file_access - DETAILS:{"read": true, "write": true}
2025-11-21T09:13:25.500349 - USER:arun - ACTION:list_shared_files - DETAILS:{"count": 7}
2025-11-21T09:13:30.501304 - USER:arun - ACTION:get_file_access - DETAILS:{"read": true, "write": true}
2025-11-21T09:13:30.505892 - USER:arun - ACTION:list_shared_files - DETAILS:{"count": 7}
2025-11-21T09:13:35.506316 - USER:arun - ACTION:get_file_access - DETAILS:{"read": true, "write": true}
2025-11-21T09:13:35.549221 - USER:arun - ACTION:list_shared_files - DETAILS:{"count": 7}
2025-11-21T09:13:40.546672 - USER:arun - ACTION:get_file_access - DETAILS:{"read": true, "write": true}
2025-11-21T09:13:40.553563 - USER:arun - ACTION:list_shared_files - DETAILS:{"count": 7}
2025-11-21T09:13:40.708135 - USER:arun - ACTION:get_file_access - DETAILS:{"read": true, "write": true}
2025-11-21T09:13:45.467774 - USER:arun - ACTION:get_file_access - DETAILS:{"read": true, "write": true}
2025-11-21T09:13:45.473797 - USER:arun - ACTION:list_shared_files - DETAILS:{"count": 7}
2025-11-21T09:13:45.477363 - USER:arun - ACTION:download - DETAILS:{"filename": "file_access.log", "size": 3672}
2025-11-21T09:13:45.480891 - USER:arun - ACTION:download - DETAILS:{"filename": "model_file.ipynb", "size": 8940}
2025-11-21T09:13:45.484874 - USER:arun - ACTION:download - DETAILS:{"filename": "web_activity.log", "size": 328489}
2025-11-21T09:13:45.490050 - USER:arun - ACTION:download - DETAILS:{"filename": "test_file_2.txt", "size": 52}
2025-11-21T09:13:45.495742 - USER:arun - ACTION:download - DETAILS:{"filename": "test_data.json", "size": 54}
2025-11-21T09:13:45.499910 - USER:arun - ACTION:download - DETAILS:{"filename": "debug_test.txt", "size": 23}
2025-11-21T09:13:45.504273 - USER:arun - ACTION:download - DETAILS:{"filename": "my.txt", "size": 0}
2025-11-21T09:13:45.551470 - USER:arun - ACTION:get_file_access - DETAILS:{"read": true, "write": true}
2025-11-21T09:13:45.556455 - USER:arun - ACTION:list_shared_files - DETAILS:{"count": 7}
2025-11-21T09:13:50.554681 - USER:arun - ACTION:get_file_access - DETAILS:{"read": true, "write": true}
2025-11-21T09:13:50.560338 - USER:arun - ACTION:list_shared_files - DETAILS:{"count": 7}
2025-11-21T09:13:55.558547 - USER:arun - ACTION:get_file_access - DETAILS:{"read": true, "write": true}
2025-11-21T09:13:55.563636 - USER:arun - ACTION:list_shared_files - DETAILS:{"count": 7}
2025-11-21T09:14:00.563285 - USER:arun - ACTION:get_file_access - DETAILS:{"read": true, "write": true}
2025-11-21T09:14:00.568645 - USER:arun - ACTION:list_shared_files - DETAILS:{"count": 7}
2025-11-21T09:14:05.568653 - USER:arun - ACTION:get_file_access - DETAILS:{"read": true, "write": true}
2025-11-21T09:14:05.573263 - USER:arun - ACTION:list_shared_files - DETAILS:{"count": 7}
2025-11-21T09:14:10.574612 - USER:arun - ACTION:get_file_access - DETAILS:{"read": true, "write": true}
2025-11-21T09:14:10.580176 - USER:arun - ACTION:list_shared_files - DETAILS:{"count": 7}
2025-11-21T09:14:15.580317 - USER:arun - ACTION:get_file_access - DETAILS:{"read": true, "write": true}
2025-11-21T09:14:15.583645 - USER:arun - ACTION:list_shared_files - DETAILS:{"count": 7}
2025-11-21T09:14:20.584687 - USER:arun - ACTION:get_file_access - DETAILS:{"read": true, "write": true}
2025-11-21T09:14:20.626760 - USER:arun - ACTION:list_shared_files - DETAILS:{"count": 7}
2025-11-21T09:14:25.629196 - USER:arun - ACTION:get_file_access - DETAILS:{"read": true, "write": true}
2025-11-21T09:14:25.637328 - USER:arun - ACTION:list_shared_files - DETAILS:{"count": 7}
2025-11-21T09:14:30.638626 - USER:arun - ACTION:get_file_access - DETAILS:{"read": true, "write": true}
2025-11-21T09:14:30.645440 - USER:arun - ACTION:list_shared_files - DETAILS:{"count": 7}
2025-11-21T09:14:35.648487 - USER:arun - ACTION:get_file_access - DETAILS:{"read": true, "write": true}
2025-11-21T09:14:35.655677 - USER:arun - ACTION:list_shared_files - DETAILS:{"count": 7}
2025-11-21T09:14:40.656753 - USER:arun - ACTION:get_file_access - DETAILS:{"read": true, "write": true}
2025-11-21T09:14:40.664516 - USER:arun - ACTION:list_shared_files - DETAILS:{"count": 7}
2025-11-21T09:14:45.509065 - USER:arun - ACTION:get_file_access - DETAILS:{"read": true, "write": true}
2025-11-21T09:14:45.515541 - USER:arun - ACTION:list_shared_files - DETAILS:{"count": 7}
2025-11-21T09:14:45.518869 - USER:arun - ACTION:download - DETAILS:{"filename": "file_access.log", "size": 6956}
2025-11-21T09:14:45.667053 - USER:arun - ACTION:get_file_access - DETAILS:{"read": true, "write": true}
2025-11-21T09:14:45.680491 - USER:arun - ACTION:list_shared_files - DETAILS:{"count": 7}
2025-11-21T09:14:50.681143 - USER:arun - ACTION:get_file_access - DETAILS:{"read": true, "write": true}
2025-11-21T09:14:50.688687 - USER:arun - ACTION:list_shared_files - DETAILS:{"count": 7}
2025-11-21T09:14:55.650623 - USER:arun - ACTION:get_file_access - DETAILS:{"read": true, "write": true}
2025-11-21T09:14:55.687278 - USER:arun - ACTION:get_file_access - DETAILS:{"read": true, "write": true}
2025-11-21T09:14:55.693233 - USER:arun - ACTION:list_shared_files - DETAILS:{"count": 7}
2025-11-21T09:15:00.690692 - USER:arun - ACTION:get_file_access - DETAILS:{"read": true, "write": true}
2025-11-21T09:15:00.696765 - USER:arun - ACTION:list_shared_files - DETAILS:{"count": 7}
2025-11-21T09:15:05.694796 - USER:arun - ACTION:get_file_access - DETAILS:{"read": true, "write": true}
2025-11-21T09:15:05.699376 - USER:arun - ACTION:list_shared_files - DETAILS:{"count": 7}
2025-11-21T09:15:10.699235 - USER:arun - ACTION:get_file_access - DETAILS:{"read": true, "write": true}
2025-11-21T09:15:10.702634 - USER:arun - ACTION:list_shared_files - DETAILS:{"count": 7}
2025-11-21T09:15:15.702714 - USER:arun - ACTION:get_file_access - DETAILS:{"read": true, "write": true}
2025-11-21T09:15:15.707110 - USER:arun - ACTION:list_shared_files - DETAILS:{"count": 7}
2025-11-21T09:15:20.707593 - USER:arun - ACTION:get_file_access - DETAILS:{"read": true, "write": true}
2025-11-21T09:15:20.746172 - USER:arun - ACTION:list_shared_files - DETAILS:{"count": 7}
2025-11-21T09:15:25.745904 - USER:arun - ACTION:get_file_access - DETAILS:{"read": true, "write": true}
2025-11-21T09:15:25.750811 - USER:arun - ACTION:list_shared_files - DETAILS:{"count": 7}
2025-11-21T09:15:30.750829 - USER:arun - ACTION:get_file_access - DETAILS:{"read": true, "write": true}
2025-11-21T09:15:30.791313 - USER:arun - ACTION:list_shared_files - DETAILS:{"count": 7}
2025-11-21T09:15:35.792821 - USER:arun - ACTION:get_file_access - DETAILS:{"read": true, "write": true}
2025-11-21T09:15:35.798561 - USER:arun - ACTION:list_shared_files - DETAILS:{"count": 7}
2025-11-21T09:15:40.800758 - USER:arun - ACTION:get_file_access - DETAILS:{"read": true, "write": true}
2025-11-21T09:15:40.808227 - USER:arun - ACTION:list_shared_files - DETAILS:{"count": 7}
2025-11-21T09:15:45.524269 - USER:arun - ACTION:get_file_access - DETAILS:{"read": true, "write": true}
2025-11-21T09:15:45.530575 - USER:arun - ACTION:list_shared_files - DETAILS:{"count": 7}
2025-11-21T09:15:45.534166 - USER:arun - ACTION:download - DETAILS:{"filename": "file_access.log", "size": 9682}
2025-11-21T09:15:45.810952 - USER:arun - ACTION:get_file_access - DETAILS:{"read": true, "write": true}
2025-11-21T09:15:45.817705 - USER:arun - ACTION:list_shared_files - DETAILS:{"count": 7}
2025-11-21T09:15:50.819334 - USER:arun - ACTION:get_file_access - DETAILS:{"read": true, "write": true}
2025-11-21T09:15:50.828966 - USER:arun - ACTION:list_shared_files - DETAILS:{"count": 7}
2025-11-21T09:15:55.831632 - USER:arun - ACTION:get_file_access - DETAILS:{"read": true, "write": true}
2025-11-21T09:15:55.876436 - USER:arun - ACTION:list_shared_files - DETAILS:{"count": 7}
2025-11-21T09:16:00.875011 - USER:arun - ACTION:get_file_access - DETAILS:{"read": true, "write": true}
2025-11-21T09:16:00.882536 - USER:arun - ACTION:list_shared_files - DETAILS:{"count": 7}
2025-11-21T09:16:05.885107 - USER:arun - ACTION:get_file_access - DETAILS:{"read": true, "write": true}
2025-11-21T09:16:05.892601 - USER:arun - ACTION:list_shared_files - DETAILS:{"count": 7}
2025-11-21T09:16:10.895545 - USER:arun - ACTION:get_file_access - DETAILS:{"read": true, "write": true}
2025-11-21T09:16:10.903398 - USER:arun - ACTION:list_shared_files - DETAILS:{"count": 7}
2025-11-21T09:16:15.901496 - USER:arun - ACTION:get_file_access - DETAILS:{"read": true, "write": true}
2025-11-21T09:16:15.907326 - USER:arun - ACTION:list_shared_files - DETAILS:{"count": 7}
2025-11-21T09:16:20.911455 - USER:arun - ACTION:get_file_access - DETAILS:{"read": true, "write": true}
2025-11-21T09:16:20.918870 - USER:arun - ACTION:list_shared_files - DETAILS:{"count": 7}
2025-11-21T09:16:25.922034 - USER:arun - ACTION:get_file_access - DETAILS:{"read": true, "write": true}
2025-11-21T09:16:25.965438 - USER:arun - ACTION:list_shared_files - DETAILS:{"count": 7}
2025-11-21T09:16:30.966800 - USER:arun - ACTION:get_file_access - DETAILS:{"read": true, "write": true}
2025-11-21T09:16:30.974884 - USER:arun - ACTION:list_shared_files - DETAILS:{"count": 7}
2025-11-21T09:16:35.974909 - USER:arun - ACTION:get_file_access - DETAILS:{"read": true, "write": true}
2025-11-21T09:16:35.981337 - USER:arun - ACTION:list_shared_files - DETAILS:{"count": 7}
2025-11-21T09:16:40.979671 - USER:arun - ACTION:get_file_access - DETAILS:{"read": true, "write": true}
2025-11-21T09:16:40.985892 - USER:arun - ACTION:list_shared_files - DETAILS:{"count": 7}
2025-11-21T09:16:45.538779 - USER:arun - ACTION:get_file_access - DETAILS:{"read": true, "write": true}
2025-11-21T09:16:45.543336 - USER:arun - ACTION:list_shared_files - DETAILS:{"count": 7}
2025-11-21T09:16:45.545629 - USER:arun - ACTION:download - DETAILS:{"filename": "file_access.log", "size": 12304}
2025-11-21T09:16:45.993348 - USER:arun - ACTION:get_file_access - DETAILS:{"read": true, "write": true}
2025-11-21T09:16:45.997416 - USER:arun - ACTION:list_shared_files - DETAILS:{"count": 7}
2025-11-21T09:16:51.000135 - USER:arun - ACTION:get_file_access - DETAILS:{"read": true, "write": true}
2025-11-21T09:16:51.006594 - USER:arun - ACTION:list_shared_files - DETAILS:{"count": 7}
2025-11-21T09:16:56.007753 - USER:arun - ACTION:get_file_access - DETAILS:{"read": true, "write": true}
2025-11-21T09:16:56.051074 - USER:arun - ACTION:list_shared_files - DETAILS:{"count": 7}
2025-11-21T09:17:01.052574 - USER:arun - ACTION:get_file_access - DETAILS:{"read": true, "write": true}
2025-11-21T09:17:01.060646 - USER:arun - ACTION:list_shared_files - DETAILS:{"count": 7}
2025-11-21T09:17:06.059696 - USER:arun - ACTION:get_file_access - DETAILS:{"read": true, "write": true}
2025-11-21T09:17:06.064606 - USER:arun - ACTION:list_shared_files - DETAILS:{"count": 7}
2025-11-21T09:17:11.067392 - USER:arun - ACTION:get_file_access - DETAILS:{"read": true, "write": true}
2025-11-21T09:17:11.075457 - USER:arun - ACTION:list_shared_files - DETAILS:{"count": 7}
2025-11-21T09:17:16.073464 - USER:arun - ACTION:get_file_access - DETAILS:{"read": true, "write": true}
2025-11-21T09:17:16.084631 - USER:arun - ACTION:list_shared_files - DETAILS:{"count": 7}
2025-11-21T09:17:21.080903 - USER:arun - ACTION:get_file_access - DETAILS:{"read": true, "write": true}
2025-11-21T09:17:21.088101 - USER:arun - ACTION:list_shared_files - DETAILS:{"count": 7}
2025-11-21T09:17:26.090486 - USER:arun - ACTION:get_file_access - DETAILS:{"read": true, "write": true}
2025-11-21T09:17:26.110933 - USER:arun - ACTION:list_shared_files - DETAILS:{"count": 7}
2025-11-21T09:17:31.111637 - USER:arun - ACTION:get_file_access - DETAILS:{"read": true, "write": true}
2025-11-21T09:17:31.119708 - USER:arun - ACTION:list_shared_files - DETAILS:{"count": 7}
2025-11-21T09:17:36.120606 - USER:arun - ACTION:get_file_access - DETAILS:{"read": true, "write": true}
2025-11-21T09:17:36.130867 - USER:arun - ACTION:list_shared_files - DETAILS:{"count": 7}
2025-11-21T09:17:41.129057 - USER:arun - ACTION:get_file_access - DETAILS:{"read": true, "write": true}
2025-11-21T09:17:41.136504 - USER:arun - ACTION:list_shared_files - DETAILS:{"count": 7}
2025-11-21T09:17:45.549161 - USER:arun - ACTION:get_file_access - DETAILS:{"read": true, "write": true}
2025-11-21T09:17:45.553750 - USER:arun - ACTION:list_shared_files - DETAILS:{"count": 7}
2025-11-21T09:17:45.560548 - USER:arun - ACTION:download - DETAILS:{"filename": "file_access.log", "size": 14927}
2025-11-21T09:17:46.135291 - USER:arun - ACTION:get_file_access - DETAILS:{"read": true, "write": true}
2025-11-21T09:17:46.139909 - USER:arun - ACTION:list_shared_files - DETAILS:{"count": 7}
2025-11-21T09:17:51.140033 - USER:arun - ACTION:get_file_access - DETAILS:{"read": true, "write": true}
2025-11-21T09:17:51.144428 - USER:arun - ACTION:list_shared_files - DETAILS:{"count": 7}
2025-11-21T09:17:56.143586 - USER:arun - ACTION:get_file_access - DETAILS:{"read": true, "write": true}
2025-11-21T09:17:56.148035 - USER:arun - ACTION:list_shared_files - DETAILS:{"count": 7}
2025-11-21T09:18:01.147445 - USER:arun - ACTION:get_file_access - DETAILS:{"read": true, "write": true}
2025-11-21T09:18:01.152035 - USER:arun - ACTION:list_shared_files - DETAILS:{"count": 7}
2025-11-21T09:18:06.152336 - USER:arun - ACTION:get_file_access - DETAILS:{"read": true, "write": true}
2025-11-21T09:18:06.155936 - USER:arun - ACTION:list_shared_files - DETAILS:{"count": 7}
2025-11-21T09:18:11.155780 - USER:arun - ACTION:get_file_access - DETAILS:{"read": true, "write": true}
2025-11-21T09:18:11.160500 - USER:arun - ACTION:list_shared_files - DETAILS:{"count": 7}
2025-11-21T09:18:16.164300 - USER:arun - ACTION:get_file_access - DETAILS:{"read": true, "write": true}
2025-11-21T09:18:16.169696 - USER:arun - ACTION:list_shared_files - DETAILS:{"count": 7}
2025-11-21T09:18:21.171085 - USER:arun - ACTION:get_file_access - DETAILS:{"read": true, "write": true}
2025-11-21T09:18:21.177819 - USER:arun - ACTION:list_shared_files - DETAILS:{"count": 7}
2025-11-21T09:18:26.177210 - USER:arun - ACTION:get_file_access - DETAILS:{"read": true, "write": true}
2025-11-21T09:18:26.185272 - USER:arun - ACTION:list_shared_files - DETAILS:{"count": 7}
2025-11-21T09:18:31.185096 - USER:arun - ACTION:get_file_access - DETAILS:{"read": true, "write": true}
2025-11-21T09:18:31.190917 - USER:arun - ACTION:list_shared_files - DETAILS:{"count": 7}
2025-11-21T09:18:36.192535 - USER:arun - ACTION:get_file_access - DETAILS:{"read": true, "write": true}
2025-11-21T09:18:36.201310 - USER:arun - ACTION:list_shared_files - DETAILS:{"count": 7}
2025-11-21T09:18:41.202197 - USER:arun - ACTION:get_file_access - DETAILS:{"read": true, "write": true}
2025-11-21T09:18:41.209486 - USER:arun - ACTION:list_shared_files - DETAILS:{"count": 7}
2025-11-21T09:18:45.569001 - USER:arun - ACTION:get_file_access - DETAILS:{"read": true, "write": true}
2025-11-21T09:18:45.611689 - USER:arun - ACTION:list_shared_files - DETAILS:{"count": 7}
2025-11-21T09:18:45.616555 - USER:arun - ACTION:download - DETAILS:{"filename": "file_access.log", "size": 17550}
2025-11-21T09:18:46.209142 - USER:arun - ACTION:get_file_access - DETAILS:{"read": true, "write": true}
2025-11-21T09:18:46.215419 - USER:arun - ACTION:list_shared_files - DETAILS:{"count": 7}
2025-11-21T09:18:51.214902 - USER:arun - ACTION:get_file_access - DETAILS:{"read": true, "write": true}
2025-11-21T09:18:51.222389 - USER:arun - ACTION:list_shared_files - DETAILS:{"count": 7}
2025-11-21T09:18:56.222777 - USER:arun - ACTION:get_file_access - DETAILS:{"read": true, "write": true}
2025-11-21T09:18:56.231071 - USER:arun - ACTION:list_shared_files - DETAILS:{"count": 7}
2025-11-21T09:19:01.228707 - USER:arun - ACTION:get_file_access - DETAILS:{"read": true, "write": true}
2025-11-21T09:19:01.236069 - USER:arun - ACTION:list_shared_files - DETAILS:{"count": 7}
2025-11-21T09:19:06.233885 - USER:arun - ACTION:get_file_access - DETAILS:{"read": true, "write": true}
2025-11-21T09:19:06.277234 - USER:arun - ACTION:list_shared_files - DETAILS:{"count": 7}
2025-11-21T09:19:11.274354 - USER:arun - ACTION:get_file_access - DETAILS:{"read": true, "write": true}
2025-11-21T09:19:11.281072 - USER:arun - ACTION:list_shared_files - DETAILS:{"count": 7}
2025-11-21T09:19:16.279287 - USER:arun - ACTION:get_file_access - DETAILS:{"read": true, "write": true}
2025-11-21T09:19:16.284132 - USER:arun - ACTION:list_shared_files - DETAILS:{"count": 7}
2025-11-21T09:19:21.285798 - USER:arun - ACTION:get_file_access - DETAILS:{"read": true, "write": true}
2025-11-21T09:19:21.293178 - USER:arun - ACTION:list_shared_files - DETAILS:{"count": 7}
2025-11-21T09:19:26.294983 - USER:arun - ACTION:get_file_access - DETAILS:{"read": true, "write": true}
2025-11-21T09:19:26.301506 - USER:arun - ACTION:list_shared_files - DETAILS:{"count": 7}
2025-11-21T09:19:31.302739 - USER:arun - ACTION:get_file_access - DETAILS:{"read": true, "write": true}
2025-11-21T09:19:31.310063 - USER:arun - ACTION:list_shared_files - DETAILS:{"count": 7}
2025-11-21T09:19:36.311859 - USER:arun - ACTION:get_file_access - DETAILS:{"read": true, "write": true}
2025-11-21T09:19:36.355173 - USER:arun - ACTION:list_shared_files - DETAILS:{"count": 7}
2025-11-21T09:19:41.352262 - USER:arun - ACTION:get_file_access - DETAILS:{"read": true, "write": true}
2025-11-21T09:19:41.359327 - USER:arun - ACTION:list_shared_files - DETAILS:{"count": 7}
2025-11-21T09:19:45.624176 - USER:arun - ACTION:get_file_access - DETAILS:{"read": true, "write": true}
2025-11-21T09:19:45.631303 - USER:arun - ACTION:list_shared_files - DETAILS:{"count": 7}
2025-11-21T09:19:45.636001 - USER:arun - ACTION:download - DETAILS:{"filename": "file_access.log", "size": 20173}
2025-11-21T09:19:46.359457 - USER:arun - ACTION:get_file_access - DETAILS:{"read": true, "write": true}
2025-11-21T09:19:46.365804 - USER:arun - ACTION:list_shared_files - DETAILS:{"count": 7}
2025-11-21T09:19:51.367104 - USER:arun - ACTION:get_file_access - DETAILS:{"read": true, "write": true}
2025-11-21T09:19:51.374461 - USER:arun - ACTION:list_shared_files - DETAILS:{"count": 7}
2025-11-21T09:19:56.376094 - USER:arun - ACTION:get_file_access - DETAILS:{"read": true, "write": true}
2025-11-21T09:19:56.384473 - USER:arun - ACTION:list_shared_files - DETAILS:{"count": 7}
2025-11-21T09:20:01.385496 - USER:arun - ACTION:get_file_access - DETAILS:{"read": true, "write": true}
2025-11-21T09:20:01.393004 - USER:arun - ACTION:list_shared_files - DETAILS:{"count": 7}
2025-11-21T09:20:06.391650 - USER:arun - ACTION:get_file_access - DETAILS:{"read": true, "write": true}
2025-11-21T09:20:06.396294 - USER:arun - ACTION:list_shared_files - DETAILS:{"count": 7}
2025-11-21T09:20:11.395280 - USER:arun - ACTION:get_file_access - DETAILS:{"read": true, "write": true}
2025-11-21T09:20:11.400025 - USER:arun - ACTION:list_shared_files - DETAILS:{"count": 7}
2025-11-21T09:20:16.405472 - USER:arun - ACTION:get_file_access - DETAILS:{"read": true, "write": true}
2025-11-21T09:20:16.412441 - USER:arun - ACTION:list_shared_files - DETAILS:{"count": 7}
2025-11-21T09:20:21.411169 - USER:arun - ACTION:get_file_access - DETAILS:{"read": true, "write": true}
2025-11-21T09:20:21.415860 - USER:arun - ACTION:list_shared_files - DETAILS:{"count": 7}
2025-11-21T09:20:26.416141 - USER:arun - ACTION:get_file_access - DETAILS:{"read": true, "write": true}
2025-11-21T09:20:26.425152 - USER:arun - ACTION:list_shared_files - DETAILS:{"count": 7}
2025-11-21T09:20:31.424593 - USER:arun - ACTION:get_file_access - DETAILS:{"read": true, "write": true}
2025-11-21T09:20:31.430063 - USER:arun - ACTION:list_shared_files - DETAILS:{"count": 7}
2025-11-21T09:20:36.430265 - USER:arun - ACTION:get_file_access - DETAILS:{"read": true, "write": true}
2025-11-21T09:20:36.434598 - USER:arun - ACTION:list_shared_files - DETAILS:{"count": 7}
2025-11-21T09:20:41.433902 - USER:arun - ACTION:get_file_access - DETAILS:{"read": true, "write": true}
2025-11-21T09:20:41.438891 - USER:arun - ACTION:list_shared_files - DETAILS:{"count": 7}
2025-11-21T09:20:45.640295 - USER:arun - ACTION:get_file_access - DETAILS:{"read": true, "write": true}
2025-11-21T09:20:45.644331 - USER:arun - ACTION:list_shared_files - DETAILS:{"count": 7}
2025-11-21T09:20:45.647001 - USER:arun - ACTION:download - DETAILS:{"filename": "file_access.log", "size": 22796}
2025-11-21T09:20:46.438373 - USER:arun - ACTION:get_file_access - DETAILS:{"read": true, "write": true}
2025-11-21T09:20:46.443727 - USER:arun - ACTION:list_shared_files - DETAILS:{"count": 7}
2025-11-21T09:20:51.444904 - USER:arun - ACTION:get_file_access - DETAILS:{"read": true, "write": true}
2025-11-21T09:20:51.452848 - USER:arun - ACTION:list_shared_files - DETAILS:{"count": 7}
2025-11-21T09:20:56.452217 - USER:arun - ACTION:get_file_access - DETAILS:{"read": true, "write": true}
2025-11-21T09:20:56.459079 - USER:arun - ACTION:list_shared_files - DETAILS:{"count": 7}
2025-11-21T09:21:01.460776 - USER:arun - ACTION:get_file_access - DETAILS:{"read": true, "write": true}
2025-11-21T09:21:01.471147 - USER:arun - ACTION:list_shared_files - DETAILS:{"count": 7}
2025-11-21T09:21:06.471539 - USER:arun - ACTION:get_file_access - DETAILS:{"read": true, "write": true}
2025-11-21T09:21:06.478982 - USER:arun - ACTION:list_shared_files - DETAILS:{"count": 7}
2025-11-21T09:21:11.479986 - USER:arun - ACTION:get_file_access - DETAILS:{"read": true, "write": true}
2025-11-21T09:21:11.485294 - USER:arun - ACTION:list_shared_files - DETAILS:{"count": 7}
2025-11-21T09:21:16.485205 - USER:arun - ACTION:get_file_access - DETAILS:{"read": true, "write": true}
2025-11-21T09:21:16.488833 - USER:arun - ACTION:list_shared_files - DETAILS:{"count": 7}
2025-11-21T09:21:21.489823 - USER:arun - ACTION:get_file_access - DETAILS:{"read": true, "write": true}
2025-11-21T09:21:21.496490 - USER:arun - ACTION:list_shared_files - DETAILS:{"count": 7}
2025-11-21T09:21:26.495313 - USER:arun - ACTION:get_file_access - DETAILS:{"read": true, "write": true}
2025-11-21T09:21:26.500704 - USER:arun - ACTION:list_shared_files - DETAILS:{"count": 7}
2025-11-21T09:21:31.500751 - USER:arun - ACTION:get_file_access - DETAILS:{"read": true, "write": true}
2025-11-21T09:21:31.503670 - USER:arun - ACTION:list_shared_files - DETAILS:{"count": 7}
2025-11-21T09:21:35.222186 - USER:arun - ACTION:download - DETAILS:{"filename": "my.txt", "size": 0}
2025-11-21T09:21:36.506622 - USER:arun - ACTION:get_file_access - DETAILS:{"read": true, "write": true}
2025-11-21T09:21:36.514125 - USER:arun - ACTION:list_shared_files - DETAILS:{"count": 7}
2025-11-21T09:21:41.512596 - USER:arun - ACTION:get_file_access - DETAILS:{"read": true, "write": true}
2025-11-21T09:21:41.551537 - USER:arun - ACTION:list_shared_files - DETAILS:{"count": 7}
2025-11-21T09:21:45.654947 - USER:arun - ACTION:get_file_access - DETAILS:{"read": true, "write": true}
2025-11-21T09:21:45.661241 - USER:arun - ACTION:list_shared_files - DETAILS:{"count": 7}
2025-11-21T09:21:45.665457 - USER:arun - ACTION:download - DETAILS:{"filename": "file_access.log", "size": 25520}
2025-11-21T09:21:46.554760 - USER:arun - ACTION:get_file_access - DETAILS:{"read": true, "write": true}
2025-11-21T09:21:46.561404 - USER:arun - ACTION:list_shared_files - DETAILS:{"count": 7}
2025-11-21T09:21:51.559761 - USER:arun - ACTION:get_file_access - DETAILS:{"read": true, "write": true}
2025-11-21T09:21:51.564817 - USER:arun - ACTION:list_shared_files - DETAILS:{"count": 7}
2025-11-21T09:21:56.565651 - USER:arun - ACTION:get_file_access - DETAILS:{"read": true, "write": true}
2025-11-21T09:21:56.572719 - USER:arun - ACTION:list_shared_files - DETAILS:{"count": 7}
2025-11-21T09:22:01.573033 - USER:arun - ACTION:get_file_access - DETAILS:{"read": true, "write": true}
2025-11-21T09:22:01.581189 - USER:arun - ACTION:list_shared_files - DETAILS:{"count": 7}
2025-11-21T09:22:06.580331 - USER:arun - ACTION:get_file_access - DETAILS:{"read": true, "write": true}
2025-11-21T09:22:06.585835 - USER:arun - ACTION:list_shared_files - DETAILS:{"count": 7}
2025-11-21T09:22:11.585470 - USER:arun - ACTION:get_file_access - DETAILS:{"read": true, "write": true}
2025-11-21T09:22:11.590371 - USER:arun - ACTION:list_shared_files - DETAILS:{"count": 7}
2025-11-21T09:22:16.594362 - USER:arun - ACTION:get_file_access - DETAILS:{"read": true, "write": true}
2025-11-21T09:22:16.601969 - USER:arun - ACTION:list_shared_files - DETAILS:{"count": 7}
2025-11-21T09:22:21.599310 - USER:arun - ACTION:get_file_access - DETAILS:{"read": true, "write": true}
2025-11-21T09:22:21.605435 - USER:arun - ACTION:list_shared_files - DETAILS:{"count": 7}
2025-11-21T09:22:26.607304 - USER:arun - ACTION:get_file_access - DETAILS:{"read": true, "write": true}
2025-11-21T09:22:26.616187 - USER:arun - ACTION:list_shared_files - DETAILS:{"count": 7}
2025-11-21T09:22:31.614924 - USER:arun - ACTION:get_file_access - DETAILS:{"read": true, "write": true}
2025-11-21T09:22:31.620778 - USER:arun - ACTION:list_shared_files - DETAILS:{"count": 7}
2025-11-21T09:22:36.622127 - USER:arun - ACTION:get_file_access - DETAILS:{"read": true, "write": true}
2025-11-21T09:22:36.629559 - USER:arun - ACTION:list_shared_files - DETAILS:{"count": 7}
2025-11-21T09:22:41.629967 - USER:arun - ACTION:get_file_access - DETAILS:{"read": true, "write": true}
2025-11-21T09:22:41.634629 - USER:arun - ACTION:list_shared_files - DETAILS:{"count": 7}
2025-11-21T09:22:45.670315 - USER:arun - ACTION:get_file_access - DETAILS:{"read": true, "write": true}
2025-11-21T09:22:45.676297 - USER:arun - ACTION:list_shared_files - DETAILS:{"count": 7}
2025-11-21T09:22:45.681146 - USER:arun - ACTION:download - DETAILS:{"filename": "file_access.log", "size": 28143}
2025-11-21T09:22:46.635137 - USER:arun - ACTION:get_file_access - DETAILS:{"read": true, "write": true}
2025-11-21T09:22:46.638568 - USER:arun - ACTION:list_shared_files - DETAILS:{"count": 7}
2025-11-21T09:22:51.640333 - USER:arun - ACTION:get_file_access - DETAILS:{"read": true, "write": true}
2025-11-21T09:22:51.648030 - USER:arun - ACTION:list_shared_files - DETAILS:{"count": 7}
2025-11-21T09:22:56.649646 - USER:arun - ACTION:get_file_access - DETAILS:{"read": true, "write": true}
2025-11-21T09:22:56.659401 - USER:arun - ACTION:list_shared_files - DETAILS:{"count": 7}
2025-11-21T09:23:01.660429 - USER:arun - ACTION:get_file_access - DETAILS:{"read": true, "write": true}
2025-11-21T09:23:01.705326 - USER:arun - ACTION:list_shared_files - DETAILS:{"count": 7}
2025-11-21T09:23:06.705432 - USER:arun - ACTION:get_file_access - DETAILS:{"read": true, "write": true}
2025-11-21T09:23:06.714629 - USER:arun - ACTION:list_shared_files - DETAILS:{"count": 7}
2025-11-21T09:23:11.712572 - USER:arun - ACTION:get_file_access - DETAILS:{"read": true, "write": true}
2025-11-21T09:23:11.719720 - USER:arun - ACTION:list_shared_files - DETAILS:{"count": 7}
2025-11-21T09:23:16.719931 - USER:arun - ACTION:get_file_access - DETAILS:{"read": true, "write": true}
2025-11-21T09:23:16.726762 - USER:arun - ACTION:list_shared_files - DETAILS:{"count": 7}
2025-11-21T09:23:21.727134 - USER:arun - ACTION:get_file_access - DETAILS:{"read": true, "write": true}
2025-11-21T09:23:21.769245 - USER:arun - ACTION:list_shared_files - DETAILS:{"count": 7}
2025-11-21T09:23:26.769988 - USER:arun - ACTION:get_file_access - DETAILS:{"read": true, "write": true}
2025-11-21T09:23:26.812401 - USER:arun - ACTION:list_shared_files - DETAILS:{"count": 7}
2025-11-21T09:23:31.813260 - USER:arun - ACTION:get_file_access - DETAILS:{"read": true, "write": true}
2025-11-21T09:23:31.821384 - USER:arun - ACTION:list_shared_files - DETAILS:{"count": 7}
2025-11-21T09:23:36.822382 - USER:arun - ACTION:get_file_access - DETAILS:{"read": true, "write": true}
2025-11-21T09:23:36.829878 - USER:arun - ACTION:list_shared_files - DETAILS:{"count": 7}
2025-11-21T09:23:41.828282 - USER:arun - ACTION:get_file_access - DETAILS:{"read": true, "write": true}
2025-11-21T09:23:41.834273 - USER:arun - ACTION:list_shared_files - DETAILS:{"count": 7}
2025-11-21T09:23:45.689940 - USER:arun - ACTION:get_file_access - DETAILS:{"read": true, "write": true}
2025-11-21T09:23:45.696671 - USER:arun - ACTION:list_shared_files - DETAILS:{"count": 7}
2025-11-21T09:23:45.700293 - USER:arun - ACTION:download - DETAILS:{"filename": "file_access.log", "size": 30766}
2025-11-21T09:24:01.923871 - USER:arun - ACTION:get_file_access - DETAILS:{"read": true, "write": true}
2025-11-21T09:24:01.928796 - USER:arun - ACTION:list_shared_files - DETAILS:{"count": 7}
2025-11-21T09:24:01.932242 - USER:arun - ACTION:download - DETAILS:{"filename": "file_access.log", "size": 31073}
2025-11-21T09:24:01.949725 - USER:arun - ACTION:get_file_access - DETAILS:{"read": true, "write": true}
2025-11-21T09:24:01.960628 - USER:arun - ACTION:list_shared_files - DETAILS:{"count": 7}
2025-11-21T09:24:06.954839 - USER:arun - ACTION:get_file_access - DETAILS:{"read": true, "write": true}
2025-11-21T09:24:06.965365 - USER:arun - ACTION:list_shared_files - DETAILS:{"count": 7}
2025-11-21T09:24:11.960477 - USER:arun - ACTION:get_file_access - DETAILS:{"read": true, "write": true}
2025-11-21T09:24:11.970762 - USER:arun - ACTION:list_shared_files - DETAILS:{"count": 7}
2025-11-21T09:24:16.969010 - USER:arun - ACTION:get_file_access - DETAILS:{"read": true, "write": true}
2025-11-21T09:24:16.976834 - USER:arun - ACTION:list_shared_files - DETAILS:{"count": 7}
2025-11-21T09:24:21.979504 - USER:arun - ACTION:get_file_access - DETAILS:{"read": true, "write": true}
2025-11-21T09:24:21.987760 - USER:arun - ACTION:list_shared_files - DETAILS:{"count": 7}
2025-11-21T09:24:26.049522 - USER:arun - ACTION:get_file_access - DETAILS:{"read": true, "write": true}
2025-11-21T09:24:26.990055 - USER:arun - ACTION:get_file_access - DETAILS:{"read": true, "write": true}
2025-11-21T09:24:26.997991 - USER:arun - ACTION:list_shared_files - DETAILS:{"count": 7}
2025-11-21T09:24:31.996563 - USER:arun - ACTION:get_file_access - DETAILS:{"read": true, "write": true}
2025-11-21T09:24:32.002895 - USER:arun - ACTION:list_shared_files - DETAILS:{"count": 7}
2025-11-21T09:24:37.003793 - USER:arun - ACTION:get_file_access - DETAILS:{"read": true, "write": true}
2025-11-21T09:24:37.045655 - USER:arun - ACTION:list_shared_files - DETAILS:{"count": 7}
2025-11-21T09:24:42.047008 - USER:arun - ACTION:get_file_access - DETAILS:{"read": true, "write": true}
2025-11-21T09:24:42.054615 - USER:arun - ACTION:list_shared_files - DETAILS:{"count": 7}
2025-11-21T09:24:47.053689 - USER:arun - ACTION:get_file_access - DETAILS:{"read": true, "write": true}
2025-11-21T09:24:47.062147 - USER:arun - ACTION:list_shared_files - DETAILS:{"count": 7}
2025-11-21T09:24:52.063640 - USER:arun - ACTION:get_file_access - DETAILS:{"read": true, "write": true}
2025-11-21T09:24:52.071828 - USER:arun - ACTION:list_shared_files - DETAILS:{"count": 7}
2025-11-21T09:24:57.072565 - USER:arun - ACTION:get_file_access - DETAILS:{"read": true, "write": true}
2025-11-21T09:24:57.079790 - USER:arun - ACTION:list_shared_files - DETAILS:{"count": 7}
2025-11-21T09:24:59.976541 - USER:arun - ACTION:get_file_access - DETAILS:{"read": true, "write": true}
2025-11-21T09:25:01.941447 - USER:arun - ACTION:get_file_access - DETAILS:{"read": true, "write": true}
2025-11-21T09:25:01.948979 - USER:arun - ACTION:list_shared_files - DETAILS:{"count": 7}
2025-11-21T09:25:01.953418 - USER:arun - ACTION:download - DETAILS:{"filename": "file_access.log", "size": 33904}
2025-11-21T09:25:02.081366 - USER:arun - ACTION:get_file_access - DETAILS:{"read": true, "write": true}
2025-11-21T09:25:02.085587 - USER:arun - ACTION:list_shared_files - DETAILS:{"count": 7}
2025-11-21T09:25:07.089443 - USER:arun - ACTION:get_file_access - DETAILS:{"read": true, "write": true}
2025-11-21T09:25:07.095843 - USER:arun - ACTION:list_shared_files - DETAILS:{"count": 7}
2025-11-21T09:25:12.095971 - USER:arun - ACTION:get_file_access - DETAILS:{"read": true, "write": true}
2025-11-21T09:25:12.102827 - USER:arun - ACTION:list_shared_files - DETAILS:{"count": 7}
2025-11-21T09:25:17.103226 - USER:arun - ACTION:get_file_access - DETAILS:{"read": true, "write": true}
2025-11-21T09:25:17.110036 - USER:arun - ACTION:list_shared_files - DETAILS:{"count": 7}
2025-11-21T09:25:22.113696 - USER:arun - ACTION:get_file_access - DETAILS:{"read": true, "write": true}
2025-11-21T09:25:22.155495 - USER:arun - ACTION:list_shared_files - DETAILS:{"count": 7}
2025-11-21T09:25:27.152808 - USER:arun - ACTION:get_file_access - DETAILS:{"read": true, "write": true}
2025-11-21T09:25:27.159590 - USER:arun - ACTION:list_shared_files - DETAILS:{"count": 7}
2025-11-21T09:25:32.157651 - USER:arun - ACTION:get_file_access - DETAILS:{"read": true, "write": true}
2025-11-21T09:25:32.163668 - USER:arun - ACTION:list_shared_files - DETAILS:{"count": 7}
2025-11-21T09:25:36.675421 - USER:arun - ACTION:get_file_access - DETAILS:{"read": true, "write": true}
2025-11-21T09:25:37.162323 - USER:arun - ACTION:get_file_access - DETAILS:{"read": true, "write": true}
2025-11-21T09:25:37.169174 - USER:arun - ACTION:list_shared_files - DETAILS:{"count": 7}
2025-11-21T09:25:42.169234 - USER:arun - ACTION:get_file_access - DETAILS:{"read": true, "write": true}
2025-11-21T09:25:42.177146 - USER:arun - ACTION:list_shared_files - DETAILS:{"count": 7}
2025-11-21T09:25:47.176607 - USER:arun - ACTION:get_file_access - DETAILS:{"read": true, "write": true}
2025-11-21T09:25:47.180643 - USER:arun - ACTION:list_shared_files - DETAILS:{"count": 7}
2025-11-21T09:25:52.179819 - USER:arun - ACTION:get_file_access - DETAILS:{"read": true, "write": true}
2025-11-21T09:25:52.183485 - USER:arun - ACTION:list_shared_files - DETAILS:{"count": 7}
2025-11-21T09:25:57.183007 - USER:arun - ACTION:get_file_access - DETAILS:{"read": true, "write": true}
2025-11-21T09:25:57.187846 - USER:arun - ACTION:list_shared_files - DETAILS:{"count": 7}
2025-11-21T09:26:01.960436 - USER:arun - ACTION:get_file_access - DETAILS:{"read": true, "write": true}
2025-11-21T09:26:01.968196 - USER:arun - ACTION:list_shared_files - DETAILS:{"count": 7}
2025-11-21T09:26:01.972186 - USER:arun - ACTION:download - DETAILS:{"filename": "file_access.log", "size": 36631}
2025-11-21T09:26:02.187733 - USER:arun - ACTION:get_file_access - DETAILS:{"read": true, "write": true}
2025-11-21T09:26:02.190798 - USER:arun - ACTION:list_shared_files - DETAILS:{"count": 7}
2025-11-21T09:26:07.190803 - USER:arun - ACTION:get_file_access - DETAILS:{"read": true, "write": true}
2025-11-21T09:26:07.196801 - USER:arun - ACTION:list_shared_files - DETAILS:{"count": 7}
2025-11-21T09:26:12.199006 - USER:arun - ACTION:get_file_access - DETAILS:{"read": true, "write": true}
2025-11-21T09:26:12.204946 - USER:arun - ACTION:list_shared_files - DETAILS:{"count": 7}
2025-11-21T09:26:17.205877 - USER:arun - ACTION:get_file_access - DETAILS:{"read": true, "write": true}
2025-11-21T09:26:17.213087 - USER:arun - ACTION:list_shared_files - DETAILS:{"count": 7}
2025-11-21T09:26:22.215436 - USER:arun - ACTION:get_file_access - DETAILS:{"read": true, "write": true}
2025-11-21T09:26:22.223382 - USER:arun - ACTION:list_shared_files - DETAILS:{"count": 7}
2025-11-21T09:26:27.222876 - USER:arun - ACTION:get_file_access - DETAILS:{"read": true, "write": true}
2025-11-21T09:26:27.230004 - USER:arun - ACTION:list_shared_files - DETAILS:{"count": 7}
2025-11-21T09:26:32.231503 - USER:arun - ACTION:get_file_access - DETAILS:{"read": true, "write": true}
2025-11-21T09:26:32.259008 - USER:arun - ACTION:list_shared_files - DETAILS:{"count": 7}
2025-11-21T09:26:37.241666 - USER:arun - ACTION:get_file_access - DETAILS:{"read": true, "write": true}
2025-11-21T09:26:37.262705 - USER:arun - ACTION:list_shared_files - DETAILS:{"count": 7}
2025-11-21T09:26:42.249678 - USER:arun - ACTION:get_file_access - DETAILS:{"read": true, "write": true}
2025-11-21T09:26:42.266907 - USER:arun - ACTION:list_shared_files - DETAILS:{"count": 7}
2025-11-21T09:26:47.259129 - USER:arun - ACTION:get_file_access - DETAILS:{"read": true, "write": true}
2025-11-21T09:26:47.272454 - USER:arun - ACTION:list_shared_files - DETAILS:{"count": 7}
2025-11-21T09:26:52.268280 - USER:arun - ACTION:get_file_access - DETAILS:{"read": true, "write": true}
2025-11-21T09:26:52.277580 - USER:arun - ACTION:list_shared_files - DETAILS:{"count": 7}
2025-11-21T09:26:57.275823 - USER:arun - ACTION:get_file_access - DETAILS:{"read": true, "write": true}
2025-11-21T09:26:57.283430 - USER:arun - ACTION:list_shared_files - DETAILS:{"count": 7}
2025-11-21T09:27:01.979893 - USER:arun - ACTION:get_file_access - DETAILS:{"read": true, "write": true}
2025-11-21T09:27:01.987589 - USER:arun - ACTION:list_shared_files - DETAILS:{"count": 7}
2025-11-21T09:27:01.991867 - USER:arun - ACTION:download - DETAILS:{"filename": "file_access.log", "size": 39254}
2025-11-21T09:27:02.280046 - USER:arun - ACTION:get_file_access - DETAILS:{"read": true, "write": true}
2025-11-21T09:27:02.287153 - USER:arun - ACTION:list_shared_files - DETAILS:{"count": 7}
2025-11-21T09:27:07.285470 - USER:arun - ACTION:get_file_access - DETAILS:{"read": true, "write": true}
2025-11-21T09:27:07.291960 - USER:arun - ACTION:list_shared_files - DETAILS:{"count": 7}
2025-11-21T09:27:12.294440 - USER:arun - ACTION:get_file_access - DETAILS:{"read": true, "write": true}
2025-11-21T09:27:12.303462 - USER:arun - ACTION:list_shared_files - DETAILS:{"count": 7}
2025-11-21T09:27:17.303950 - USER:arun - ACTION:get_file_access - DETAILS:{"read": true, "write": true}
2025-11-21T09:27:17.311088 - USER:arun - ACTION:list_shared_files - DETAILS:{"count": 7}
2025-11-21T09:27:22.312650 - USER:arun - ACTION:get_file_access - DETAILS:{"read": true, "write": true}
2025-11-21T09:27:22.320272 - USER:arun - ACTION:list_shared_files - DETAILS:{"count": 7}
2025-11-21T09:27:27.322936 - USER:arun - ACTION:get_file_access - DETAILS:{"read": true, "write": true}
2025-11-21T09:27:27.330505 - USER:arun - ACTION:list_shared_files - DETAILS:{"count": 7}
2025-11-21T09:27:32.332535 - USER:arun - ACTION:get_file_access - DETAILS:{"read": true, "write": true}
2025-11-21T09:27:32.340796 - USER:arun - ACTION:list_shared_files - DETAILS:{"count": 7}
2025-11-21T09:27:37.341185 - USER:arun - ACTION:get_file_access - DETAILS:{"read": true, "write": true}
2025-11-21T09:27:37.348809 - USER:arun - ACTION:list_shared_files - DETAILS:{"count": 7}
2025-11-21T09:27:42.351960 - USER:arun - ACTION:get_file_access - DETAILS:{"read": true, "write": true}
2025-11-21T09:27:42.359707 - USER:arun - ACTION:list_shared_files - DETAILS:{"count": 7}
2025-11-21T09:27:47.358248 - USER:arun - ACTION:get_file_access - DETAILS:{"read": true, "write": true}
2025-11-21T09:27:47.363802 - USER:arun - ACTION:list_shared_files - DETAILS:{"count": 7}
2025-11-21T09:27:52.366664 - USER:arun - ACTION:get_file_access - DETAILS:{"read": true, "write": true}
2025-11-21T09:27:52.410557 - USER:arun - ACTION:list_shared_files - DETAILS:{"count": 7}
2025-11-21T09:27:57.411274 - USER:arun - ACTION:get_file_access - DETAILS:{"read": true, "write": true}
2025-11-21T09:27:57.419900 - USER:arun - ACTION:list_shared_files - DETAILS:{"count": 7}
2025-11-21T09:28:01.999271 - USER:arun - ACTION:get_file_access - DETAILS:{"read": true, "write": true}
2025-11-21T09:28:02.042507 - USER:arun - ACTION:list_shared_files - DETAILS:{"count": 7}
2025-11-21T09:28:02.048753 - USER:arun - ACTION:download - DETAILS:{"filename": "file_access.log", "size": 41877}
2025-11-21T09:28:02.419333 - USER:arun - ACTION:get_file_access - DETAILS:{"read": true, "write": true}
2025-11-21T09:28:02.424992 - USER:arun - ACTION:list_shared_files - DETAILS:{"count": 7}
2025-11-21T09:28:07.426914 - USER:arun - ACTION:get_file_access - DETAILS:{"read": true, "write": true}
2025-11-21T09:28:07.433122 - USER:arun - ACTION:list_shared_files - DETAILS:{"count": 7}
2025-11-21T09:28:12.434004 - USER:arun - ACTION:get_file_access - DETAILS:{"read": true, "write": true}
2025-11-21T09:28:12.477243 - USER:arun - ACTION:list_shared_files - DETAILS:{"count": 7}
2025-11-21T09:28:17.476321 - USER:arun - ACTION:get_file_access - DETAILS:{"read": true, "write": true}
2025-11-21T09:28:17.481936 - USER:arun - ACTION:list_shared_files - DETAILS:{"count": 7}
2025-11-21T09:28:22.481659 - USER:arun - ACTION:get_file_access - DETAILS:{"read": true, "write": true}
2025-11-21T09:28:22.487456 - USER:arun - ACTION:list_shared_files - DETAILS:{"count": 7}
2025-11-21T09:28:27.487116 - USER:arun - ACTION:get_file_access - DETAILS:{"read": true, "write": true}
2025-11-21T09:28:27.491511 - USER:arun - ACTION:list_shared_files - DETAILS:{"count": 7}
2025-11-21T09:28:32.491018 - USER:arun - ACTION:get_file_access - DETAILS:{"read": true, "write": true}
2025-11-21T09:28:32.495820 - USER:arun - ACTION:list_shared_files - DETAILS:{"count": 7}
2025-11-21T09:28:37.496586 - USER:arun - ACTION:get_file_access - DETAILS:{"read": true, "write": true}
2025-11-21T09:28:37.502811 - USER:arun - ACTION:list_shared_files - DETAILS:{"count": 7}
2025-11-21T09:28:42.501895 - USER:arun - ACTION:get_file_access - DETAILS:{"read": true, "write": true}
2025-11-21T09:28:42.506368 - USER:arun - ACTION:list_shared_files - DETAILS:{"count": 7}
2025-11-21T09:28:47.505451 - USER:arun - ACTION:get_file_access - DETAILS:{"read": true, "write": true}
2025-11-21T09:28:47.509893 - USER:arun - ACTION:list_shared_files - DETAILS:{"count": 7}
2025-11-21T09:28:52.509218 - USER:arun - ACTION:get_file_access - DETAILS:{"read": true, "write": true}
2025-11-21T09:28:52.515463 - USER:arun - ACTION:list_shared_files - DETAILS:{"count": 7}
2025-11-21T09:28:57.516341 - USER:arun - ACTION:get_file_access - DETAILS:{"read": true, "write": true}
2025-11-21T09:28:57.554955 - USER:arun - ACTION:list_shared_files - DETAILS:{"count": 7}
2025-11-21T09:29:02.053419 - USER:arun - ACTION:get_file_access - DETAILS:{"read": true, "write": true}
2025-11-21T09:29:02.092538 - USER:arun - ACTION:list_shared_files - DETAILS:{"count": 7}
2025-11-21T09:29:02.096100 - USER:arun - ACTION:download - DETAILS:{"filename": "file_access.log", "size": 44500}
2025-11-21T09:29:02.554937 - USER:arun - ACTION:get_file_access - DETAILS:{"read": true, "write": true}
2025-11-21T09:29:02.559515 - USER:arun - ACTION:list_shared_files - DETAILS:{"count": 7}
2025-11-21T09:29:07.559904 - USER:arun - ACTION:get_file_access - DETAILS:{"read": true, "write": true}
2025-11-21T09:29:07.564837 - USER:arun - ACTION:list_shared_files - DETAILS:{"count": 7}
2025-11-21T09:29:12.565073 - USER:arun - ACTION:get_file_access - DETAILS:{"read": true, "write": true}
2025-11-21T09:29:12.570067 - USER:arun - ACTION:list_shared_files - DETAILS:{"count": 7}
2025-11-21T09:29:17.570354 - USER:arun - ACTION:get_file_access - DETAILS:{"read": true, "write": true}
2025-11-21T09:29:17.575446 - USER:arun - ACTION:list_shared_files - DETAILS:{"count": 7}
2025-11-21T09:29:22.578182 - USER:arun - ACTION:get_file_access - DETAILS:{"read": true, "write": true}
2025-11-21T09:29:22.586049 - USER:arun - ACTION:list_shared_files - DETAILS:{"count": 7}
2025-11-21T09:29:27.587838 - USER:arun - ACTION:get_file_access - DETAILS:{"read": true, "write": true}
2025-11-21T09:29:27.596111 - USER:arun - ACTION:list_shared_files - DETAILS:{"count": 7}
2025-11-21T09:29:32.595849 - USER:arun - ACTION:get_file_access - DETAILS:{"read": true, "write": true}
2025-11-21T09:29:32.603521 - USER:arun - ACTION:list_shared_files - DETAILS:{"count": 7}
2025-11-21T09:29:37.601994 - USER:arun - ACTION:get_file_access - DETAILS:{"read": true, "write": true}
2025-11-21T09:29:37.606769 - USER:arun - ACTION:list_shared_files - DETAILS:{"count": 7}
2025-11-21T09:29:42.005321 - USER:arun - ACTION:get_file_access - DETAILS:{"read": true, "write": true}
2025-11-21T09:29:42.608039 - USER:arun - ACTION:get_file_access - DETAILS:{"read": true, "write": true}
2025-11-21T09:29:42.612900 - USER:arun - ACTION:list_shared_files - DETAILS:{"count": 7}
2025-11-21T09:29:47.616316 - USER:arun - ACTION:get_file_access - DETAILS:{"read": true, "write": true}
2025-11-21T09:29:47.624707 - USER:arun - ACTION:list_shared_files - DETAILS:{"count": 7}
2025-11-21T09:29:52.623136 - USER:arun - ACTION:get_file_access - DETAILS:{"read": true, "write": true}
2025-11-21T09:29:52.628706 - USER:arun - ACTION:list_shared_files - DETAILS:{"count": 7}
2025-11-21T09:29:57.629603 - USER:arun - ACTION:get_file_access - DETAILS:{"read": true, "write": true}
2025-11-21T09:29:57.636182 - USER:arun - ACTION:list_shared_files - DETAILS:{"count": 7}
2025-11-21T09:29:59.770669 - USER:arun - ACTION:get_file_access - DETAILS:{"read": true, "write": true}
2025-11-21T09:30:02.921835 - USER:arun - ACTION:get_file_access - DETAILS:{"read": true, "write": true}
2025-11-21T09:30:02.921872 - USER:arun - ACTION:get_file_access - DETAILS:{"read": true, "write": true}
2025-11-21T09:30:02.927555 - USER:arun - ACTION:list_shared_files - DETAILS:{"count": 7}
2025-11-21T09:30:02.929106 - USER:arun - ACTION:list_shared_files - DETAILS:{"count": 7}
2025-11-21T09:30:02.930878 - USER:arun - ACTION:download - DETAILS:{"filename": "file_access.log", "size": 47524}
2025-11-21T09:30:05.789705 - USER:arun - ACTION:update_file_access - DETAILS:{"read": true, "write": false}
2025-11-21T09:30:07.154891 - USER:arun - ACTION:update_file_access - DETAILS:{"read": false, "write": false}
2025-11-21T09:30:07.933368 - USER:arun - ACTION:get_file_access - DETAILS:{"read": false, "write": false}
2025-11-21T09:30:08.324286 - USER:arun - ACTION:update_file_access - DETAILS:{"read": false, "write": true}
2025-11-21T09:30:12.942510 - USER:arun - ACTION:get_file_access - DETAILS:{"read": false, "write": true}
2025-11-21T09:30:16.541806 - USER:arun - ACTION:upload - DETAILS:{"filename": "admin.db", "size": 8192}
2025-11-21T09:30:17.949623 - USER:arun - ACTION:get_file_access - DETAILS:{"read": false, "write": true}
2025-11-21T09:30:21.144912 - USER:arun - ACTION:update_file_access - DETAILS:{"read": false, "write": false}
2025-11-21T09:30:21.871178 - USER:arun - ACTION:update_file_access - DETAILS:{"read": true, "write": false}
2025-11-21T09:30:22.961340 - USER:arun - ACTION:get_file_access - DETAILS:{"read": true, "write": false}
2025-11-21T09:30:22.969274 - USER:arun - ACTION:list_shared_files - DETAILS:{"count": 8}
2025-11-21T09:30:24.941536 - USER:arun - ACTION:list_shared_files - DETAILS:{"count": 8}
2025-11-21T09:30:25.935526 - USER:arun - ACTION:list_shared_files - DETAILS:{"count": 8}
2025-11-21T09:30:27.115341 - USER:arun - ACTION:list_shared_files - DETAILS:{"count": 8}
2025-11-21T09:30:27.326682 - USER:arun - ACTION:list_shared_files - DETAILS:{"count": 8}
2025-11-21T09:30:27.868475 - USER:arun - ACTION:list_shared_files - DETAILS:{"count": 8}
2025-11-21T09:30:27.969359 - USER:arun - ACTION:get_file_access - DETAILS:{"read": true, "write": false}
2025-11-21T09:30:27.975753 - USER:arun - ACTION:list_shared_files - DETAILS:{"count": 8}
2025-11-21T09:30:29.952066 - USER:arun - ACTION:list_shared_files - DETAILS:{"count": 8}
2025-11-21T09:30:30.943988 - USER:arun - ACTION:list_shared_files - DETAILS:{"count": 8}
2025-11-21T09:30:32.123554 - USER:arun - ACTION:list_shared_files - DETAILS:{"count": 8}
2025-11-21T09:30:32.332706 - USER:arun - ACTION:list_shared_files - DETAILS:{"count": 8}
2025-11-21T09:30:32.878367 - USER:arun - ACTION:list_shared_files - DETAILS:{"count": 8}
2025-11-21T09:30:32.976008 - USER:arun - ACTION:get_file_access - DETAILS:{"read": true, "write": false}
2025-11-21T09:30:32.982226 - USER:arun - ACTION:list_shared_files - DETAILS:{"count": 8}
2025-11-21T09:30:34.960450 - USER:arun - ACTION:list_shared_files - DETAILS:{"count": 8}
2025-11-21T09:30:35.955830 - USER:arun - ACTION:list_shared_files - DETAILS:{"count": 8}
2025-11-21T09:30:37.132417 - USER:arun - ACTION:list_shared_files - DETAILS:{"count": 8}
2025-11-21T09:30:37.336212 - USER:arun - ACTION:list_shared_files - DETAILS:{"count": 8}
2025-11-21T09:30:37.888257 - USER:arun - ACTION:list_shared_files - DETAILS:{"count": 8}
2025-11-21T09:30:37.980086 - USER:arun - ACTION:get_file_access - DETAILS:{"read": true, "write": false}
2025-11-21T09:30:37.985896 - USER:arun - ACTION:list_shared_files - DETAILS:{"count": 8}
2025-11-21T09:30:39.967334 - USER:arun - ACTION:list_shared_files - DETAILS:{"count": 8}
2025-11-21T09:30:40.965404 - USER:arun - ACTION:list_shared_files - DETAILS:{"count": 8}
2025-11-21T09:30:42.143807 - USER:arun - ACTION:list_shared_files - DETAILS:{"count": 8}
2025-11-21T09:30:42.343552 - USER:arun - ACTION:list_shared_files - DETAILS:{"count": 8}
2025-11-21T09:30:42.897278 - USER:arun - ACTION:list_shared_files - DETAILS:{"count": 8}
2025-11-21T09:30:42.986597 - USER:arun - ACTION:get_file_access - DETAILS:{"read": true, "write": false}
2025-11-21T09:30:42.992222 - USER:arun - ACTION:list_shared_files - DETAILS:{"count": 8}
2025-11-21T09:30:44.208109 - USER:arun - ACTION:download - DETAILS:{"filename": "debug_test.txt", "size": 23}
2025-11-21T09:30:44.979969 - USER:arun - ACTION:list_shared_files - DETAILS:{"count": 8}
2025-11-21T09:30:45.974778 - USER:arun - ACTION:list_shared_files - DETAILS:{"count": 8}
2025-11-21T09:30:47.152373 - USER:arun - ACTION:list_shared_files - DETAILS:{"count": 8}
2025-11-21T09:30:47.352163 - USER:arun - ACTION:list_shared_files - DETAILS:{"count": 8}
2025-11-21T09:30:47.908475 - USER:arun - ACTION:list_shared_files - DETAILS:{"count": 8}
2025-11-21T09:30:47.992180 - USER:arun - ACTION:get_file_access - DETAILS:{"read": true, "write": false}
2025-11-21T09:30:47.997627 - USER:arun - ACTION:list_shared_files - DETAILS:{"count": 8}
2025-11-21T09:30:49.990616 - USER:arun - ACTION:list_shared_files - DETAILS:{"count": 8}
2025-11-21T09:30:50.983957 - USER:arun - ACTION:list_shared_files - DETAILS:{"count": 8}
2025-11-21T09:30:52.160948 - USER:arun - ACTION:list_shared_files - DETAILS:{"count": 8}
2025-11-21T09:30:52.359674 - USER:arun - ACTION:list_shared_files - DETAILS:{"count": 8}
2025-11-21T09:30:52.918599 - USER:arun - ACTION:list_shared_files - DETAILS:{"count": 8}
2025-11-21T09:30:52.996905 - USER:arun - ACTION:get_file_access - DETAILS:{"read": true, "write": false}
2025-11-21T09:30:53.000680 - USER:arun - ACTION:list_shared_files - DETAILS:{"count": 8}
2025-11-21T09:30:55.001827 - USER:arun - ACTION:list_shared_files - DETAILS:{"count": 8}
2025-11-21T09:30:55.990014 - USER:arun - ACTION:list_shared_files - DETAILS:{"count": 8}
2025-11-21T09:30:57.170232 - USER:arun - ACTION:list_shared_files - DETAILS:{"count": 8}
2025-11-21T09:30:57.369002 - USER:arun - ACTION:list_shared_files - DETAILS:{"count": 8}
2025-11-21T09:30:57.927432 - USER:arun - ACTION:list_shared_files - DETAILS:{"count": 8}
2025-11-21T09:30:58.001238 - USER:arun - ACTION:get_file_access - DETAILS:{"read": true, "write": false}
2025-11-21T09:30:58.007432 - USER:arun - ACTION:list_shared_files - DETAILS:{"count": 8}
2025-11-21T09:31:00.008743 - USER:arun - ACTION:list_shared_files - DETAILS:{"count": 8}
2025-11-21T09:31:01.001464 - USER:arun - ACTION:list_shared_files - DETAILS:{"count": 8}
2025-11-21T09:31:02.179223 - USER:arun - ACTION:list_shared_files - DETAILS:{"count": 8}
2025-11-21T09:31:02.378509 - USER:arun - ACTION:list_shared_files - DETAILS:{"count": 8}
2025-11-21T09:31:02.936204 - USER:arun - ACTION:list_shared_files - DETAILS:{"count": 8}
2025-11-21T09:31:03.008098 - USER:arun - ACTION:get_file_access - DETAILS:{"read": true, "write": false}
2025-11-21T09:31:03.020275 - USER:arun - ACTION:list_shared_files - DETAILS:{"count": 8}
2025-11-21T09:31:03.023377 - USER:arun - ACTION:get_file_access - DETAILS:{"read": true, "write": false}
2025-11-21T09:31:03.029319 - USER:arun - ACTION:list_shared_files - DETAILS:{"count": 8}
2025-11-21T09:31:03.034874 - USER:arun - ACTION:download - DETAILS:{"filename": "file_access.log", "size": 54210}
2025-11-21T09:31:03.040036 - USER:arun - ACTION:download - DETAILS:{"filename": "admin.db", "size": 8192}
2025-11-21T09:31:05.019004 - USER:arun - ACTION:list_shared_files - DETAILS:{"count": 8}
2025-11-21T09:31:06.006013 - USER:arun - ACTION:list_shared_files - DETAILS:{"count": 8}
2025-11-21T09:31:07.187106 - USER:arun - ACTION:list_shared_files - DETAILS:{"count": 8}
2025-11-21T09:31:07.384317 - USER:arun - ACTION:list_shared_files - DETAILS:{"count": 8}
2025-11-21T09:31:07.947007 - USER:arun - ACTION:list_shared_files - DETAILS:{"count": 8}
2025-11-21T09:31:08.018673 - USER:arun - ACTION:get_file_access - DETAILS:{"read": true, "write": false}
2025-11-21T09:31:08.025089 - USER:arun - ACTION:list_shared_files - DETAILS:{"count": 8}
2025-11-21T09:31:10.029427 - USER:arun - ACTION:list_shared_files - DETAILS:{"count": 8}
2025-11-21T09:31:11.012114 - USER:arun - ACTION:list_shared_files - DETAILS:{"count": 8}
2025-11-21T09:31:12.194162 - USER:arun - ACTION:list_shared_files - DETAILS:{"count": 8}
2025-11-21T09:31:12.400791 - USER:arun - ACTION:list_shared_files - DETAILS:{"count": 8}
2025-11-21T09:31:12.759753 - USER:arun - ACTION:get_file_access - DETAILS:{"read": true, "write": false}
2025-11-21T09:31:12.953100 - USER:arun - ACTION:list_shared_files - DETAILS:{"count": 8}
2025-11-21T09:31:13.022553 - USER:arun - ACTION:get_file_access - DETAILS:{"read": true, "write": false}
2025-11-21T09:31:13.028943 - USER:arun - ACTION:list_shared_files - DETAILS:{"count": 8}
2025-11-21T09:31:15.038570 - USER:arun - ACTION:list_shared_files - DETAILS:{"count": 8}
2025-11-21T09:31:16.021068 - USER:arun - ACTION:list_shared_files - DETAILS:{"count": 8}
2025-11-21T09:31:17.200002 - USER:arun - ACTION:list_shared_files - DETAILS:{"count": 8}
2025-11-21T09:31:17.408064 - USER:arun - ACTION:list_shared_files - DETAILS:{"count": 8}
2025-11-21T09:31:17.958094 - USER:arun - ACTION:list_shared_files - DETAILS:{"count": 8}
2025-11-21T09:31:18.026686 - USER:arun - ACTION:get_file_access - DETAILS:{"read": true, "write": false}
2025-11-21T09:31:18.033025 - USER:arun - ACTION:list_shared_files - DETAILS:{"count": 8}
2025-11-21T09:31:20.045495 - USER:arun - ACTION:list_shared_files - DETAILS:{"count": 8}
2025-11-21T09:31:21.030137 - USER:arun - ACTION:list_shared_files - DETAILS:{"count": 8}
2025-11-21T09:31:22.205496 - USER:arun - ACTION:list_shared_files - DETAILS:{"count": 8}
2025-11-21T09:31:22.418048 - USER:arun - ACTION:list_shared_files - DETAILS:{"count": 8}
2025-11-21T09:31:22.965110 - USER:arun - ACTION:list_shared_files - DETAILS:{"count": 8}
2025-11-21T09:31:23.032477 - USER:arun - ACTION:get_file_access - DETAILS:{"read": true, "write": false}
2025-11-21T09:31:23.046698 - USER:arun - ACTION:list_shared_files - DETAILS:{"count": 8}
2025-11-21T09:31:25.052023 - USER:arun - ACTION:list_shared_files - DETAILS:{"count": 8}
2025-11-21T09:31:26.041916 - USER:arun - ACTION:list_shared_files - DETAILS:{"count": 8}
2025-11-21T09:31:27.209990 - USER:arun - ACTION:list_shared_files - DETAILS:{"count": 8}
2025-11-21T09:31:27.425627 - USER:arun - ACTION:list_shared_files - DETAILS:{"count": 8}
2025-11-21T09:31:27.976048 - USER:arun - ACTION:list_shared_files - DETAILS:{"count": 8}
2025-11-21T09:31:28.051185 - USER:arun - ACTION:get_file_access - DETAILS:{"read": true, "write": false}
2025-11-21T09:31:28.057889 - USER:arun - ACTION:list_shared_files - DETAILS:{"count": 8}
2025-11-21T09:31:30.058359 - USER:arun - ACTION:list_shared_files - DETAILS:{"count": 8}
2025-11-21T09:31:31.051641 - USER:arun - ACTION:list_shared_files - DETAILS:{"count": 8}
2025-11-21T09:31:32.215320 - USER:arun - ACTION:list_shared_files - DETAILS:{"count": 8}
2025-11-21T09:31:32.435609 - USER:arun - ACTION:list_shared_files - DETAILS:{"count": 8}
2025-11-21T09:31:32.986257 - USER:arun - ACTION:list_shared_files - DETAILS:{"count": 8}
2025-11-21T09:31:33.057876 - USER:arun - ACTION:get_file_access - DETAILS:{"read": true, "write": false}
2025-11-21T09:31:33.066073 - USER:arun - ACTION:list_shared_files - DETAILS:{"count": 8}
2025-11-21T09:31:35.065130 - USER:arun - ACTION:list_shared_files - DETAILS:{"count": 8}
2025-11-21T09:31:36.060720 - USER:arun - ACTION:list_shared_files - DETAILS:{"count": 8}
2025-11-21T09:31:37.219313 - USER:arun - ACTION:list_shared_files - DETAILS:{"count": 8}
2025-11-21T09:31:37.444673 - USER:arun - ACTION:list_shared_files - DETAILS:{"count": 8}
2025-11-21T09:31:37.996017 - USER:arun - ACTION:list_shared_files - DETAILS:{"count": 8}
2025-11-21T09:31:38.067553 - USER:arun - ACTION:get_file_access - DETAILS:{"read": true, "write": false}
2025-11-21T09:31:38.073856 - USER:arun - ACTION:list_shared_files - DETAILS:{"count": 8}
2025-11-21T09:31:40.073188 - USER:arun - ACTION:list_shared_files - DETAILS:{"count": 8}
2025-11-21T09:31:40.578781 - USER:arun - ACTION:get_file_access - DETAILS:{"read": true, "write": false}
2025-11-21T09:31:41.068204 - USER:arun - ACTION:list_shared_files - DETAILS:{"count": 8}
2025-11-21T09:31:42.226205 - USER:arun - ACTION:list_shared_files - DETAILS:{"count": 8}
2025-11-21T09:31:42.455614 - USER:arun - ACTION:list_shared_files - DETAILS:{"count": 8}
2025-11-21T09:31:43.007057 - USER:arun - ACTION:list_shared_files - DETAILS:{"count": 8}
2025-11-21T09:31:43.071980 - USER:arun - ACTION:get_file_access - DETAILS:{"read": true, "write": false}
2025-11-21T09:31:43.078230 - USER:arun - ACTION:list_shared_files - DETAILS:{"count": 8}
2025-11-21T09:31:45.084396 - USER:arun - ACTION:list_shared_files - DETAILS:{"count": 8}
2025-11-21T09:31:46.076915 - USER:arun - ACTION:list_shared_files - DETAILS:{"count": 8}
2025-11-21T09:31:47.234735 - USER:arun - ACTION:list_shared_files - DETAILS:{"count": 8}
2025-11-21T09:31:47.460652 - USER:arun - ACTION:list_shared_files - DETAILS:{"count": 8}
2025-11-21T09:31:48.017863 - USER:arun - ACTION:list_shared_files - DETAILS:{"count": 8}
2025-11-21T09:31:48.075267 - USER:arun - ACTION:get_file_access - DETAILS:{"read": true, "write": false}
2025-11-21T09:31:48.081386 - USER:arun - ACTION:list_shared_files - DETAILS:{"count": 8}
2025-11-21T09:31:50.095440 - USER:arun - ACTION:list_shared_files - DETAILS:{"count": 8}
2025-11-21T09:31:51.087119 - USER:arun - ACTION:list_shared_files - DETAILS:{"count": 8}
2025-11-21T09:31:52.243750 - USER:arun - ACTION:list_shared_files - DETAILS:{"count": 8}
2025-11-21T09:31:52.467976 - USER:arun - ACTION:list_shared_files - DETAILS:{"count": 8}
2025-11-21T09:31:53.025825 - USER:arun - ACTION:list_shared_files - DETAILS:{"count": 8}
2025-11-21T09:31:53.080792 - USER:arun - ACTION:get_file_access - DETAILS:{"read": true, "write": false}
2025-11-21T09:31:53.086632 - USER:arun - ACTION:list_shared_files - DETAILS:{"count": 8}
2025-11-21T09:31:55.106215 - USER:arun - ACTION:list_shared_files - DETAILS:{"count": 8}
2025-11-21T09:31:56.097477 - USER:arun - ACTION:list_shared_files - DETAILS:{"count": 8}
2025-11-21T09:31:57.253218 - USER:arun - ACTION:list_shared_files - DETAILS:{"count": 8}
2025-11-21T09:31:57.476932 - USER:arun - ACTION:list_shared_files - DETAILS:{"count": 8}
2025-11-21T09:31:58.034008 - USER:arun - ACTION:list_shared_files - DETAILS:{"count": 8}
2025-11-21T09:31:58.085153 - USER:arun - ACTION:get_file_access - DETAILS:{"read": true, "write": false}
2025-11-21T09:31:58.099315 - USER:arun - ACTION:list_shared_files - DETAILS:{"count": 8}
2025-11-21T09:31:59.562988 - USER:arun - ACTION:download - DETAILS:{"filename": "debug_test.txt", "size": 23}
2025-11-21T09:32:00.113167 - USER:arun - ACTION:list_shared_files - DETAILS:{"count": 8}
2025-11-21T09:32:01.107358 - USER:arun - ACTION:list_shared_files - DETAILS:{"count": 8}
2025-11-21T09:32:02.262315 - USER:arun - ACTION:list_shared_files - DETAILS:{"count": 8}
2025-11-21T09:32:02.482178 - USER:arun - ACTION:list_shared_files - DETAILS:{"count": 8}
2025-11-21T09:32:03.043380 - USER:arun - ACTION:list_shared_files - DETAILS:{"count": 8}
2025-11-21T09:32:03.046473 - USER:arun - ACTION:get_file_access - DETAILS:{"read": true, "write": false}
2025-11-21T09:32:03.051871 - USER:arun - ACTION:list_shared_files - DETAILS:{"count": 8}
2025-11-21T09:32:03.056337 - USER:arun - ACTION:download - DETAILS:{"filename": "file_access.log", "size": 62418}
2025-11-21T09:32:03.097300 - USER:arun - ACTION:get_file_access - DETAILS:{"read": true, "write": false}
2025-11-21T09:32:03.103343 - USER:arun - ACTION:list_shared_files - DETAILS:{"count": 8}
2025-11-21T09:32:05.121652 - USER:arun - ACTION:list_shared_files - DETAILS:{"count": 8}
2025-11-21T09:32:06.117271 - USER:arun - ACTION:list_shared_files - DETAILS:{"count": 8}
2025-11-21T09:32:07.269309 - USER:arun - ACTION:list_shared_files - DETAILS:{"count": 8}
2025-11-21T09:32:07.487241 - USER:arun - ACTION:list_shared_files - DETAILS:{"count": 8}
2025-11-21T09:32:08.053383 - USER:arun - ACTION:list_shared_files - DETAILS:{"count": 8}
2025-11-21T09:32:08.100488 - USER:arun - ACTION:get_file_access - DETAILS:{"read": true, "write": false}
2025-11-21T09:32:08.106467 - USER:arun - ACTION:list_shared_files - DETAILS:{"count": 8}
2025-11-21T09:32:10.128173 - USER:arun - ACTION:list_shared_files - DETAILS:{"count": 8}
2025-11-21T09:32:11.126417 - USER:arun - ACTION:list_shared_files - DETAILS:{"count": 8}
2025-11-21T09:32:12.274488 - USER:arun - ACTION:list_shared_files - DETAILS:{"count": 8}
2025-11-21T09:32:12.490932 - USER:arun - ACTION:list_shared_files - DETAILS:{"count": 8}
2025-11-21T09:32:13.063293 - USER:arun - ACTION:list_shared_files - DETAILS:{"count": 8}
2025-11-21T09:32:13.107381 - USER:arun - ACTION:get_file_access - DETAILS:{"read": true, "write": false}
2025-11-21T09:32:13.113221 - USER:arun - ACTION:list_shared_files - DETAILS:{"count": 8}
2025-11-21T09:32:15.139179 - USER:arun - ACTION:list_shared_files - DETAILS:{"count": 8}
2025-11-21T09:32:16.136009 - USER:arun - ACTION:list_shared_files - DETAILS:{"count": 8}
2025-11-21T09:32:17.282137 - USER:arun - ACTION:list_shared_files - DETAILS:{"count": 8}
2025-11-21T09:32:17.495847 - USER:arun - ACTION:list_shared_files - DETAILS:{"count": 8}
2025-11-21T09:32:18.072326 - USER:arun - ACTION:list_shared_files - DETAILS:{"count": 8}
2025-11-21T09:32:18.111266 - USER:arun - ACTION:get_file_access - DETAILS:{"read": true, "write": false}
2025-11-21T09:32:18.117189 - USER:arun - ACTION:list_shared_files - DETAILS:{"count": 8}
2025-11-21T09:32:20.147986 - USER:arun - ACTION:list_shared_files - DETAILS:{"count": 8}
2025-11-21T09:32:21.144723 - USER:arun - ACTION:list_shared_files - DETAILS:{"count": 8}
2025-11-21T09:32:22.291410 - USER:arun - ACTION:list_shared_files - DETAILS:{"count": 8}
2025-11-21T09:32:22.502206 - USER:arun - ACTION:list_shared_files - DETAILS:{"count": 8}
2025-11-21T09:32:23.083442 - USER:arun - ACTION:list_shared_files - DETAILS:{"count": 8}
2025-11-21T09:32:23.115419 - USER:arun - ACTION:get_file_access - DETAILS:{"read": true, "write": false}
2025-11-21T09:32:23.120258 - USER:arun - ACTION:list_shared_files - DETAILS:{"count": 8}
2025-11-21T09:32:25.155396 - USER:arun - ACTION:list_shared_files - DETAILS:{"count": 8}
2025-11-21T09:32:26.152039 - USER:arun - ACTION:list_shared_files - DETAILS:{"count": 8}
2025-11-21T09:32:27.299296 - USER:arun - ACTION:list_shared_files - DETAILS:{"count": 8}
2025-11-21T09:32:27.508007 - USER:arun - ACTION:list_shared_files - DETAILS:{"count": 8}
2025-11-21T09:32:28.092280 - USER:arun - ACTION:list_shared_files - DETAILS:{"count": 8}
2025-11-21T09:32:28.118729 - USER:arun - ACTION:get_file_access - DETAILS:{"read": true, "write": false}
2025-11-21T09:32:28.133318 - USER:arun - ACTION:list_shared_files - DETAILS:{"count": 8}
2025-11-21T09:32:30.163532 - USER:arun - ACTION:list_shared_files - DETAILS:{"count": 8}
2025-11-21T09:32:31.162495 - USER:arun - ACTION:list_shared_files - DETAILS:{"count": 8}
2025-11-21T09:32:32.307931 - USER:arun - ACTION:list_shared_files - DETAILS:{"count": 8}
2025-11-21T09:32:32.513050 - USER:arun - ACTION:list_shared_files - DETAILS:{"count": 8}
2025-11-21T09:32:33.102628 - USER:arun - ACTION:list_shared_files - DETAILS:{"count": 8}
2025-11-21T09:32:33.121669 - USER:arun - ACTION:get_file_access - DETAILS:{"read": true, "write": false}
2025-11-21T09:32:33.137125 - USER:arun - ACTION:list_shared_files - DETAILS:{"count": 8}
2025-11-21T09:32:35.170201 - USER:arun - ACTION:list_shared_files - DETAILS:{"count": 8}
2025-11-21T09:32:36.168683 - USER:arun - ACTION:list_shared_files - DETAILS:{"count": 8}
2025-11-21T09:32:37.318263 - USER:arun - ACTION:list_shared_files - DETAILS:{"count": 8}
2025-11-21T09:32:37.522729 - USER:arun - ACTION:list_shared_files - DETAILS:{"count": 8}
2025-11-21T09:32:38.110818 - USER:arun - ACTION:list_shared_files - DETAILS:{"count": 8}
2025-11-21T09:32:38.125828 - USER:arun - ACTION:get_file_access - DETAILS:{"read": true, "write": false}
2025-11-21T09:32:38.155885 - USER:arun - ACTION:list_shared_files - DETAILS:{"count": 8}
2025-11-21T09:32:40.174881 - USER:arun - ACTION:list_shared_files - DETAILS:{"count": 8}
2025-11-21T09:32:41.178857 - USER:arun - ACTION:list_shared_files - DETAILS:{"count": 8}
2025-11-21T09:32:42.326634 - USER:arun - ACTION:list_shared_files - DETAILS:{"count": 8}
2025-11-21T09:32:42.531133 - USER:arun - ACTION:list_shared_files - DETAILS:{"count": 8}
2025-11-21T09:32:43.119065 - USER:arun - ACTION:list_shared_files - DETAILS:{"count": 8}
2025-11-21T09:32:43.133166 - USER:arun - ACTION:get_file_access - DETAILS:{"read": true, "write": false}
2025-11-21T09:32:43.160444 - USER:arun - ACTION:list_shared_files - DETAILS:{"count": 8}
2025-11-21T09:32:45.180280 - USER:arun - ACTION:list_shared_files - DETAILS:{"count": 8}
2025-11-21T09:32:46.187326 - USER:arun - ACTION:list_shared_files - DETAILS:{"count": 8}
2025-11-21T09:32:47.334881 - USER:arun - ACTION:list_shared_files - DETAILS:{"count": 8}
2025-11-21T09:32:47.539861 - USER:arun - ACTION:list_shared_files - DETAILS:{"count": 8}
2025-11-21T09:32:48.129798 - USER:arun - ACTION:list_shared_files - DETAILS:{"count": 8}
2025-11-21T09:32:48.139487 - USER:arun - ACTION:get_file_access - DETAILS:{"read": true, "write": false}
2025-11-21T09:32:48.164691 - USER:arun - ACTION:list_shared_files - DETAILS:{"count": 8}
2025-11-21T09:32:50.185943 - USER:arun - ACTION:list_shared_files - DETAILS:{"count": 8}
2025-11-21T09:32:51.192141 - USER:arun - ACTION:list_shared_files - DETAILS:{"count": 8}
2025-11-21T09:32:52.343757 - USER:arun - ACTION:list_shared_files - DETAILS:{"count": 8}
2025-11-21T09:32:52.549165 - USER:arun - ACTION:list_shared_files - DETAILS:{"count": 8}
2025-11-21T09:32:53.140645 - USER:arun - ACTION:list_shared_files - DETAILS:{"count": 8}
2025-11-21T09:32:53.149311 - USER:arun - ACTION:get_file_access - DETAILS:{"read": true, "write": false}
2025-11-21T09:32:53.167851 - USER:arun - ACTION:list_shared_files - DETAILS:{"count": 8}
2025-11-21T09:32:55.193057 - USER:arun - ACTION:list_shared_files - DETAILS:{"count": 8}
2025-11-21T09:32:56.196792 - USER:arun - ACTION:list_shared_files - DETAILS:{"count": 8}
2025-11-21T09:32:57.354161 - USER:arun - ACTION:list_shared_files - DETAILS:{"count": 8}
2025-11-21T09:32:57.558894 - USER:arun - ACTION:list_shared_files - DETAILS:{"count": 8}
2025-11-21T09:32:58.149556 - USER:arun - ACTION:list_shared_files - DETAILS:{"count": 8}
2025-11-21T09:32:58.156439 - USER:arun - ACTION:get_file_access - DETAILS:{"read": true, "write": false}
2025-11-21T09:32:58.170684 - USER:arun - ACTION:list_shared_files - DETAILS:{"count": 8}
2025-11-21T09:33:00.199839 - USER:arun - ACTION:list_shared_files - DETAILS:{"count": 8}
2025-11-21T09:33:01.207606 - USER:arun - ACTION:list_shared_files - DETAILS:{"count": 8}
2025-11-21T09:33:02.363595 - USER:arun - ACTION:list_shared_files - DETAILS:{"count": 8}
2025-11-21T09:33:02.567706 - USER:arun - ACTION:list_shared_files - DETAILS:{"count": 8}
2025-11-21T09:33:03.062309 - USER:arun - ACTION:get_file_access - DETAILS:{"read": true, "write": false}
2025-11-21T09:33:03.070388 - USER:arun - ACTION:list_shared_files - DETAILS:{"count": 8}
2025-11-21T09:33:03.075369 - USER:arun - ACTION:download - DETAILS:{"filename": "file_access.log", "size": 70305}
2025-11-21T09:33:03.157815 - USER:arun - ACTION:list_shared_files - DETAILS:{"count": 8}
2025-11-21T09:33:03.169908 - USER:arun - ACTION:get_file_access - DETAILS:{"read": true, "write": false}
2025-11-21T09:33:03.177280 - USER:arun - ACTION:list_shared_files - DETAILS:{"count": 8}
2025-11-21T09:33:05.207122 - USER:arun - ACTION:list_shared_files - DETAILS:{"count": 8}
2025-11-21T09:33:06.218053 - USER:arun - ACTION:list_shared_files - DETAILS:{"count": 8}
2025-11-21T09:33:07.373404 - USER:arun - ACTION:list_shared_files - DETAILS:{"count": 8}
2025-11-21T09:33:07.576972 - USER:arun - ACTION:list_shared_files - DETAILS:{"count": 8}
2025-11-21T09:33:08.171060 - USER:arun - ACTION:list_shared_files - DETAILS:{"count": 8}
2025-11-21T09:33:08.177734 - USER:arun - ACTION:get_file_access - DETAILS:{"read": true, "write": false}
2025-11-21T09:33:08.183913 - USER:arun - ACTION:list_shared_files - DETAILS:{"count": 8}
2025-11-21T09:33:10.211843 - USER:arun - ACTION:list_shared_files - DETAILS:{"count": 8}
2025-11-21T09:33:11.226793 - USER:arun - ACTION:list_shared_files - DETAILS:{"count": 8}
2025-11-21T09:33:12.384190 - USER:arun - ACTION:list_shared_files - DETAILS:{"count": 8}
2025-11-21T09:33:12.583804 - USER:arun - ACTION:list_shared_files - DETAILS:{"count": 8}
2025-11-21T09:33:13.182999 - USER:arun - ACTION:list_shared_files - DETAILS:{"count": 8}
2025-11-21T09:33:13.195105 - USER:arun - ACTION:get_file_access - DETAILS:{"read": true, "write": false}
2025-11-21T09:33:13.200288 - USER:arun - ACTION:list_shared_files - DETAILS:{"count": 8}
2025-11-21T09:33:15.219421 - USER:arun - ACTION:list_shared_files - DETAILS:{"count": 8}
2025-11-21T09:33:16.237239 - USER:arun - ACTION:list_shared_files - DETAILS:{"count": 8}
2025-11-21T09:33:17.393217 - USER:arun - ACTION:list_shared_files - DETAILS:{"count": 8}
2025-11-21T09:33:17.588325 - USER:arun - ACTION:list_shared_files - DETAILS:{"count": 8}
2025-11-21T09:33:18.193940 - USER:arun - ACTION:list_shared_files - DETAILS:{"count": 8}
2025-11-21T09:33:18.201143 - USER:arun - ACTION:get_file_access - DETAILS:{"read": true, "write": false}
2025-11-21T09:33:18.206730 - USER:arun - ACTION:list_shared_files - DETAILS:{"count": 8}
2025-11-21T09:33:20.229713 - USER:arun - ACTION:list_shared_files - DETAILS:{"count": 8}
2025-11-21T09:33:21.247722 - USER:arun - ACTION:list_shared_files - DETAILS:{"count": 8}
2025-11-21T09:33:22.402238 - USER:arun - ACTION:list_shared_files - DETAILS:{"count": 8}
2025-11-21T09:33:22.592572 - USER:arun - ACTION:list_shared_files - DETAILS:{"count": 8}
2025-11-21T09:33:23.201944 - USER:arun - ACTION:list_shared_files - DETAILS:{"count": 8}
2025-11-21T09:33:23.209392 - USER:arun - ACTION:get_file_access - DETAILS:{"read": true, "write": false}
2025-11-21T09:33:23.213417 - USER:arun - ACTION:list_shared_files - DETAILS:{"count": 8}
2025-11-21T09:33:25.237170 - USER:arun - ACTION:list_shared_files - DETAILS:{"count": 8}
2025-11-21T09:33:26.257271 - USER:arun - ACTION:list_shared_files - DETAILS:{"count": 8}
2025-11-21T09:33:27.408784 - USER:arun - ACTION:list_shared_files - DETAILS:{"count": 8}
2025-11-21T09:33:27.596280 - USER:arun - ACTION:list_shared_files - DETAILS:{"count": 8}
2025-11-21T09:33:28.211586 - USER:arun - ACTION:list_shared_files - DETAILS:{"count": 8}
2025-11-21T09:33:28.218107 - USER:arun - ACTION:get_file_access - DETAILS:{"read": true, "write": false}
2025-11-21T09:33:28.222483 - USER:arun - ACTION:list_shared_files - DETAILS:{"count": 8}
2025-11-21T09:33:30.243540 - USER:arun - ACTION:list_shared_files - DETAILS:{"count": 8}
2025-11-21T09:33:31.265980 - USER:arun - ACTION:list_shared_files - DETAILS:{"count": 8}
2025-11-21T09:33:32.414684 - USER:arun - ACTION:list_shared_files - DETAILS:{"count": 8}
2025-11-21T09:33:32.605047 - USER:arun - ACTION:list_shared_files - DETAILS:{"count": 8}
2025-11-21T09:33:33.218440 - USER:arun - ACTION:list_shared_files - DETAILS:{"count": 8}
2025-11-21T09:33:33.224044 - USER:arun - ACTION:get_file_access - DETAILS:{"read": true, "write": false}
2025-11-21T09:33:33.227632 - USER:arun - ACTION:list_shared_files - DETAILS:{"count": 8}
2025-11-21T09:33:35.253313 - USER:arun - ACTION:list_shared_files - DETAILS:{"count": 8}
2025-11-21T09:33:36.273876 - USER:arun - ACTION:list_shared_files - DETAILS:{"count": 8}
2025-11-21T09:33:37.421654 - USER:arun - ACTION:list_shared_files - DETAILS:{"count": 8}
2025-11-21T09:33:37.614389 - USER:arun - ACTION:list_shared_files - DETAILS:{"count": 8}
2025-11-21T09:33:38.226366 - USER:arun - ACTION:list_shared_files - DETAILS:{"count": 8}
2025-11-21T09:33:38.233603 - USER:arun - ACTION:get_file_access - DETAILS:{"read": true, "write": false}
2025-11-21T09:33:38.238661 - USER:arun - ACTION:list_shared_files - DETAILS:{"count": 8}
2025-11-21T09:33:40.260981 - USER:arun - ACTION:list_shared_files - DETAILS:{"count": 8}
2025-11-21T09:33:41.280639 - USER:arun - ACTION:list_shared_files - DETAILS:{"count": 8}
2025-11-21T09:33:42.432286 - USER:arun - ACTION:list_shared_files - DETAILS:{"count": 8}
2025-11-21T09:33:42.622159 - USER:arun - ACTION:list_shared_files - DETAILS:{"count": 8}
2025-11-21T09:33:43.235362 - USER:arun - ACTION:list_shared_files - DETAILS:{"count": 8}
2025-11-21T09:33:43.243297 - USER:arun - ACTION:get_file_access - DETAILS:{"read": true, "write": false}
2025-11-21T09:33:43.245765 - USER:arun - ACTION:list_shared_files - DETAILS:{"count": 8}
2025-11-21T09:33:45.270122 - USER:arun - ACTION:list_shared_files - DETAILS:{"count": 8}
2025-11-21T09:33:46.289209 - USER:arun - ACTION:list_shared_files - DETAILS:{"count": 8}
2025-11-21T09:33:47.442669 - USER:arun - ACTION:list_shared_files - DETAILS:{"count": 8}
2025-11-21T09:33:47.630134 - USER:arun - ACTION:list_shared_files - DETAILS:{"count": 8}
2025-11-21T09:33:48.244260 - USER:arun - ACTION:list_shared_files - DETAILS:{"count": 8}
2025-11-21T09:33:48.251475 - USER:arun - ACTION:get_file_access - DETAILS:{"read": true, "write": false}
2025-11-21T09:33:48.256430 - USER:arun - ACTION:list_shared_files - DETAILS:{"count": 8}
2025-11-21T09:33:50.281194 - USER:arun - ACTION:list_shared_files - DETAILS:{"count": 8}
2025-11-21T09:33:51.297331 - USER:arun - ACTION:list_shared_files - DETAILS:{"count": 8}
2025-11-21T09:33:52.452118 - USER:arun - ACTION:list_shared_files - DETAILS:{"count": 8}
2025-11-21T09:33:52.636126 - USER:arun - ACTION:list_shared_files - DETAILS:{"count": 8}
2025-11-21T09:33:53.254158 - USER:arun - ACTION:list_shared_files - DETAILS:{"count": 8}
2025-11-21T09:33:53.261354 - USER:arun - ACTION:get_file_access - DETAILS:{"read": true, "write": false}
2025-11-21T09:33:53.265351 - USER:arun - ACTION:list_shared_files - DETAILS:{"count": 8}
2025-11-21T09:33:55.290969 - USER:arun - ACTION:list_shared_files - DETAILS:{"count": 8}
2025-11-21T09:33:56.306465 - USER:arun - ACTION:list_shared_files - DETAILS:{"count": 8}
2025-11-21T09:33:57.461264 - USER:arun - ACTION:list_shared_files - DETAILS:{"count": 8}
2025-11-21T09:33:57.644321 - USER:arun - ACTION:list_shared_files - DETAILS:{"count": 8}
2025-11-21T09:33:58.262461 - USER:arun - ACTION:list_shared_files - DETAILS:{"count": 8}
2025-11-21T09:33:58.269028 - USER:arun - ACTION:get_file_access - DETAILS:{"read": true, "write": false}
2025-11-21T09:33:58.271400 - USER:arun - ACTION:list_shared_files - DETAILS:{"count": 8}
2025-11-21T09:33:59.169469 - USER:arun - ACTION:get_file_access - DETAILS:{"read": true, "write": false}
2025-11-21T09:34:00.332128 - USER:arun - ACTION:list_shared_files - DETAILS:{"count": 8}
2025-11-21T09:34:00.950788 - USER:arun - ACTION:get_file_access - DETAILS:{"read": true, "write": false}
2025-11-21T09:34:01.316589 - USER:arun - ACTION:list_shared_files - DETAILS:{"count": 8}
2025-11-21T09:34:02.472593 - USER:arun - ACTION:list_shared_files - DETAILS:{"count": 8}
2025-11-21T09:34:02.650803 - USER:arun - ACTION:list_shared_files - DETAILS:{"count": 8}
2025-11-21T09:34:03.080477 - USER:arun - ACTION:get_file_access - DETAILS:{"read": true, "write": false}
2025-11-21T09:34:03.085726 - USER:arun - ACTION:list_shared_files - DETAILS:{"count": 8}
2025-11-21T09:34:03.090593 - USER:arun - ACTION:download - DETAILS:{"filename": "file_access.log", "size": 78491}
2025-11-21T09:34:03.271485 - USER:arun - ACTION:list_shared_files - DETAILS:{"count": 8}
2025-11-21T09:34:03.282739 - USER:arun - ACTION:get_file_access - DETAILS:{"read": true, "write": false}
2025-11-21T09:34:03.289067 - USER:arun - ACTION:list_shared_files - DETAILS:{"count": 8}
2025-11-21T09:34:05.340615 - USER:arun - ACTION:list_shared_files - DETAILS:{"count": 8}
2025-11-21T09:34:06.325072 - USER:arun - ACTION:list_shared_files - DETAILS:{"count": 8}
2025-11-21T09:34:07.478702 - USER:arun - ACTION:list_shared_files - DETAILS:{"count": 8}
2025-11-21T09:34:07.656777 - USER:arun - ACTION:list_shared_files - DETAILS:{"count": 8}
2025-11-21T09:34:08.284070 - USER:arun - ACTION:list_shared_files - DETAILS:{"count": 8}
2025-11-21T09:34:08.290893 - USER:arun - ACTION:get_file_access - DETAILS:{"read": true, "write": false}
2025-11-21T09:34:08.294885 - USER:arun - ACTION:list_shared_files - DETAILS:{"count": 8}
2025-11-21T09:34:10.351578 - USER:arun - ACTION:list_shared_files - DETAILS:{"count": 8}
2025-11-21T09:34:10.605856 - USER:arun - ACTION:get_file_access - DETAILS:{"read": true, "write": false}
2025-11-21T09:34:11.334082 - USER:arun - ACTION:list_shared_files - DETAILS:{"count": 8}
2025-11-21T09:34:11.739028 - USER:arun - ACTION:get_file_access - DETAILS:{"read": true, "write": false}
2025-11-21T09:34:12.484539 - USER:arun - ACTION:list_shared_files - DETAILS:{"count": 8}
2025-11-21T09:34:12.540007 - USER:arun - ACTION:get_file_access - DETAILS:{"read": true, "write": false}
2025-11-21T09:34:12.662000 - USER:arun - ACTION:list_shared_files - DETAILS:{"count": 8}
2025-11-21T09:34:12.956541 - USER:arun - ACTION:get_file_access - DETAILS:{"read": true, "write": false}
2025-11-21T09:34:13.289672 - USER:arun - ACTION:list_shared_files - DETAILS:{"count": 8}
2025-11-21T09:34:13.294835 - USER:arun - ACTION:get_file_access - DETAILS:{"read": true, "write": false}
2025-11-21T09:34:13.298718 - USER:arun - ACTION:list_shared_files - DETAILS:{"count": 8}
2025-11-21T09:34:13.368906 - USER:arun - ACTION:get_file_access - DETAILS:{"read": true, "write": false}
2025-11-21T09:34:13.685184 - USER:arun - ACTION:get_file_access - DETAILS:{"read": true, "write": false}
2025-11-21T09:34:15.361408 - USER:arun - ACTION:list_shared_files - DETAILS:{"count": 8}
2025-11-21T09:34:16.345062 - USER:arun - ACTION:list_shared_files - DETAILS:{"count": 8}
2025-11-21T09:34:17.490054 - USER:arun - ACTION:list_shared_files - DETAILS:{"count": 8}
2025-11-21T09:34:17.670640 - USER:arun - ACTION:list_shared_files - DETAILS:{"count": 8}
2025-11-21T09:34:18.299467 - USER:arun - ACTION:list_shared_files - DETAILS:{"count": 8}
2025-11-21T09:34:18.305381 - USER:arun - ACTION:get_file_access - DETAILS:{"read": true, "write": false}
2025-11-21T09:34:18.308784 - USER:arun - ACTION:list_shared_files - DETAILS:{"count": 8}
2025-11-21T09:34:20.372585 - USER:arun - ACTION:list_shared_files - DETAILS:{"count": 8}
2025-11-21T09:34:21.354041 - USER:arun - ACTION:list_shared_files - DETAILS:{"count": 8}
2025-11-21T09:34:22.262095 - USER:arun - ACTION:get_file_access - DETAILS:{"read": true, "write": false}
2025-11-21T09:34:22.495359 - USER:arun - ACTION:list_shared_files - DETAILS:{"count": 8}
2025-11-21T09:34:22.678949 - USER:arun - ACTION:list_shared_files - DETAILS:{"count": 8}
2025-11-21T09:34:23.304280 - USER:arun - ACTION:list_shared_files - DETAILS:{"count": 8}
2025-11-21T09:34:23.308363 - USER:arun - ACTION:get_file_access - DETAILS:{"read": true, "write": false}
2025-11-21T09:34:23.313325 - USER:arun - ACTION:list_shared_files - DETAILS:{"count": 8}
2025-11-21T09:34:23.806046 - USER:arun - ACTION:get_file_access - DETAILS:{"read": true, "write": false}
2025-11-21T09:34:24.831261 - USER:arun - ACTION:get_file_access - DETAILS:{"read": true, "write": false}
2025-11-21T09:34:25.384438 - USER:arun - ACTION:list_shared_files - DETAILS:{"count": 8}
2025-11-21T09:34:26.362923 - USER:arun - ACTION:list_shared_files - DETAILS:{"count": 8}
2025-11-21T09:34:27.501634 - USER:arun - ACTION:list_shared_files - DETAILS:{"count": 8}
2025-11-21T09:34:27.700562 - USER:arun - ACTION:list_shared_files - DETAILS:{"count": 8}
2025-11-21T09:34:28.311642 - USER:arun - ACTION:list_shared_files - DETAILS:{"count": 8}
2025-11-21T09:34:28.319836 - USER:arun - ACTION:get_file_access - DETAILS:{"read": true, "write": false}
2025-11-21T09:34:28.325521 - USER:arun - ACTION:list_shared_files - DETAILS:{"count": 8}
2025-11-21T09:34:30.395102 - USER:arun - ACTION:list_shared_files - DETAILS:{"count": 8}
2025-11-21T09:34:31.371959 - USER:arun - ACTION:list_shared_files - DETAILS:{"count": 8}
2025-11-21T09:34:32.506437 - USER:arun - ACTION:list_shared_files - DETAILS:{"count": 8}
2025-11-21T09:34:32.709790 - USER:arun - ACTION:list_shared_files - DETAILS:{"count": 8}
2025-11-21T09:34:33.321903 - USER:arun - ACTION:list_shared_files - DETAILS:{"count": 8}
2025-11-21T09:34:33.329504 - USER:arun - ACTION:get_file_access - DETAILS:{"read": true, "write": false}
2025-11-21T09:34:33.335096 - USER:arun - ACTION:list_shared_files - DETAILS:{"count": 8}
2025-11-21T09:34:35.437897 - USER:arun - ACTION:list_shared_files - DETAILS:{"count": 8}
2025-11-21T09:34:36.382399 - USER:arun - ACTION:list_shared_files - DETAILS:{"count": 8}
2025-11-21T09:34:37.512827 - USER:arun - ACTION:list_shared_files - DETAILS:{"count": 8}
2025-11-21T09:34:37.720704 - USER:arun - ACTION:list_shared_files - DETAILS:{"count": 8}
2025-11-21T09:34:38.332657 - USER:arun - ACTION:list_shared_files - DETAILS:{"count": 8}
2025-11-21T09:34:38.339029 - USER:arun - ACTION:get_file_access - DETAILS:{"read": true, "write": false}
2025-11-21T09:34:38.344187 - USER:arun - ACTION:list_shared_files - DETAILS:{"count": 8}
2025-11-21T09:34:40.447165 - USER:arun - ACTION:list_shared_files - DETAILS:{"count": 8}
2025-11-21T09:34:41.391191 - USER:arun - ACTION:list_shared_files - DETAILS:{"count": 8}
2025-11-21T09:34:42.521311 - USER:arun - ACTION:list_shared_files - DETAILS:{"count": 8}
2025-11-21T09:34:42.730998 - USER:arun - ACTION:list_shared_files - DETAILS:{"count": 8}
2025-11-21T09:34:43.341085 - USER:arun - ACTION:list_shared_files - DETAILS:{"count": 8}
2025-11-21T09:34:43.349188 - USER:arun - ACTION:get_file_access - DETAILS:{"read": true, "write": false}
2025-11-21T09:34:43.355504 - USER:arun - ACTION:list_shared_files - DETAILS:{"count": 8}
2025-11-21T09:34:45.486724 - USER:arun - ACTION:list_shared_files - DETAILS:{"count": 8}
2025-11-21T09:34:46.401553 - USER:arun - ACTION:list_shared_files - DETAILS:{"count": 8}
2025-11-21T09:34:47.527973 - USER:arun - ACTION:list_shared_files - DETAILS:{"count": 8}
2025-11-21T09:34:47.739854 - USER:arun - ACTION:list_shared_files - DETAILS:{"count": 8}
2025-11-21T09:34:48.351253 - USER:arun - ACTION:list_shared_files - DETAILS:{"count": 8}
2025-11-21T09:34:48.359454 - USER:arun - ACTION:get_file_access - DETAILS:{"read": true, "write": false}
2025-11-21T09:34:48.365894 - USER:arun - ACTION:list_shared_files - DETAILS:{"count": 8}
2025-11-21T09:34:50.492668 - USER:arun - ACTION:list_shared_files - DETAILS:{"count": 8}
2025-11-21T09:34:51.411337 - USER:arun - ACTION:list_shared_files - DETAILS:{"count": 8}
2025-11-21T09:34:52.537328 - USER:arun - ACTION:list_shared_files - DETAILS:{"count": 8}
2025-11-21T09:34:52.749733 - USER:arun - ACTION:list_shared_files - DETAILS:{"count": 8}
2025-11-21T09:34:53.361844 - USER:arun - ACTION:list_shared_files - DETAILS:{"count": 8}
2025-11-21T09:34:53.368750 - USER:arun - ACTION:get_file_access - DETAILS:{"read": true, "write": false}
2025-11-21T09:34:53.374049 - USER:arun - ACTION:list_shared_files - DETAILS:{"count": 8}
2025-11-21T09:34:55.504653 - USER:arun - ACTION:list_shared_files - DETAILS:{"count": 8}
2025-11-21T09:34:55.839543 - USER:arun - ACTION:get_file_access - DETAILS:{"read": true, "write": false}
2025-11-21T09:34:56.420968 - USER:arun - ACTION:list_shared_files - DETAILS:{"count": 8}
2025-11-21T09:34:57.547098 - USER:arun - ACTION:list_shared_files - DETAILS:{"count": 8}
2025-11-21T09:34:57.759055 - USER:arun - ACTION:list_shared_files - DETAILS:{"count": 8}
2025-11-21T09:34:58.370525 - USER:arun - ACTION:list_shared_files - DETAILS:{"count": 8}
2025-11-21T09:34:58.377736 - USER:arun - ACTION:get_file_access - DETAILS:{"read": true, "write": false}
2025-11-21T09:34:58.382585 - USER:arun - ACTION:list_shared_files - DETAILS:{"count": 8}
2025-11-21T09:35:00.512309 - USER:arun - ACTION:list_shared_files - DETAILS:{"count": 8}
2025-11-21T09:35:01.433533 - USER:arun - ACTION:list_shared_files - DETAILS:{"count": 8}
2025-11-21T09:35:02.554647 - USER:arun - ACTION:list_shared_files - DETAILS:{"count": 8}
2025-11-21T09:35:02.765762 - USER:arun - ACTION:list_shared_files - DETAILS:{"count": 8}
2025-11-21T09:35:03.097451 - USER:arun - ACTION:get_file_access - DETAILS:{"read": true, "write": false}
2025-11-21T09:35:03.104068 - USER:arun - ACTION:list_shared_files - DETAILS:{"count": 8}
2025-11-21T09:35:03.109177 - USER:arun - ACTION:download - DETAILS:{"filename": "file_access.log", "size": 87517}
2025-11-21T09:35:03.381017 - USER:arun - ACTION:list_shared_files - DETAILS:{"count": 8}
2025-11-21T09:35:03.386908 - USER:arun - ACTION:get_file_access - DETAILS:{"read": true, "write": false}
2025-11-21T09:35:03.390429 - USER:arun - ACTION:list_shared_files - DETAILS:{"count": 8}
2025-11-21T09:35:05.555576 - USER:arun - ACTION:list_shared_files - DETAILS:{"count": 8}
2025-11-21T09:35:06.443533 - USER:arun - ACTION:list_shared_files - DETAILS:{"count": 8}
2025-11-21T09:35:07.565563 - USER:arun - ACTION:list_shared_files - DETAILS:{"count": 8}
2025-11-21T09:35:07.769523 - USER:arun - ACTION:list_shared_files - DETAILS:{"count": 8}
2025-11-21T09:35:08.389380 - USER:arun - ACTION:list_shared_files - DETAILS:{"count": 8}
2025-11-21T09:35:08.396685 - USER:arun - ACTION:get_file_access - DETAILS:{"read": true, "write": false}
2025-11-21T09:35:08.399712 - USER:arun - ACTION:list_shared_files - DETAILS:{"count": 8}
2025-11-21T09:35:10.565162 - USER:arun - ACTION:list_shared_files - DETAILS:{"count": 8}
2025-11-21T09:35:11.451911 - USER:arun - ACTION:list_shared_files - DETAILS:{"count": 8}
2025-11-21T09:35:12.576635 - USER:arun - ACTION:list_shared_files - DETAILS:{"count": 8}
2025-11-21T09:35:12.774649 - USER:arun - ACTION:list_shared_files - DETAILS:{"count": 8}
2025-11-21T09:35:13.397823 - USER:arun - ACTION:list_shared_files - DETAILS:{"count": 8}
2025-11-21T09:35:13.404777 - USER:arun - ACTION:get_file_access - DETAILS:{"read": true, "write": false}
2025-11-21T09:35:13.408338 - USER:arun - ACTION:list_shared_files - DETAILS:{"count": 8}
2025-11-21T09:35:15.576064 - USER:arun - ACTION:list_shared_files - DETAILS:{"count": 8}
2025-11-21T09:35:16.460063 - USER:arun - ACTION:list_shared_files - DETAILS:{"count": 8}
2025-11-21T09:35:17.582378 - USER:arun - ACTION:list_shared_files - DETAILS:{"count": 8}
2025-11-21T09:35:17.779605 - USER:arun - ACTION:list_shared_files - DETAILS:{"count": 8}
2025-11-21T09:35:18.408001 - USER:arun - ACTION:list_shared_files - DETAILS:{"count": 8}
2025-11-21T09:35:18.413708 - USER:arun - ACTION:get_file_access - DETAILS:{"read": true, "write": false}
2025-11-21T09:35:18.417651 - USER:arun - ACTION:list_shared_files - DETAILS:{"count": 8}
2025-11-21T09:35:20.587787 - USER:arun - ACTION:list_shared_files - DETAILS:{"count": 8}
2025-11-21T09:35:21.468786 - USER:arun - ACTION:list_shared_files - DETAILS:{"count": 8}
2025-11-21T09:35:22.590560 - USER:arun - ACTION:list_shared_files - DETAILS:{"count": 8}
2025-11-21T09:35:22.785458 - USER:arun - ACTION:list_shared_files - DETAILS:{"count": 8}
2025-11-21T09:35:23.418918 - USER:arun - ACTION:list_shared_files - DETAILS:{"count": 8}
2025-11-21T09:35:23.425978 - USER:arun - ACTION:get_file_access - DETAILS:{"read": true, "write": false}
2025-11-21T09:35:23.432357 - USER:arun - ACTION:list_shared_files - DETAILS:{"count": 8}
2025-11-21T09:35:25.599448 - USER:arun - ACTION:list_shared_files - DETAILS:{"count": 8}
2025-11-21T09:35:26.477281 - USER:arun - ACTION:list_shared_files - DETAILS:{"count": 8}
2025-11-21T09:35:27.599715 - USER:arun - ACTION:list_shared_files - DETAILS:{"count": 8}
2025-11-21T09:35:27.792497 - USER:arun - ACTION:list_shared_files - DETAILS:{"count": 8}
2025-11-21T09:35:28.427644 - USER:arun - ACTION:list_shared_files - DETAILS:{"count": 8}
2025-11-21T09:35:28.435116 - USER:arun - ACTION:get_file_access - DETAILS:{"read": true, "write": false}
2025-11-21T09:35:28.439158 - USER:arun - ACTION:list_shared_files - DETAILS:{"count": 8}
2025-11-21T09:35:30.610149 - USER:arun - ACTION:list_shared_files - DETAILS:{"count": 8}
2025-11-21T09:35:31.484071 - USER:arun - ACTION:list_shared_files - DETAILS:{"count": 8}
2025-11-21T09:35:32.609246 - USER:arun - ACTION:list_shared_files - DETAILS:{"count": 8}
2025-11-21T09:35:32.800436 - USER:arun - ACTION:list_shared_files - DETAILS:{"count": 8}
2025-11-21T09:35:33.436751 - USER:arun - ACTION:list_shared_files - DETAILS:{"count": 8}
2025-11-21T09:35:33.443165 - USER:arun - ACTION:get_file_access - DETAILS:{"read": true, "write": false}
2025-11-21T09:35:33.447632 - USER:arun - ACTION:list_shared_files - DETAILS:{"count": 8}
2025-11-21T09:35:35.620137 - USER:arun - ACTION:list_shared_files - DETAILS:{"count": 8}
2025-11-21T09:35:36.488961 - USER:arun - ACTION:list_shared_files - DETAILS:{"count": 8}
2025-11-21T09:35:37.618748 - USER:arun - ACTION:list_shared_files - DETAILS:{"count": 8}
2025-11-21T09:35:37.811087 - USER:arun - ACTION:list_shared_files - DETAILS:{"count": 8}
2025-11-21T09:35:38.445510 - USER:arun - ACTION:list_shared_files - DETAILS:{"count": 8}
2025-11-21T09:35:38.453722 - USER:arun - ACTION:get_file_access - DETAILS:{"read": true, "write": false}
2025-11-21T09:35:38.457409 - USER:arun - ACTION:list_shared_files - DETAILS:{"count": 8}
2025-11-21T09:35:40.628187 - USER:arun - ACTION:list_shared_files - DETAILS:{"count": 8}
2025-11-21T09:35:41.493789 - USER:arun - ACTION:list_shared_files - DETAILS:{"count": 8}
2025-11-21T09:35:42.629376 - USER:arun - ACTION:list_shared_files - DETAILS:{"count": 8}
2025-11-21T09:35:42.820268 - USER:arun - ACTION:list_shared_files - DETAILS:{"count": 8}
2025-11-21T09:35:43.455558 - USER:arun - ACTION:list_shared_files - DETAILS:{"count": 8}
2025-11-21T09:35:43.462383 - USER:arun - ACTION:get_file_access - DETAILS:{"read": true, "write": false}
2025-11-21T09:35:43.465837 - USER:arun - ACTION:list_shared_files - DETAILS:{"count": 8}
2025-11-21T09:35:45.635175 - USER:arun - ACTION:list_shared_files - DETAILS:{"count": 8}
2025-11-21T09:35:46.497423 - USER:arun - ACTION:list_shared_files - DETAILS:{"count": 8}
2025-11-21T09:35:47.639650 - USER:arun - ACTION:list_shared_files - DETAILS:{"count": 8}
2025-11-21T09:35:47.828281 - USER:arun - ACTION:list_shared_files - DETAILS:{"count": 8}
2025-11-21T09:35:48.464928 - USER:arun - ACTION:list_shared_files - DETAILS:{"count": 8}
2025-11-21T09:35:48.472172 - USER:arun - ACTION:get_file_access - DETAILS:{"read": true, "write": false}
2025-11-21T09:35:48.475629 - USER:arun - ACTION:list_shared_files - DETAILS:{"count": 8}
2025-11-21T09:35:50.643681 - USER:arun - ACTION:list_shared_files - DETAILS:{"count": 8}
2025-11-21T09:35:51.502690 - USER:arun - ACTION:list_shared_files - DETAILS:{"count": 8}
2025-11-21T09:35:52.648252 - USER:arun - ACTION:list_shared_files - DETAILS:{"count": 8}
2025-11-21T09:35:52.836017 - USER:arun - ACTION:list_shared_files - DETAILS:{"count": 8}
2025-11-21T09:35:53.474581 - USER:arun - ACTION:list_shared_files - DETAILS:{"count": 8}
2025-11-21T09:35:53.479448 - USER:arun - ACTION:get_file_access - DETAILS:{"read": true, "write": false}
2025-11-21T09:35:53.483954 - USER:arun - ACTION:list_shared_files - DETAILS:{"count": 8}
2025-11-21T09:35:55.653771 - USER:arun - ACTION:list_shared_files - DETAILS:{"count": 8}
2025-11-21T09:35:56.509084 - USER:arun - ACTION:list_shared_files - DETAILS:{"count": 8}
2025-11-21T09:35:57.658216 - USER:arun - ACTION:list_shared_files - DETAILS:{"count": 8}
2025-11-21T09:35:57.844885 - USER:arun - ACTION:list_shared_files - DETAILS:{"count": 8}
2025-11-21T09:35:58.480862 - USER:arun - ACTION:list_shared_files - DETAILS:{"count": 8}
2025-11-21T09:35:58.485695 - USER:arun - ACTION:get_file_access - DETAILS:{"read": true, "write": false}
2025-11-21T09:35:58.488234 - USER:arun - ACTION:list_shared_files - DETAILS:{"count": 8}
2025-11-21T09:36:00.661071 - USER:arun - ACTION:list_shared_files - DETAILS:{"count": 8}
2025-11-21T09:36:01.516890 - USER:arun - ACTION:list_shared_files - DETAILS:{"count": 8}
2025-11-21T09:36:02.666765 - USER:arun - ACTION:list_shared_files - DETAILS:{"count": 8}
2025-11-21T09:36:02.853618 - USER:arun - ACTION:list_shared_files - DETAILS:{"count": 8}
2025-11-21T09:36:03.114913 - USER:arun - ACTION:get_file_access - DETAILS:{"read": true, "write": false}
2025-11-21T09:36:03.121512 - USER:arun - ACTION:list_shared_files - DETAILS:{"count": 8}
2025-11-21T09:36:03.125745 - USER:arun - ACTION:download - DETAILS:{"filename": "file_access.log", "size": 95493}
2025-11-21T09:36:03.485670 - USER:arun - ACTION:list_shared_files - DETAILS:{"count": 8}
2025-11-21T09:36:03.491347 - USER:arun - ACTION:get_file_access - DETAILS:{"read": true, "write": false}
2025-11-21T09:36:03.494052 - USER:arun - ACTION:list_shared_files - DETAILS:{"count": 8}
2025-11-21T09:36:05.665302 - USER:arun - ACTION:list_shared_files - DETAILS:{"count": 8}
2025-11-21T09:36:06.524001 - USER:arun - ACTION:list_shared_files - DETAILS:{"count": 8}
2025-11-21T09:36:07.676866 - USER:arun - ACTION:list_shared_files - DETAILS:{"count": 8}
2025-11-21T09:36:07.861262 - USER:arun - ACTION:list_shared_files - DETAILS:{"count": 8}
2025-11-21T09:36:08.491496 - USER:arun - ACTION:list_shared_files - DETAILS:{"count": 8}
2025-11-21T09:36:08.495808 - USER:arun - ACTION:get_file_access - DETAILS:{"read": true, "write": false}
2025-11-21T09:36:08.498360 - USER:arun - ACTION:list_shared_files - DETAILS:{"count": 8}
2025-11-21T09:36:10.673058 - USER:arun - ACTION:list_shared_files - DETAILS:{"count": 8}
2025-11-21T09:36:11.530124 - USER:arun - ACTION:list_shared_files - DETAILS:{"count": 8}
2025-11-21T09:36:12.689614 - USER:arun - ACTION:list_shared_files - DETAILS:{"count": 8}
2025-11-21T09:36:12.867688 - USER:arun - ACTION:list_shared_files - DETAILS:{"count": 8}
2025-11-21T09:36:13.497079 - USER:arun - ACTION:list_shared_files - DETAILS:{"count": 8}
2025-11-21T09:36:13.502050 - USER:arun - ACTION:get_file_access - DETAILS:{"read": true, "write": false}
2025-11-21T09:36:13.505001 - USER:arun - ACTION:list_shared_files - DETAILS:{"count": 8}
2025-11-21T09:36:15.681351 - USER:arun - ACTION:list_shared_files - DETAILS:{"count": 8}
2025-11-21T09:36:16.536520 - USER:arun - ACTION:list_shared_files - DETAILS:{"count": 8}
2025-11-21T09:36:17.698108 - USER:arun - ACTION:list_shared_files - DETAILS:{"count": 8}
2025-11-21T09:36:17.877322 - USER:arun - ACTION:list_shared_files - DETAILS:{"count": 8}
2025-11-21T09:36:18.504417 - USER:arun - ACTION:list_shared_files - DETAILS:{"count": 8}
2025-11-21T09:36:18.510596 - USER:arun - ACTION:get_file_access - DETAILS:{"read": true, "write": false}
2025-11-21T09:36:18.514102 - USER:arun - ACTION:list_shared_files - DETAILS:{"count": 8}
2025-11-21T09:36:20.690917 - USER:arun - ACTION:list_shared_files - DETAILS:{"count": 8}
2025-11-21T09:36:21.542400 - USER:arun - ACTION:list_shared_files - DETAILS:{"count": 8}
2025-11-21T09:36:22.703006 - USER:arun - ACTION:list_shared_files - DETAILS:{"count": 8}
2025-11-21T09:36:22.885885 - USER:arun - ACTION:list_shared_files - DETAILS:{"count": 8}
2025-11-21T09:36:23.510133 - USER:arun - ACTION:list_shared_files - DETAILS:{"count": 8}
2025-11-21T09:36:23.516687 - USER:arun - ACTION:get_file_access - DETAILS:{"read": true, "write": false}
2025-11-21T09:36:23.519992 - USER:arun - ACTION:list_shared_files - DETAILS:{"count": 8}
2025-11-21T09:36:25.698914 - USER:arun - ACTION:list_shared_files - DETAILS:{"count": 8}
2025-11-21T09:36:26.550792 - USER:arun - ACTION:list_shared_files - DETAILS:{"count": 8}
2025-11-21T09:36:27.712003 - USER:arun - ACTION:list_shared_files - DETAILS:{"count": 8}
2025-11-21T09:36:27.894267 - USER:arun - ACTION:list_shared_files - DETAILS:{"count": 8}
2025-11-21T09:36:28.514069 - USER:arun - ACTION:list_shared_files - DETAILS:{"count": 8}
2025-11-21T09:36:28.520603 - USER:arun - ACTION:get_file_access - DETAILS:{"read": true, "write": false}
2025-11-21T09:36:28.524337 - USER:arun - ACTION:list_shared_files - DETAILS:{"count": 8}
2025-11-21T09:36:30.708566 - USER:arun - ACTION:list_shared_files - DETAILS:{"count": 8}
2025-11-21T09:36:31.560362 - USER:arun - ACTION:list_shared_files - DETAILS:{"count": 8}
2025-11-21T09:36:32.718930 - USER:arun - ACTION:list_shared_files - DETAILS:{"count": 8}
2025-11-21T09:36:32.903618 - USER:arun - ACTION:list_shared_files - DETAILS:{"count": 8}
2025-11-21T09:36:33.521348 - USER:arun - ACTION:list_shared_files - DETAILS:{"count": 8}
2025-11-21T09:36:33.529164 - USER:arun - ACTION:get_file_access - DETAILS:{"read": true, "write": false}
2025-11-21T09:36:33.533983 - USER:arun - ACTION:list_shared_files - DETAILS:{"count": 8}
2025-11-21T09:36:35.717200 - USER:arun - ACTION:list_shared_files - DETAILS:{"count": 8}
2025-11-21T09:36:36.570924 - USER:arun - ACTION:list_shared_files - DETAILS:{"count": 8}
2025-11-21T09:36:37.726812 - USER:arun - ACTION:list_shared_files - DETAILS:{"count": 8}
2025-11-21T09:36:37.911847 - USER:arun - ACTION:list_shared_files - DETAILS:{"count": 8}
2025-11-21T09:36:38.532057 - USER:arun - ACTION:list_shared_files - DETAILS:{"count": 8}
2025-11-21T09:36:38.539472 - USER:arun - ACTION:get_file_access - DETAILS:{"read": true, "write": false}
2025-11-21T09:36:38.542447 - USER:arun - ACTION:list_shared_files - DETAILS:{"count": 8}
2025-11-21T09:36:40.727002 - USER:arun - ACTION:list_shared_files - DETAILS:{"count": 8}
2025-11-21T09:36:41.581058 - USER:arun - ACTION:list_shared_files - DETAILS:{"count": 8}
2025-11-21T09:36:42.735856 - USER:arun - ACTION:list_shared_files - DETAILS:{"count": 8}
2025-11-21T09:36:42.921216 - USER:arun - ACTION:list_shared_files - DETAILS:{"count": 8}
2025-11-21T09:36:43.539739 - USER:arun - ACTION:list_shared_files - DETAILS:{"count": 8}
2025-11-21T09:36:43.545372 - USER:arun - ACTION:get_file_access - DETAILS:{"read": true, "write": false}
2025-11-21T09:36:43.548927 - USER:arun - ACTION:list_shared_files - DETAILS:{"count": 8}
2025-11-21T09:36:45.734108 - USER:arun - ACTION:list_shared_files - DETAILS:{"count": 8}
2025-11-21T09:36:46.592010 - USER:arun - ACTION:list_shared_files - DETAILS:{"count": 8}
2025-11-21T09:36:47.743780 - USER:arun - ACTION:list_shared_files - DETAILS:{"count": 8}
2025-11-21T09:36:47.931402 - USER:arun - ACTION:list_shared_files - DETAILS:{"count": 8}
2025-11-21T09:36:48.545460 - USER:arun - ACTION:list_shared_files - DETAILS:{"count": 8}
2025-11-21T09:36:48.549924 - USER:arun - ACTION:get_file_access - DETAILS:{"read": true, "write": false}
2025-11-21T09:36:48.552659 - USER:arun - ACTION:list_shared_files - DETAILS:{"count": 8}
2025-11-21T09:36:50.742892 - USER:arun - ACTION:list_shared_files - DETAILS:{"count": 8}
2025-11-21T09:36:51.600376 - USER:arun - ACTION:list_shared_files - DETAILS:{"count": 8}
2025-11-21T09:36:52.753897 - USER:arun - ACTION:list_shared_files - DETAILS:{"count": 8}
2025-11-21T09:36:52.939522 - USER:arun - ACTION:list_shared_files - DETAILS:{"count": 8}
2025-11-21T09:36:53.552940 - USER:arun - ACTION:list_shared_files - DETAILS:{"count": 8}
2025-11-21T09:36:53.559344 - USER:arun - ACTION:get_file_access - DETAILS:{"read": true, "write": false}
2025-11-21T09:36:53.564709 - USER:arun - ACTION:list_shared_files - DETAILS:{"count": 8}
2025-11-21T09:36:55.750809 - USER:arun - ACTION:list_shared_files - DETAILS:{"count": 8}
2025-11-21T09:36:56.610634 - USER:arun - ACTION:list_shared_files - DETAILS:{"count": 8}
2025-11-21T09:36:57.761852 - USER:arun - ACTION:list_shared_files - DETAILS:{"count": 8}
2025-11-21T09:36:57.945134 - USER:arun - ACTION:list_shared_files - DETAILS:{"count": 8}
2025-11-21T09:36:58.562273 - USER:arun - ACTION:list_shared_files - DETAILS:{"count": 8}
2025-11-21T09:36:58.570065 - USER:arun - ACTION:get_file_access - DETAILS:{"read": true, "write": false}
2025-11-21T09:36:58.575551 - USER:arun - ACTION:list_shared_files - DETAILS:{"count": 8}
2025-11-21T09:37:00.760463 - USER:arun - ACTION:list_shared_files - DETAILS:{"count": 8}
2025-11-21T09:37:01.619980 - USER:arun - ACTION:list_shared_files - DETAILS:{"count": 8}
2025-11-21T09:37:02.769942 - USER:arun - ACTION:list_shared_files - DETAILS:{"count": 8}
2025-11-21T09:37:02.952526 - USER:arun - ACTION:list_shared_files - DETAILS:{"count": 8}
2025-11-21T09:37:03.132094 - USER:arun - ACTION:get_file_access - DETAILS:{"read": true, "write": false}
2025-11-21T09:37:03.162954 - USER:arun - ACTION:list_shared_files - DETAILS:{"count": 8}
2025-11-21T09:37:03.169140 - USER:arun - ACTION:download - DETAILS:{"filename": "file_access.log", "size": 103469}
2025-11-21T09:37:03.572660 - USER:arun - ACTION:list_shared_files - DETAILS:{"count": 8}
2025-11-21T09:37:03.579406 - USER:arun - ACTION:get_file_access - DETAILS:{"read": true, "write": false}
2025-11-21T09:37:03.584567 - USER:arun - ACTION:list_shared_files - DETAILS:{"count": 8}
2025-11-21T09:37:05.804174 - USER:arun - ACTION:list_shared_files - DETAILS:{"count": 8}
2025-11-21T09:37:06.630212 - USER:arun - ACTION:list_shared_files - DETAILS:{"count": 8}
2025-11-21T09:37:07.775993 - USER:arun - ACTION:list_shared_files - DETAILS:{"count": 8}
2025-11-21T09:37:07.958382 - USER:arun - ACTION:list_shared_files - DETAILS:{"count": 8}
2025-11-21T09:37:08.579018 - USER:arun - ACTION:list_shared_files - DETAILS:{"count": 8}
2025-11-21T09:37:08.586128 - USER:arun - ACTION:get_file_access - DETAILS:{"read": true, "write": false}
2025-11-21T09:37:08.589007 - USER:arun - ACTION:list_shared_files - DETAILS:{"count": 8}
2025-11-21T09:37:10.813284 - USER:arun - ACTION:list_shared_files - DETAILS:{"count": 8}
2025-11-21T09:37:11.639073 - USER:arun - ACTION:list_shared_files - DETAILS:{"count": 8}
2025-11-21T09:37:12.781225 - USER:arun - ACTION:list_shared_files - DETAILS:{"count": 8}
2025-11-21T09:37:12.973337 - USER:arun - ACTION:list_shared_files - DETAILS:{"count": 8}
2025-11-21T09:37:13.589551 - USER:arun - ACTION:list_shared_files - DETAILS:{"count": 8}
2025-11-21T09:37:13.596133 - USER:arun - ACTION:get_file_access - DETAILS:{"read": true, "write": false}
2025-11-21T09:37:13.599373 - USER:arun - ACTION:list_shared_files - DETAILS:{"count": 8}
2025-11-21T09:37:15.823572 - USER:arun - ACTION:list_shared_files - DETAILS:{"count": 8}
2025-11-21T09:37:16.645454 - USER:arun - ACTION:list_shared_files - DETAILS:{"count": 8}
2025-11-21T09:37:17.786354 - USER:arun - ACTION:list_shared_files - DETAILS:{"count": 8}
2025-11-21T09:37:17.981708 - USER:arun - ACTION:list_shared_files - DETAILS:{"count": 8}
2025-11-21T09:37:18.598561 - USER:arun - ACTION:list_shared_files - DETAILS:{"count": 8}
2025-11-21T09:37:18.604113 - USER:arun - ACTION:get_file_access - DETAILS:{"read": true, "write": false}
2025-11-21T09:37:18.608295 - USER:arun - ACTION:list_shared_files - DETAILS:{"count": 8}
2025-11-21T09:37:20.835091 - USER:arun - ACTION:list_shared_files - DETAILS:{"count": 8}
2025-11-21T09:37:21.653631 - USER:arun - ACTION:list_shared_files - DETAILS:{"count": 8}
2025-11-21T09:37:22.792203 - USER:arun - ACTION:list_shared_files - DETAILS:{"count": 8}
2025-11-21T09:37:22.990553 - USER:arun - ACTION:list_shared_files - DETAILS:{"count": 8}
2025-11-21T09:37:23.603306 - USER:arun - ACTION:list_shared_files - DETAILS:{"count": 8}
2025-11-21T09:37:23.607661 - USER:arun - ACTION:get_file_access - DETAILS:{"read": true, "write": false}
2025-11-21T09:37:23.614430 - USER:arun - ACTION:list_shared_files - DETAILS:{"count": 8}
2025-11-21T09:37:25.881514 - USER:arun - ACTION:list_shared_files - DETAILS:{"count": 8}
2025-11-21T09:37:26.663811 - USER:arun - ACTION:list_shared_files - DETAILS:{"count": 8}
2025-11-21T09:37:27.797898 - USER:arun - ACTION:list_shared_files - DETAILS:{"count": 8}
2025-11-21T09:37:27.998742 - USER:arun - ACTION:list_shared_files - DETAILS:{"count": 8}
2025-11-21T09:37:28.611763 - USER:arun - ACTION:list_shared_files - DETAILS:{"count": 8}
2025-11-21T09:37:28.619400 - USER:arun - ACTION:get_file_access - DETAILS:{"read": true, "write": false}
2025-11-21T09:37:28.624814 - USER:arun - ACTION:list_shared_files - DETAILS:{"count": 8}
2025-11-21T09:37:30.891500 - USER:arun - ACTION:list_shared_files - DETAILS:{"count": 8}
2025-11-21T09:37:31.669582 - USER:arun - ACTION:list_shared_files - DETAILS:{"count": 8}
2025-11-21T09:37:32.805952 - USER:arun - ACTION:list_shared_files - DETAILS:{"count": 8}
2025-11-21T09:37:33.003409 - USER:arun - ACTION:list_shared_files - DETAILS:{"count": 8}
2025-11-21T09:37:33.620552 - USER:arun - ACTION:list_shared_files - DETAILS:{"count": 8}
2025-11-21T09:37:33.631157 - USER:arun - ACTION:get_file_access - DETAILS:{"read": true, "write": false}
2025-11-21T09:37:33.638702 - USER:arun - ACTION:list_shared_files - DETAILS:{"count": 8}
2025-11-21T09:37:35.898395 - USER:arun - ACTION:list_shared_files - DETAILS:{"count": 8}
2025-11-21T09:37:36.676997 - USER:arun - ACTION:list_shared_files - DETAILS:{"count": 8}
2025-11-21T09:37:37.812623 - USER:arun - ACTION:list_shared_files - DETAILS:{"count": 8}
2025-11-21T09:37:38.007354 - USER:arun - ACTION:list_shared_files - DETAILS:{"count": 8}
2025-11-21T09:37:38.630801 - USER:arun - ACTION:list_shared_files - DETAILS:{"count": 8}
2025-11-21T09:37:38.637795 - USER:arun - ACTION:get_file_access - DETAILS:{"read": true, "write": false}
2025-11-21T09:37:38.645021 - USER:arun - ACTION:list_shared_files - DETAILS:{"count": 8}
2025-11-21T09:37:40.907350 - USER:arun - ACTION:list_shared_files - DETAILS:{"count": 8}
2025-11-21T09:37:41.683963 - USER:arun - ACTION:list_shared_files - DETAILS:{"count": 8}
2025-11-21T09:37:42.818663 - USER:arun - ACTION:list_shared_files - DETAILS:{"count": 8}
2025-11-21T09:37:43.010713 - USER:arun - ACTION:list_shared_files - DETAILS:{"count": 8}
2025-11-21T09:37:43.639718 - USER:arun - ACTION:list_shared_files - DETAILS:{"count": 8}
2025-11-21T09:37:43.646225 - USER:arun - ACTION:get_file_access - DETAILS:{"read": true, "write": false}
2025-11-21T09:37:43.651505 - USER:arun - ACTION:list_shared_files - DETAILS:{"count": 8}
2025-11-21T09:37:45.951714 - USER:arun - ACTION:list_shared_files - DETAILS:{"count": 8}
2025-11-21T09:37:46.694169 - USER:arun - ACTION:list_shared_files - DETAILS:{"count": 8}
2025-11-21T09:37:47.823805 - USER:arun - ACTION:list_shared_files - DETAILS:{"count": 8}
2025-11-21T09:37:48.016564 - USER:arun - ACTION:list_shared_files - DETAILS:{"count": 8}
2025-11-21T09:37:48.646685 - USER:arun - ACTION:list_shared_files - DETAILS:{"count": 8}
2025-11-21T09:37:48.654479 - USER:arun - ACTION:get_file_access - DETAILS:{"read": true, "write": false}
2025-11-21T09:37:48.658724 - USER:arun - ACTION:list_shared_files - DETAILS:{"count": 8}
2025-11-21T09:37:50.961333 - USER:arun - ACTION:list_shared_files - DETAILS:{"count": 8}
2025-11-21T09:37:51.705436 - USER:arun - ACTION:list_shared_files - DETAILS:{"count": 8}
2025-11-21T09:37:52.829725 - USER:arun - ACTION:list_shared_files - DETAILS:{"count": 8}
2025-11-21T09:37:53.028005 - USER:arun - ACTION:list_shared_files - DETAILS:{"count": 8}
2025-11-21T09:37:53.656502 - USER:arun - ACTION:list_shared_files - DETAILS:{"count": 8}
2025-11-21T09:37:53.664155 - USER:arun - ACTION:get_file_access - DETAILS:{"read": true, "write": false}
2025-11-21T09:37:53.667824 - USER:arun - ACTION:list_shared_files - DETAILS:{"count": 8}
2025-11-21T09:37:55.972561 - USER:arun - ACTION:list_shared_files - DETAILS:{"count": 8}
2025-11-21T09:37:56.714905 - USER:arun - ACTION:list_shared_files - DETAILS:{"count": 8}
2025-11-21T09:37:57.839340 - USER:arun - ACTION:list_shared_files - DETAILS:{"count": 8}
2025-11-21T09:37:58.037026 - USER:arun - ACTION:list_shared_files - DETAILS:{"count": 8}
2025-11-21T09:37:58.667271 - USER:arun - ACTION:list_shared_files - DETAILS:{"count": 8}
2025-11-21T09:37:58.676842 - USER:arun - ACTION:get_file_access - DETAILS:{"read": true, "write": false}
2025-11-21T09:37:58.682202 - USER:arun - ACTION:list_shared_files - DETAILS:{"count": 8}
2025-11-21T09:38:00.982992 - USER:arun - ACTION:list_shared_files - DETAILS:{"count": 8}
2025-11-21T09:38:01.725855 - USER:arun - ACTION:list_shared_files - DETAILS:{"count": 8}
2025-11-21T09:38:02.849949 - USER:arun - ACTION:list_shared_files - DETAILS:{"count": 8}
2025-11-21T09:38:03.044599 - USER:arun - ACTION:list_shared_files - DETAILS:{"count": 8}
2025-11-21T09:38:03.178093 - USER:arun - ACTION:get_file_access - DETAILS:{"read": true, "write": false}
2025-11-21T09:38:03.192393 - USER:arun - ACTION:list_shared_files - DETAILS:{"count": 8}
2025-11-21T09:38:03.199118 - USER:arun - ACTION:download - DETAILS:{"filename": "file_access.log", "size": 111446}
2025-11-21T09:38:03.676780 - USER:arun - ACTION:list_shared_files - DETAILS:{"count": 8}
2025-11-21T09:38:03.682946 - USER:arun - ACTION:get_file_access - DETAILS:{"read": true, "write": false}
2025-11-21T09:38:03.688411 - USER:arun - ACTION:list_shared_files - DETAILS:{"count": 8}
2025-11-21T09:38:05.992027 - USER:arun - ACTION:list_shared_files - DETAILS:{"count": 8}
2025-11-21T09:38:06.735805 - USER:arun - ACTION:list_shared_files - DETAILS:{"count": 8}
2025-11-21T09:38:07.859742 - USER:arun - ACTION:list_shared_files - DETAILS:{"count": 8}
2025-11-21T09:38:08.054441 - USER:arun - ACTION:list_shared_files - DETAILS:{"count": 8}
2025-11-21T09:38:08.683922 - USER:arun - ACTION:list_shared_files - DETAILS:{"count": 8}
2025-11-21T09:38:08.691186 - USER:arun - ACTION:get_file_access - DETAILS:{"read": true, "write": false}
2025-11-21T09:38:08.696705 - USER:arun - ACTION:list_shared_files - DETAILS:{"count": 8}
2025-11-21T09:38:11.001758 - USER:arun - ACTION:list_shared_files - DETAILS:{"count": 8}
2025-11-21T09:38:11.744869 - USER:arun - ACTION:list_shared_files - DETAILS:{"count": 8}
2025-11-21T09:38:12.869599 - USER:arun - ACTION:list_shared_files - DETAILS:{"count": 8}
2025-11-21T09:38:13.062887 - USER:arun - ACTION:list_shared_files - DETAILS:{"count": 8}
2025-11-21T09:38:13.691968 - USER:arun - ACTION:list_shared_files - DETAILS:{"count": 8}
2025-11-21T09:38:13.699148 - USER:arun - ACTION:get_file_access - DETAILS:{"read": true, "write": false}
2025-11-21T09:38:13.704466 - USER:arun - ACTION:list_shared_files - DETAILS:{"count": 8}
2025-11-21T09:38:16.012509 - USER:arun - ACTION:list_shared_files - DETAILS:{"count": 8}
2025-11-21T09:38:16.753706 - USER:arun - ACTION:list_shared_files - DETAILS:{"count": 8}
2025-11-21T09:38:17.876548 - USER:arun - ACTION:list_shared_files - DETAILS:{"count": 8}
2025-11-21T09:38:18.072021 - USER:arun - ACTION:list_shared_files - DETAILS:{"count": 8}
2025-11-21T09:38:18.702472 - USER:arun - ACTION:list_shared_files - DETAILS:{"count": 8}
2025-11-21T09:38:18.709782 - USER:arun - ACTION:get_file_access - DETAILS:{"read": true, "write": false}
2025-11-21T09:38:18.714405 - USER:arun - ACTION:list_shared_files - DETAILS:{"count": 8}
2025-11-21T09:38:21.022645 - USER:arun - ACTION:list_shared_files - DETAILS:{"count": 8}
2025-11-21T09:38:21.764286 - USER:arun - ACTION:list_shared_files - DETAILS:{"count": 8}
2025-11-21T09:38:22.885500 - USER:arun - ACTION:list_shared_files - DETAILS:{"count": 8}
2025-11-21T09:38:23.080219 - USER:arun - ACTION:list_shared_files - DETAILS:{"count": 8}
2025-11-21T09:38:23.711615 - USER:arun - ACTION:list_shared_files - DETAILS:{"count": 8}
2025-11-21T09:38:23.719174 - USER:arun - ACTION:get_file_access - DETAILS:{"read": true, "write": false}
2025-11-21T09:38:23.723022 - USER:arun - ACTION:list_shared_files - DETAILS:{"count": 8}
2025-11-21T09:38:26.029604 - USER:arun - ACTION:list_shared_files - DETAILS:{"count": 8}
2025-11-21T09:38:26.775325 - USER:arun - ACTION:list_shared_files - DETAILS:{"count": 8}
2025-11-21T09:38:27.895125 - USER:arun - ACTION:list_shared_files - DETAILS:{"count": 8}
2025-11-21T09:38:28.090434 - USER:arun - ACTION:list_shared_files - DETAILS:{"count": 8}
2025-11-21T09:38:28.722737 - USER:arun - ACTION:list_shared_files - DETAILS:{"count": 8}
2025-11-21T09:38:28.728411 - USER:arun - ACTION:get_file_access - DETAILS:{"read": true, "write": false}
2025-11-21T09:38:28.733263 - USER:arun - ACTION:list_shared_files - DETAILS:{"count": 8}
2025-11-21T09:38:31.035123 - USER:arun - ACTION:list_shared_files - DETAILS:{"count": 8}
2025-11-21T09:38:31.785950 - USER:arun - ACTION:list_shared_files - DETAILS:{"count": 8}
2025-11-21T09:38:32.902377 - USER:arun - ACTION:list_shared_files - DETAILS:{"count": 8}
2025-11-21T09:38:33.098027 - USER:arun - ACTION:list_shared_files - DETAILS:{"count": 8}
2025-11-21T09:38:33.727494 - USER:arun - ACTION:list_shared_files - DETAILS:{"count": 8}
2025-11-21T09:38:33.732268 - USER:arun - ACTION:get_file_access - DETAILS:{"read": true, "write": false}
2025-11-21T09:38:33.738307 - USER:arun - ACTION:list_shared_files - DETAILS:{"count": 8}
2025-11-21T09:38:36.042555 - USER:arun - ACTION:list_shared_files - DETAILS:{"count": 8}
2025-11-21T09:38:36.794172 - USER:arun - ACTION:list_shared_files - DETAILS:{"count": 8}
2025-11-21T09:38:37.910976 - USER:arun - ACTION:list_shared_files - DETAILS:{"count": 8}
2025-11-21T09:38:38.107111 - USER:arun - ACTION:list_shared_files - DETAILS:{"count": 8}
2025-11-21T09:38:38.737769 - USER:arun - ACTION:list_shared_files - DETAILS:{"count": 8}
2025-11-21T09:38:38.746714 - USER:arun - ACTION:get_file_access - DETAILS:{"read": true, "write": false}
2025-11-21T09:38:38.752437 - USER:arun - ACTION:list_shared_files - DETAILS:{"count": 8}
2025-11-21T09:38:41.054964 - USER:arun - ACTION:list_shared_files - DETAILS:{"count": 8}
2025-11-21T09:38:41.802101 - USER:arun - ACTION:list_shared_files - DETAILS:{"count": 8}
2025-11-21T09:38:42.921240 - USER:arun - ACTION:list_shared_files - DETAILS:{"count": 8}
2025-11-21T09:38:43.117556 - USER:arun - ACTION:list_shared_files - DETAILS:{"count": 8}
2025-11-21T09:38:43.748398 - USER:arun - ACTION:list_shared_files - DETAILS:{"count": 8}
2025-11-21T09:38:43.755115 - USER:arun - ACTION:get_file_access - DETAILS:{"read": true, "write": false}
2025-11-21T09:38:43.761642 - USER:arun - ACTION:list_shared_files - DETAILS:{"count": 8}
2025-11-21T09:38:46.097444 - USER:arun - ACTION:list_shared_files - DETAILS:{"count": 8}
2025-11-21T09:38:46.812845 - USER:arun - ACTION:list_shared_files - DETAILS:{"count": 8}
2025-11-21T09:38:47.932090 - USER:arun - ACTION:list_shared_files - DETAILS:{"count": 8}
2025-11-21T09:38:48.141615 - USER:arun - ACTION:list_shared_files - DETAILS:{"count": 8}
2025-11-21T09:38:48.756870 - USER:arun - ACTION:list_shared_files - DETAILS:{"count": 8}
2025-11-21T09:38:48.763946 - USER:arun - ACTION:get_file_access - DETAILS:{"read": true, "write": false}
2025-11-21T09:38:48.769246 - USER:arun - ACTION:list_shared_files - DETAILS:{"count": 8}
2025-11-21T09:38:51.105347 - USER:arun - ACTION:list_shared_files - DETAILS:{"count": 8}
2025-11-21T09:38:51.821464 - USER:arun - ACTION:list_shared_files - DETAILS:{"count": 8}
2025-11-21T09:38:52.941208 - USER:arun - ACTION:list_shared_files - DETAILS:{"count": 8}
2025-11-21T09:38:53.149435 - USER:arun - ACTION:list_shared_files - DETAILS:{"count": 8}
2025-11-21T09:38:53.767634 - USER:arun - ACTION:list_shared_files - DETAILS:{"count": 8}
2025-11-21T09:38:53.773318 - USER:arun - ACTION:get_file_access - DETAILS:{"read": true, "write": false}
2025-11-21T09:38:53.778597 - USER:arun - ACTION:list_shared_files - DETAILS:{"count": 8}
2025-11-21T09:38:56.148607 - USER:arun - ACTION:list_shared_files - DETAILS:{"count": 8}
2025-11-21T09:38:56.828596 - USER:arun - ACTION:list_shared_files - DETAILS:{"count": 8}
2025-11-21T09:38:57.948920 - USER:arun - ACTION:list_shared_files - DETAILS:{"count": 8}
2025-11-21T09:38:58.154877 - USER:arun - ACTION:list_shared_files - DETAILS:{"count": 8}
2025-11-21T09:38:58.774534 - USER:arun - ACTION:list_shared_files - DETAILS:{"count": 8}
2025-11-21T09:38:58.782949 - USER:arun - ACTION:get_file_access - DETAILS:{"read": true, "write": false}
2025-11-21T09:38:58.788476 - USER:arun - ACTION:list_shared_files - DETAILS:{"count": 8}
2025-11-21T09:39:01.191785 - USER:arun - ACTION:list_shared_files - DETAILS:{"count": 8}
2025-11-21T09:39:01.838712 - USER:arun - ACTION:list_shared_files - DETAILS:{"count": 8}
2025-11-21T09:39:02.956989 - USER:arun - ACTION:list_shared_files - DETAILS:{"count": 8}
2025-11-21T09:39:03.161161 - USER:arun - ACTION:list_shared_files - DETAILS:{"count": 8}
2025-11-21T09:39:03.203755 - USER:arun - ACTION:get_file_access - DETAILS:{"read": true, "write": false}
2025-11-21T09:39:03.206702 - USER:arun - ACTION:list_shared_files - DETAILS:{"count": 8}
2025-11-21T09:39:03.209233 - USER:arun - ACTION:download - DETAILS:{"filename": "file_access.log", "size": 119423}
2025-11-21T09:39:03.783305 - USER:arun - ACTION:list_shared_files - DETAILS:{"count": 8}
2025-11-21T09:39:03.790959 - USER:arun - ACTION:get_file_access - DETAILS:{"read": true, "write": false}
2025-11-21T09:39:03.795593 - USER:arun - ACTION:list_shared_files - DETAILS:{"count": 8}
2025-11-21T09:39:06.198466 - USER:arun - ACTION:list_shared_files - DETAILS:{"count": 8}
2025-11-21T09:39:06.442203 - USER:arun - ACTION:get_file_access - DETAILS:{"read": true, "write": false}
2025-11-21T09:39:06.844910 - USER:arun - ACTION:list_shared_files - DETAILS:{"count": 8}
2025-11-21T09:39:07.965399 - USER:arun - ACTION:list_shared_files - DETAILS:{"count": 8}
2025-11-21T09:39:08.170173 - USER:arun - ACTION:list_shared_files - DETAILS:{"count": 8}
2025-11-21T09:39:08.793655 - USER:arun - ACTION:list_shared_files - DETAILS:{"count": 8}
2025-11-21T09:39:08.801713 - USER:arun - ACTION:get_file_access - DETAILS:{"read": true, "write": false}
2025-11-21T09:39:08.806337 - USER:arun - ACTION:list_shared_files - DETAILS:{"count": 8}
2025-11-21T09:39:11.207272 - USER:arun - ACTION:list_shared_files - DETAILS:{"count": 8}
2025-11-21T09:39:11.852359 - USER:arun - ACTION:list_shared_files - DETAILS:{"count": 8}
2025-11-21T09:39:12.973222 - USER:arun - ACTION:list_shared_files - DETAILS:{"count": 8}
2025-11-21T09:39:13.179516 - USER:arun - ACTION:list_shared_files - DETAILS:{"count": 8}
2025-11-21T09:39:13.801737 - USER:arun - ACTION:list_shared_files - DETAILS:{"count": 8}
2025-11-21T09:39:13.809763 - USER:arun - ACTION:get_file_access - DETAILS:{"read": true, "write": false}
2025-11-21T09:39:13.815731 - USER:arun - ACTION:list_shared_files - DETAILS:{"count": 8}
2025-11-21T09:39:16.227066 - USER:arun - ACTION:list_shared_files - DETAILS:{"count": 8}
2025-11-21T09:39:16.865213 - USER:arun - ACTION:list_shared_files - DETAILS:{"count": 8}
2025-11-21T09:39:17.982539 - USER:arun - ACTION:list_shared_files - DETAILS:{"count": 8}
2025-11-21T09:39:18.189885 - USER:arun - ACTION:list_shared_files - DETAILS:{"count": 8}
2025-11-21T09:39:18.809775 - USER:arun - ACTION:list_shared_files - DETAILS:{"count": 8}
2025-11-21T09:39:18.816845 - USER:arun - ACTION:get_file_access - DETAILS:{"read": true, "write": false}
2025-11-21T09:39:18.820887 - USER:arun - ACTION:list_shared_files - DETAILS:{"count": 8}
2025-11-21T09:39:21.235515 - USER:arun - ACTION:list_shared_files - DETAILS:{"count": 8}
2025-11-21T09:39:21.873805 - USER:arun - ACTION:list_shared_files - DETAILS:{"count": 8}
2025-11-21T09:39:22.993941 - USER:arun - ACTION:list_shared_files - DETAILS:{"count": 8}
2025-11-21T09:39:23.200338 - USER:arun - ACTION:list_shared_files - DETAILS:{"count": 8}
2025-11-21T09:39:23.817333 - USER:arun - ACTION:list_shared_files - DETAILS:{"count": 8}
2025-11-21T09:39:23.826522 - USER:arun - ACTION:get_file_access - DETAILS:{"read": true, "write": false}
2025-11-21T09:39:23.830164 - USER:arun - ACTION:list_shared_files - DETAILS:{"count": 8}
2025-11-21T09:39:26.277501 - USER:arun - ACTION:list_shared_files - DETAILS:{"count": 8}
2025-11-21T09:39:26.882532 - USER:arun - ACTION:list_shared_files - DETAILS:{"count": 8}
2025-11-21T09:39:28.002705 - USER:arun - ACTION:list_shared_files - DETAILS:{"count": 8}
2025-11-21T09:39:28.206648 - USER:arun - ACTION:list_shared_files - DETAILS:{"count": 8}
2025-11-21T09:39:28.827081 - USER:arun - ACTION:list_shared_files - DETAILS:{"count": 8}
2025-11-21T09:39:28.832467 - USER:arun - ACTION:get_file_access - DETAILS:{"read": true, "write": false}
2025-11-21T09:39:28.836272 - USER:arun - ACTION:list_shared_files - DETAILS:{"count": 8}
2025-11-21T09:39:31.285736 - USER:arun - ACTION:list_shared_files - DETAILS:{"count": 8}
2025-11-21T09:39:31.888426 - USER:arun - ACTION:list_shared_files - DETAILS:{"count": 8}
2025-11-21T09:39:33.011726 - USER:arun - ACTION:list_shared_files - DETAILS:{"count": 8}
2025-11-21T09:39:33.216698 - USER:arun - ACTION:list_shared_files - DETAILS:{"count": 8}
2025-11-21T09:39:33.834375 - USER:arun - ACTION:list_shared_files - DETAILS:{"count": 8}
2025-11-21T09:39:33.840778 - USER:arun - ACTION:get_file_access - DETAILS:{"read": true, "write": false}
2025-11-21T09:39:33.844321 - USER:arun - ACTION:list_shared_files - DETAILS:{"count": 8}
2025-11-21T09:39:36.295999 - USER:arun - ACTION:list_shared_files - DETAILS:{"count": 8}
2025-11-21T09:39:36.897241 - USER:arun - ACTION:list_shared_files - DETAILS:{"count": 8}
2025-11-21T09:39:38.020039 - USER:arun - ACTION:list_shared_files - DETAILS:{"count": 8}
2025-11-21T09:39:38.227540 - USER:arun - ACTION:list_shared_files - DETAILS:{"count": 8}
2025-11-21T09:39:38.840457 - USER:arun - ACTION:list_shared_files - DETAILS:{"count": 8}
2025-11-21T09:39:38.843707 - USER:arun - ACTION:get_file_access - DETAILS:{"read": true, "write": false}
2025-11-21T09:39:38.848417 - USER:arun - ACTION:list_shared_files - DETAILS:{"count": 8}
2025-11-21T09:39:41.305915 - USER:arun - ACTION:list_shared_files - DETAILS:{"count": 8}
2025-11-21T09:39:41.908174 - USER:arun - ACTION:list_shared_files - DETAILS:{"count": 8}
2025-11-21T09:39:43.026592 - USER:arun - ACTION:list_shared_files - DETAILS:{"count": 8}
2025-11-21T09:39:43.233727 - USER:arun - ACTION:list_shared_files - DETAILS:{"count": 8}
2025-11-21T09:39:43.847930 - USER:arun - ACTION:list_shared_files - DETAILS:{"count": 8}
2025-11-21T09:39:43.855513 - USER:arun - ACTION:get_file_access - DETAILS:{"read": true, "write": false}
2025-11-21T09:39:43.858926 - USER:arun - ACTION:list_shared_files - DETAILS:{"count": 8}
2025-11-21T09:39:46.312436 - USER:arun - ACTION:list_shared_files - DETAILS:{"count": 8}
2025-11-21T09:39:46.916257 - USER:arun - ACTION:list_shared_files - DETAILS:{"count": 8}
2025-11-21T09:39:48.034074 - USER:arun - ACTION:list_shared_files - DETAILS:{"count": 8}
2025-11-21T09:39:48.242520 - USER:arun - ACTION:list_shared_files - DETAILS:{"count": 8}
2025-11-21T09:39:48.858459 - USER:arun - ACTION:list_shared_files - DETAILS:{"count": 8}
2025-11-21T09:39:48.865676 - USER:arun - ACTION:get_file_access - DETAILS:{"read": true, "write": false}
2025-11-21T09:39:48.871823 - USER:arun - ACTION:list_shared_files - DETAILS:{"count": 8}
2025-11-21T09:39:51.320886 - USER:arun - ACTION:list_shared_files - DETAILS:{"count": 8}
2025-11-21T09:39:51.925739 - USER:arun - ACTION:list_shared_files - DETAILS:{"count": 8}
2025-11-21T09:39:53.047089 - USER:arun - ACTION:list_shared_files - DETAILS:{"count": 8}
2025-11-21T09:39:53.250404 - USER:arun - ACTION:list_shared_files - DETAILS:{"count": 8}
2025-11-21T09:39:53.868151 - USER:arun - ACTION:list_shared_files - DETAILS:{"count": 8}
2025-11-21T09:39:53.875933 - USER:arun - ACTION:get_file_access - DETAILS:{"read": true, "write": false}
2025-11-21T09:39:53.879718 - USER:arun - ACTION:list_shared_files - DETAILS:{"count": 8}
2025-11-21T09:39:56.329073 - USER:arun - ACTION:list_shared_files - DETAILS:{"count": 8}
2025-11-21T09:39:56.934710 - USER:arun - ACTION:list_shared_files - DETAILS:{"count": 8}
2025-11-21T09:39:58.055230 - USER:arun - ACTION:list_shared_files - DETAILS:{"count": 8}
2025-11-21T09:39:58.258117 - USER:arun - ACTION:list_shared_files - DETAILS:{"count": 8}
2025-11-21T09:39:58.876622 - USER:arun - ACTION:list_shared_files - DETAILS:{"count": 8}
2025-11-21T09:39:58.883522 - USER:arun - ACTION:get_file_access - DETAILS:{"read": true, "write": false}
2025-11-21T09:39:58.888962 - USER:arun - ACTION:list_shared_files - DETAILS:{"count": 8}
2025-11-21T09:40:01.338998 - USER:arun - ACTION:list_shared_files - DETAILS:{"count": 8}
2025-11-21T09:40:01.945394 - USER:arun - ACTION:list_shared_files - DETAILS:{"count": 8}
2025-11-21T09:40:03.063059 - USER:arun - ACTION:list_shared_files - DETAILS:{"count": 8}
2025-11-21T09:40:03.217765 - USER:arun - ACTION:get_file_access - DETAILS:{"read": true, "write": false}
2025-11-21T09:40:03.226445 - USER:arun - ACTION:list_shared_files - DETAILS:{"count": 8}
2025-11-21T09:40:03.231376 - USER:arun - ACTION:download - DETAILS:{"filename": "file_access.log", "size": 127416}
2025-11-21T09:40:03.264336 - USER:arun - ACTION:list_shared_files - DETAILS:{"count": 8}
2025-11-21T09:40:03.885512 - USER:arun - ACTION:list_shared_files - DETAILS:{"count": 8}
2025-11-21T09:40:03.891746 - USER:arun - ACTION:get_file_access - DETAILS:{"read": true, "write": false}
2025-11-21T09:40:03.897801 - USER:arun - ACTION:list_shared_files - DETAILS:{"count": 8}
2025-11-21T09:40:06.350077 - USER:arun - ACTION:list_shared_files - DETAILS:{"count": 8}
2025-11-21T09:40:06.954348 - USER:arun - ACTION:list_shared_files - DETAILS:{"count": 8}
2025-11-21T09:40:08.071598 - USER:arun - ACTION:list_shared_files - DETAILS:{"count": 8}
2025-11-21T09:40:08.276883 - USER:arun - ACTION:list_shared_files - DETAILS:{"count": 8}
2025-11-21T09:40:08.895019 - USER:arun - ACTION:list_shared_files - DETAILS:{"count": 8}
2025-11-21T09:40:08.906615 - USER:arun - ACTION:get_file_access - DETAILS:{"read": true, "write": false}
2025-11-21T09:40:08.911420 - USER:arun - ACTION:list_shared_files - DETAILS:{"count": 8}
2025-11-21T09:40:11.360616 - USER:arun - ACTION:list_shared_files - DETAILS:{"count": 8}
2025-11-21T09:40:11.964032 - USER:arun - ACTION:list_shared_files - DETAILS:{"count": 8}
2025-11-21T09:40:13.080084 - USER:arun - ACTION:list_shared_files - DETAILS:{"count": 8}
2025-11-21T09:40:13.284949 - USER:arun - ACTION:list_shared_files - DETAILS:{"count": 8}
2025-11-21T09:40:13.904959 - USER:arun - ACTION:list_shared_files - DETAILS:{"count": 8}
2025-11-21T09:40:13.911727 - USER:arun - ACTION:get_file_access - DETAILS:{"read": true, "write": false}
2025-11-21T09:40:13.916440 - USER:arun - ACTION:list_shared_files - DETAILS:{"count": 8}
2025-11-21T09:40:16.369523 - USER:arun - ACTION:list_shared_files - DETAILS:{"count": 8}
2025-11-21T09:40:16.974872 - USER:arun - ACTION:list_shared_files - DETAILS:{"count": 8}
2025-11-21T09:40:18.091381 - USER:arun - ACTION:list_shared_files - DETAILS:{"count": 8}
2025-11-21T09:40:18.292743 - USER:arun - ACTION:list_shared_files - DETAILS:{"count": 8}
2025-11-21T09:40:18.913145 - USER:arun - ACTION:list_shared_files - DETAILS:{"count": 8}
2025-11-21T09:40:18.919540 - USER:arun - ACTION:get_file_access - DETAILS:{"read": true, "write": false}
2025-11-21T09:40:18.922850 - USER:arun - ACTION:list_shared_files - DETAILS:{"count": 8}
2025-11-21T09:40:21.377947 - USER:arun - ACTION:list_shared_files - DETAILS:{"count": 8}
2025-11-21T09:40:21.983605 - USER:arun - ACTION:list_shared_files - DETAILS:{"count": 8}
2025-11-21T09:40:23.101229 - USER:arun - ACTION:list_shared_files - DETAILS:{"count": 8}
2025-11-21T09:40:23.302705 - USER:arun - ACTION:list_shared_files - DETAILS:{"count": 8}
2025-11-21T09:40:23.923713 - USER:arun - ACTION:list_shared_files - DETAILS:{"count": 8}
2025-11-21T09:40:23.932864 - USER:arun - ACTION:get_file_access - DETAILS:{"read": true, "write": false}
2025-11-21T09:40:23.936658 - USER:arun - ACTION:list_shared_files - DETAILS:{"count": 8}
2025-11-21T09:40:26.387801 - USER:arun - ACTION:list_shared_files - DETAILS:{"count": 8}
2025-11-21T09:40:26.993287 - USER:arun - ACTION:list_shared_files - DETAILS:{"count": 8}
2025-11-21T09:40:28.110418 - USER:arun - ACTION:list_shared_files - DETAILS:{"count": 8}
2025-11-21T09:40:28.309432 - USER:arun - ACTION:list_shared_files - DETAILS:{"count": 8}
2025-11-21T09:40:28.934328 - USER:arun - ACTION:list_shared_files - DETAILS:{"count": 8}
2025-11-21T09:40:28.941440 - USER:arun - ACTION:get_file_access - DETAILS:{"read": true, "write": false}
2025-11-21T09:40:28.944717 - USER:arun - ACTION:list_shared_files - DETAILS:{"count": 8}
2025-11-21T09:40:31.430405 - USER:arun - ACTION:list_shared_files - DETAILS:{"count": 8}
2025-11-21T09:40:32.003591 - USER:arun - ACTION:list_shared_files - DETAILS:{"count": 8}
2025-11-21T09:40:32.734899 - USER:arun - ACTION:get_file_access - DETAILS:{"read": true, "write": false}
2025-11-21T09:40:33.120955 - USER:arun - ACTION:list_shared_files - DETAILS:{"count": 8}
2025-11-21T09:40:33.318258 - USER:arun - ACTION:list_shared_files - DETAILS:{"count": 8}
2025-11-21T09:40:33.940593 - USER:arun - ACTION:list_shared_files - DETAILS:{"count": 8}
2025-11-21T09:40:33.945257 - USER:arun - ACTION:get_file_access - DETAILS:{"read": true, "write": false}
2025-11-21T09:40:33.948793 - USER:arun - ACTION:list_shared_files - DETAILS:{"count": 8}
2025-11-21T09:40:36.440824 - USER:arun - ACTION:list_shared_files - DETAILS:{"count": 8}
2025-11-21T09:40:37.011405 - USER:arun - ACTION:list_shared_files - DETAILS:{"count": 8}
2025-11-21T09:40:38.129546 - USER:arun - ACTION:list_shared_files - DETAILS:{"count": 8}
2025-11-21T09:40:38.332135 - USER:arun - ACTION:list_shared_files - DETAILS:{"count": 8}
2025-11-21T09:40:38.949479 - USER:arun - ACTION:list_shared_files - DETAILS:{"count": 8}
2025-11-21T09:40:38.956798 - USER:arun - ACTION:get_file_access - DETAILS:{"read": true, "write": false}
2025-11-21T09:40:38.960131 - USER:arun - ACTION:list_shared_files - DETAILS:{"count": 8}
2025-11-21T09:40:41.450224 - USER:arun - ACTION:list_shared_files - DETAILS:{"count": 8}
2025-11-21T09:40:42.021142 - USER:arun - ACTION:list_shared_files - DETAILS:{"count": 8}
2025-11-21T09:40:43.139629 - USER:arun - ACTION:list_shared_files - DETAILS:{"count": 8}
2025-11-21T09:40:43.341211 - USER:arun - ACTION:list_shared_files - DETAILS:{"count": 8}
2025-11-21T09:40:43.960538 - USER:arun - ACTION:list_shared_files - DETAILS:{"count": 8}
2025-11-21T09:40:43.967912 - USER:arun - ACTION:get_file_access - DETAILS:{"read": true, "write": false}
2025-11-21T09:40:43.973424 - USER:arun - ACTION:list_shared_files - DETAILS:{"count": 8}
2025-11-21T09:40:46.459612 - USER:arun - ACTION:list_shared_files - DETAILS:{"count": 8}
2025-11-21T09:40:47.031584 - USER:arun - ACTION:list_shared_files - DETAILS:{"count": 8}
2025-11-21T09:40:48.147324 - USER:arun - ACTION:list_shared_files - DETAILS:{"count": 8}
2025-11-21T09:40:48.351167 - USER:arun - ACTION:list_shared_files - DETAILS:{"count": 8}
2025-11-21T09:40:48.970058 - USER:arun - ACTION:list_shared_files - DETAILS:{"count": 8}
2025-11-21T09:40:48.977253 - USER:arun - ACTION:get_file_access - DETAILS:{"read": true, "write": false}
2025-11-21T09:40:48.980389 - USER:arun - ACTION:list_shared_files - DETAILS:{"count": 8}
2025-11-21T09:40:51.469064 - USER:arun - ACTION:list_shared_files - DETAILS:{"count": 8}
2025-11-21T09:40:52.040234 - USER:arun - ACTION:list_shared_files - DETAILS:{"count": 8}
2025-11-21T09:40:53.155243 - USER:arun - ACTION:list_shared_files - DETAILS:{"count": 8}
2025-11-21T09:40:53.360018 - USER:arun - ACTION:list_shared_files - DETAILS:{"count": 8}
2025-11-21T09:40:53.979505 - USER:arun - ACTION:list_shared_files - DETAILS:{"count": 8}
2025-11-21T09:40:53.987311 - USER:arun - ACTION:get_file_access - DETAILS:{"read": true, "write": false}
2025-11-21T09:40:53.992327 - USER:arun - ACTION:list_shared_files - DETAILS:{"count": 8}
2025-11-21T09:40:56.477788 - USER:arun - ACTION:list_shared_files - DETAILS:{"count": 8}
2025-11-21T09:40:57.047944 - USER:arun - ACTION:list_shared_files - DETAILS:{"count": 8}
2025-11-21T09:40:58.163966 - USER:arun - ACTION:list_shared_files - DETAILS:{"count": 8}
2025-11-21T09:40:58.368692 - USER:arun - ACTION:list_shared_files - DETAILS:{"count": 8}
2025-11-21T09:40:58.989623 - USER:arun - ACTION:list_shared_files - DETAILS:{"count": 8}
2025-11-21T09:40:58.998936 - USER:arun - ACTION:get_file_access - DETAILS:{"read": true, "write": false}
2025-11-21T09:40:59.002796 - USER:arun - ACTION:list_shared_files - DETAILS:{"count": 8}
2025-11-21T09:41:01.482721 - USER:arun - ACTION:list_shared_files - DETAILS:{"count": 8}
2025-11-21T09:41:02.056098 - USER:arun - ACTION:list_shared_files - DETAILS:{"count": 8}
2025-11-21T09:41:03.172326 - USER:arun - ACTION:list_shared_files - DETAILS:{"count": 8}
2025-11-21T09:41:03.244454 - USER:arun - ACTION:get_file_access - DETAILS:{"read": true, "write": false}
2025-11-21T09:41:03.247263 - USER:arun - ACTION:list_shared_files - DETAILS:{"count": 8}
2025-11-21T09:41:03.249551 - USER:arun - ACTION:download - DETAILS:{"filename": "file_access.log", "size": 135498}
2025-11-21T09:41:03.375543 - USER:arun - ACTION:list_shared_files - DETAILS:{"count": 8}
2025-11-21T09:41:03.997779 - USER:arun - ACTION:list_shared_files - DETAILS:{"count": 8}
2025-11-21T09:41:04.003619 - USER:arun - ACTION:get_file_access - DETAILS:{"read": true, "write": false}
2025-11-21T09:41:04.006535 - USER:arun - ACTION:list_shared_files - DETAILS:{"count": 8}
2025-11-21T09:41:06.487757 - USER:arun - ACTION:list_shared_files - DETAILS:{"count": 8}
2025-11-21T09:41:07.066026 - USER:arun - ACTION:list_shared_files - DETAILS:{"count": 8}
2025-11-21T09:41:08.183489 - USER:arun - ACTION:list_shared_files - DETAILS:{"count": 8}
2025-11-21T09:41:08.392561 - USER:arun - ACTION:list_shared_files - DETAILS:{"count": 8}
2025-11-21T09:41:09.004416 - USER:arun - ACTION:list_shared_files - DETAILS:{"count": 8}
2025-11-21T09:41:09.010246 - USER:arun - ACTION:get_file_access - DETAILS:{"read": true, "write": false}
2025-11-21T09:41:09.014703 - USER:arun - ACTION:list_shared_files - DETAILS:{"count": 8}
2025-11-21T09:41:11.493460 - USER:arun - ACTION:list_shared_files - DETAILS:{"count": 8}
2025-11-21T09:41:12.075037 - USER:arun - ACTION:list_shared_files - DETAILS:{"count": 8}
2025-11-21T09:41:13.188006 - USER:arun - ACTION:list_shared_files - DETAILS:{"count": 8}
2025-11-21T09:41:13.396644 - USER:arun - ACTION:list_shared_files - DETAILS:{"count": 8}
2025-11-21T09:41:14.013533 - USER:arun - ACTION:list_shared_files - DETAILS:{"count": 8}
2025-11-21T09:41:14.021272 - USER:arun - ACTION:get_file_access - DETAILS:{"read": true, "write": false}
2025-11-21T09:41:14.025386 - USER:arun - ACTION:list_shared_files - DETAILS:{"count": 8}
2025-11-21T09:41:16.498631 - USER:arun - ACTION:list_shared_files - DETAILS:{"count": 8}
2025-11-21T09:41:17.083648 - USER:arun - ACTION:list_shared_files - DETAILS:{"count": 8}
2025-11-21T09:41:18.197060 - USER:arun - ACTION:list_shared_files - DETAILS:{"count": 8}
2025-11-21T09:41:18.403547 - USER:arun - ACTION:list_shared_files - DETAILS:{"count": 8}
2025-11-21T09:41:19.022461 - USER:arun - ACTION:list_shared_files - DETAILS:{"count": 8}
2025-11-21T09:41:19.031990 - USER:arun - ACTION:get_file_access - DETAILS:{"read": true, "write": false}
2025-11-21T09:41:19.037071 - USER:arun - ACTION:list_shared_files - DETAILS:{"count": 8}
2025-11-21T09:41:21.504706 - USER:arun - ACTION:list_shared_files - DETAILS:{"count": 8}
2025-11-21T09:41:22.094572 - USER:arun - ACTION:list_shared_files - DETAILS:{"count": 8}
2025-11-21T09:41:23.204408 - USER:arun - ACTION:list_shared_files - DETAILS:{"count": 8}
2025-11-21T09:41:23.413763 - USER:arun - ACTION:list_shared_files - DETAILS:{"count": 8}
2025-11-21T09:41:24.032956 - USER:arun - ACTION:list_shared_files - DETAILS:{"count": 8}
2025-11-21T09:41:24.039934 - USER:arun - ACTION:get_file_access - DETAILS:{"read": true, "write": false}
2025-11-21T09:41:24.044107 - USER:arun - ACTION:list_shared_files - DETAILS:{"count": 8}
2025-11-21T09:41:26.513755 - USER:arun - ACTION:list_shared_files - DETAILS:{"count": 8}
2025-11-21T09:41:27.100293 - USER:arun - ACTION:list_shared_files - DETAILS:{"count": 8}
2025-11-21T09:41:28.215135 - USER:arun - ACTION:list_shared_files - DETAILS:{"count": 8}
2025-11-21T09:41:28.420958 - USER:arun - ACTION:list_shared_files - DETAILS:{"count": 8}
2025-11-21T09:41:29.040400 - USER:arun - ACTION:list_shared_files - DETAILS:{"count": 8}
2025-11-21T09:41:29.048555 - USER:arun - ACTION:get_file_access - DETAILS:{"read": true, "write": false}
2025-11-21T09:41:29.053216 - USER:arun - ACTION:list_shared_files - DETAILS:{"count": 8}
2025-11-21T09:41:31.554471 - USER:arun - ACTION:list_shared_files - DETAILS:{"count": 8}
2025-11-21T09:41:32.109351 - USER:arun - ACTION:list_shared_files - DETAILS:{"count": 8}
2025-11-21T09:41:33.224703 - USER:arun - ACTION:list_shared_files - DETAILS:{"count": 8}
2025-11-21T09:41:33.430683 - USER:arun - ACTION:list_shared_files - DETAILS:{"count": 8}
2025-11-21T09:41:34.049061 - USER:arun - ACTION:list_shared_files - DETAILS:{"count": 8}
2025-11-21T09:41:34.055333 - USER:arun - ACTION:get_file_access - DETAILS:{"read": true, "write": false}
2025-11-21T09:41:34.060475 - USER:arun - ACTION:list_shared_files - DETAILS:{"count": 8}
2025-11-21T09:41:36.562690 - USER:arun - ACTION:list_shared_files - DETAILS:{"count": 8}
2025-11-21T09:41:37.119484 - USER:arun - ACTION:list_shared_files - DETAILS:{"count": 8}
2025-11-21T09:41:38.237633 - USER:arun - ACTION:list_shared_files - DETAILS:{"count": 8}
2025-11-21T09:41:38.439061 - USER:arun - ACTION:list_shared_files - DETAILS:{"count": 8}
2025-11-21T09:41:39.058959 - USER:arun - ACTION:list_shared_files - DETAILS:{"count": 8}
2025-11-21T09:41:39.066261 - USER:arun - ACTION:get_file_access - DETAILS:{"read": true, "write": false}
2025-11-21T09:41:39.071520 - USER:arun - ACTION:list_shared_files - DETAILS:{"count": 8}
2025-11-21T09:41:41.569171 - USER:arun - ACTION:list_shared_files - DETAILS:{"count": 8}
2025-11-21T09:41:42.131896 - USER:arun - ACTION:list_shared_files - DETAILS:{"count": 8}
2025-11-21T09:41:43.247459 - USER:arun - ACTION:list_shared_files - DETAILS:{"count": 8}
2025-11-21T09:41:43.447644 - USER:arun - ACTION:list_shared_files - DETAILS:{"count": 8}
2025-11-21T09:41:44.065313 - USER:arun - ACTION:list_shared_files - DETAILS:{"count": 8}
2025-11-21T09:41:44.071575 - USER:arun - ACTION:get_file_access - DETAILS:{"read": true, "write": false}
2025-11-21T09:41:44.075189 - USER:arun - ACTION:list_shared_files - DETAILS:{"count": 8}
2025-11-21T09:41:46.574125 - USER:arun - ACTION:list_shared_files - DETAILS:{"count": 8}
2025-11-21T09:41:47.138322 - USER:arun - ACTION:list_shared_files - DETAILS:{"count": 8}
2025-11-21T09:41:48.253707 - USER:arun - ACTION:list_shared_files - DETAILS:{"count": 8}
2025-11-21T09:41:48.454478 - USER:arun - ACTION:list_shared_files - DETAILS:{"count": 8}
2025-11-21T09:41:49.072924 - USER:arun - ACTION:list_shared_files - DETAILS:{"count": 8}
2025-11-21T09:41:49.082507 - USER:arun - ACTION:get_file_access - DETAILS:{"read": true, "write": false}
2025-11-21T09:41:49.086619 - USER:arun - ACTION:list_shared_files - DETAILS:{"count": 8}
2025-11-21T09:41:51.582225 - USER:arun - ACTION:list_shared_files - DETAILS:{"count": 8}
2025-11-21T09:41:52.145907 - USER:arun - ACTION:list_shared_files - DETAILS:{"count": 8}
2025-11-21T09:41:53.262598 - USER:arun - ACTION:list_shared_files - DETAILS:{"count": 8}
2025-11-21T09:41:53.461519 - USER:arun - ACTION:list_shared_files - DETAILS:{"count": 8}
2025-11-21T09:41:54.083159 - USER:arun - ACTION:list_shared_files - DETAILS:{"count": 8}
2025-11-21T09:41:54.089934 - USER:arun - ACTION:get_file_access - DETAILS:{"read": true, "write": false}
2025-11-21T09:41:54.096308 - USER:arun - ACTION:list_shared_files - DETAILS:{"count": 8}
2025-11-21T09:41:56.592813 - USER:arun - ACTION:list_shared_files - DETAILS:{"count": 8}
2025-11-21T09:41:57.155476 - USER:arun - ACTION:list_shared_files - DETAILS:{"count": 8}
2025-11-21T09:41:58.268736 - USER:arun - ACTION:list_shared_files - DETAILS:{"count": 8}
2025-11-21T09:41:58.467238 - USER:arun - ACTION:list_shared_files - DETAILS:{"count": 8}
2025-11-21T09:41:59.092407 - USER:arun - ACTION:list_shared_files - DETAILS:{"count": 8}
2025-11-21T09:41:59.100500 - USER:arun - ACTION:get_file_access - DETAILS:{"read": true, "write": false}
2025-11-21T09:41:59.105370 - USER:arun - ACTION:list_shared_files - DETAILS:{"count": 8}
2025-11-21T09:42:01.599427 - USER:arun - ACTION:list_shared_files - DETAILS:{"count": 8}
2025-11-21T09:42:02.164040 - USER:arun - ACTION:list_shared_files - DETAILS:{"count": 8}
2025-11-21T09:42:03.256083 - USER:arun - ACTION:get_file_access - DETAILS:{"read": true, "write": false}
2025-11-21T09:42:03.263517 - USER:arun - ACTION:list_shared_files - DETAILS:{"count": 8}
2025-11-21T09:42:03.268392 - USER:arun - ACTION:download - DETAILS:{"filename": "file_access.log", "size": 143386}
2025-11-21T09:42:03.274273 - USER:arun - ACTION:list_shared_files - DETAILS:{"count": 8}
2025-11-21T09:42:03.471938 - USER:arun - ACTION:list_shared_files - DETAILS:{"count": 8}
2025-11-21T09:42:04.101612 - USER:arun - ACTION:list_shared_files - DETAILS:{"count": 8}
2025-11-21T09:42:04.108220 - USER:arun - ACTION:get_file_access - DETAILS:{"read": true, "write": false}
2025-11-21T09:42:04.111522 - USER:arun - ACTION:list_shared_files - DETAILS:{"count": 8}
2025-11-21T09:42:06.608473 - USER:arun - ACTION:list_shared_files - DETAILS:{"count": 8}
2025-11-21T09:42:07.173094 - USER:arun - ACTION:list_shared_files - DETAILS:{"count": 8}
2025-11-21T09:42:08.279283 - USER:arun - ACTION:list_shared_files - DETAILS:{"count": 8}
2025-11-21T09:42:08.477792 - USER:arun - ACTION:list_shared_files - DETAILS:{"count": 8}
2025-11-21T09:42:19.122363 - USER:arun - ACTION:get_file_access - DETAILS:{"read": true, "write": false}
2025-11-21T09:42:19.129237 - USER:arun - ACTION:list_shared_files - DETAILS:{"count": 8}
2025-11-21T09:42:21.620851 - USER:arun - ACTION:list_shared_files - DETAILS:{"count": 8}
2025-11-21T09:42:22.183641 - USER:arun - ACTION:list_shared_files - DETAILS:{"count": 8}
2025-11-21T09:42:23.287001 - USER:arun - ACTION:list_shared_files - DETAILS:{"count": 8}
2025-11-21T09:42:23.484101 - USER:arun - ACTION:list_shared_files - DETAILS:{"count": 8}
2025-11-21T09:42:24.114903 - USER:arun - ACTION:list_shared_files - DETAILS:{"count": 8}
2025-11-21T09:42:24.128416 - USER:arun - ACTION:get_file_access - DETAILS:{"read": true, "write": false}
2025-11-21T09:42:24.132473 - USER:arun - ACTION:list_shared_files - DETAILS:{"count": 8}
2025-11-21T09:42:26.628419 - USER:arun - ACTION:list_shared_files - DETAILS:{"count": 8}
2025-11-21T09:42:27.192798 - USER:arun - ACTION:list_shared_files - DETAILS:{"count": 8}
2025-11-21T09:42:28.295730 - USER:arun - ACTION:list_shared_files - DETAILS:{"count": 8}
2025-11-21T09:42:28.489836 - USER:arun - ACTION:list_shared_files - DETAILS:{"count": 8}
2025-11-21T09:42:29.124062 - USER:arun - ACTION:list_shared_files - DETAILS:{"count": 8}
2025-11-21T09:42:29.133544 - USER:arun - ACTION:get_file_access - DETAILS:{"read": true, "write": false}
2025-11-21T09:42:29.138150 - USER:arun - ACTION:list_shared_files - DETAILS:{"count": 8}
2025-11-21T09:42:31.637057 - USER:arun - ACTION:list_shared_files - DETAILS:{"count": 8}
2025-11-21T09:42:32.201628 - USER:arun - ACTION:list_shared_files - DETAILS:{"count": 8}
2025-11-21T09:42:33.305243 - USER:arun - ACTION:list_shared_files - DETAILS:{"count": 8}
2025-11-21T09:42:33.512602 - USER:arun - ACTION:list_shared_files - DETAILS:{"count": 8}
2025-11-21T09:42:34.134231 - USER:arun - ACTION:list_shared_files - DETAILS:{"count": 8}
2025-11-21T09:42:34.141364 - USER:arun - ACTION:get_file_access - DETAILS:{"read": true, "write": false}
2025-11-21T09:42:34.146864 - USER:arun - ACTION:list_shared_files - DETAILS:{"count": 8}
2025-11-21T09:42:36.644807 - USER:arun - ACTION:list_shared_files - DETAILS:{"count": 8}
2025-11-21T09:42:37.211380 - USER:arun - ACTION:list_shared_files - DETAILS:{"count": 8}
2025-11-21T09:42:38.315758 - USER:arun - ACTION:list_shared_files - DETAILS:{"count": 8}
2025-11-21T09:42:38.520512 - USER:arun - ACTION:list_shared_files - DETAILS:{"count": 8}
2025-11-21T09:42:39.144591 - USER:arun - ACTION:list_shared_files - DETAILS:{"count": 8}
2025-11-21T09:42:39.151568 - USER:arun - ACTION:get_file_access - DETAILS:{"read": true, "write": false}
2025-11-21T09:42:39.155719 - USER:arun - ACTION:list_shared_files - DETAILS:{"count": 8}
2025-11-21T09:42:41.655486 - USER:arun - ACTION:list_shared_files - DETAILS:{"count": 8}
2025-11-21T09:42:42.219234 - USER:arun - ACTION:list_shared_files - DETAILS:{"count": 8}
2025-11-21T09:42:43.324875 - USER:arun - ACTION:list_shared_files - DETAILS:{"count": 8}
2025-11-21T09:42:43.524900 - USER:arun - ACTION:list_shared_files - DETAILS:{"count": 8}
2025-11-21T09:42:44.156080 - USER:arun - ACTION:list_shared_files - DETAILS:{"count": 8}
2025-11-21T09:42:44.164520 - USER:arun - ACTION:get_file_access - DETAILS:{"read": true, "write": false}
2025-11-21T09:42:44.169910 - USER:arun - ACTION:list_shared_files - DETAILS:{"count": 8}
2025-11-21T09:42:46.665212 - USER:arun - ACTION:list_shared_files - DETAILS:{"count": 8}
2025-11-21T09:42:47.225395 - USER:arun - ACTION:list_shared_files - DETAILS:{"count": 8}
2025-11-21T09:42:48.334791 - USER:arun - ACTION:list_shared_files - DETAILS:{"count": 8}
2025-11-21T09:42:48.533245 - USER:arun - ACTION:list_shared_files - DETAILS:{"count": 8}
2025-11-21T09:42:49.167111 - USER:arun - ACTION:list_shared_files - DETAILS:{"count": 8}
2025-11-21T09:42:49.174643 - USER:arun - ACTION:get_file_access - DETAILS:{"read": true, "write": false}
2025-11-21T09:42:49.178968 - USER:arun - ACTION:list_shared_files - DETAILS:{"count": 8}
2025-11-21T09:42:51.675830 - USER:arun - ACTION:list_shared_files - DETAILS:{"count": 8}
2025-11-21T09:42:52.231729 - USER:arun - ACTION:list_shared_files - DETAILS:{"count": 8}
2025-11-21T09:42:53.343504 - USER:arun - ACTION:list_shared_files - DETAILS:{"count": 8}
2025-11-21T09:42:53.543940 - USER:arun - ACTION:list_shared_files - DETAILS:{"count": 8}
2025-11-21T09:42:54.172836 - USER:arun - ACTION:list_shared_files - DETAILS:{"count": 8}
2025-11-21T09:42:54.178464 - USER:arun - ACTION:get_file_access - DETAILS:{"read": true, "write": false}
2025-11-21T09:42:54.184378 - USER:arun - ACTION:list_shared_files - DETAILS:{"count": 8}
2025-11-21T09:42:56.684056 - USER:arun - ACTION:list_shared_files - DETAILS:{"count": 8}
2025-11-21T09:42:57.237038 - USER:arun - ACTION:list_shared_files - DETAILS:{"count": 8}
2025-11-21T09:42:58.349275 - USER:arun - ACTION:list_shared_files - DETAILS:{"count": 8}
2025-11-21T09:42:58.552884 - USER:arun - ACTION:list_shared_files - DETAILS:{"count": 8}
2025-11-21T09:42:59.178125 - USER:arun - ACTION:list_shared_files - DETAILS:{"count": 8}
2025-11-21T09:42:59.184037 - USER:arun - ACTION:get_file_access - DETAILS:{"read": true, "write": false}
2025-11-21T09:42:59.187586 - USER:arun - ACTION:list_shared_files - DETAILS:{"count": 8}
2025-11-21T09:43:01.694181 - USER:arun - ACTION:list_shared_files - DETAILS:{"count": 8}
2025-11-21T09:43:02.243074 - USER:arun - ACTION:list_shared_files - DETAILS:{"count": 8}
2025-11-21T09:43:03.277752 - USER:arun - ACTION:get_file_access - DETAILS:{"read": true, "write": false}
2025-11-21T09:43:03.286706 - USER:arun - ACTION:list_shared_files - DETAILS:{"count": 8}
2025-11-21T09:43:03.292422 - USER:arun - ACTION:download - DETAILS:{"filename": "file_access.log", "size": 149996}
2025-11-21T09:43:03.355541 - USER:arun - ACTION:list_shared_files - DETAILS:{"count": 8}
2025-11-21T09:43:03.559561 - USER:arun - ACTION:list_shared_files - DETAILS:{"count": 8}
2025-11-21T09:43:04.184277 - USER:arun - ACTION:list_shared_files - DETAILS:{"count": 8}
2025-11-21T09:43:04.189347 - USER:arun - ACTION:get_file_access - DETAILS:{"read": true, "write": false}
2025-11-21T09:43:04.192160 - USER:arun - ACTION:list_shared_files - DETAILS:{"count": 8}
2025-11-21T09:43:21.093659 - USER:arun - ACTION:get_file_access - DETAILS:{"read": true, "write": false}
2025-11-21T09:43:21.107128 - USER:arun - ACTION:get_file_access - DETAILS:{"read": true, "write": false}
2025-11-21T09:43:21.167738 - USER:arun - ACTION:list_shared_files - DETAILS:{"count": 8}
2025-11-21T09:43:21.168853 - USER:arun - ACTION:list_shared_files - DETAILS:{"count": 8}
2025-11-21T09:43:21.173365 - USER:arun - ACTION:download - DETAILS:{"filename": "file_access.log", "size": 150960}
2025-11-21T09:43:26.170181 - USER:arun - ACTION:get_file_access - DETAILS:{"read": true, "write": false}
2025-11-21T09:43:26.178044 - USER:arun - ACTION:list_shared_files - DETAILS:{"count": 8}
2025-11-21T09:43:31.178425 - USER:arun - ACTION:get_file_access - DETAILS:{"read": true, "write": false}
2025-11-21T09:43:31.185681 - USER:arun - ACTION:list_shared_files - DETAILS:{"count": 8}
2025-11-21T09:43:36.185407 - USER:arun - ACTION:get_file_access - DETAILS:{"read": true, "write": false}
2025-11-21T09:43:36.192605 - USER:arun - ACTION:list_shared_files - DETAILS:{"count": 8}
2025-11-21T09:43:41.196245 - USER:arun - ACTION:get_file_access - DETAILS:{"read": true, "write": false}
2025-11-21T09:43:41.201935 - USER:arun - ACTION:list_shared_files - DETAILS:{"count": 8}
2025-11-21T09:43:46.203146 - USER:arun - ACTION:get_file_access - DETAILS:{"read": true, "write": false}
2025-11-21T09:43:46.208902 - USER:arun - ACTION:list_shared_files - DETAILS:{"count": 8}
2025-11-21T09:43:51.209852 - USER:arun - ACTION:get_file_access - DETAILS:{"read": true, "write": false}
2025-11-21T09:43:51.255024 - USER:arun - ACTION:list_shared_files - DETAILS:{"count": 8}
2025-11-21T09:43:56.252594 - USER:arun - ACTION:get_file_access - DETAILS:{"read": true, "write": false}
2025-11-21T09:43:56.259374 - USER:arun - ACTION:list_shared_files - DETAILS:{"count": 8}
2025-11-21T09:44:01.262416 - USER:arun - ACTION:get_file_access - DETAILS:{"read": true, "write": false}
2025-11-21T09:44:01.270542 - USER:arun - ACTION:list_shared_files - DETAILS:{"count": 8}
2025-11-21T09:44:06.270555 - USER:arun - ACTION:get_file_access - DETAILS:{"read": true, "write": false}
2025-11-21T09:44:06.278838 - USER:arun - ACTION:list_shared_files - DETAILS:{"count": 8}
2025-11-21T09:44:11.279171 - USER:arun - ACTION:get_file_access - DETAILS:{"read": true, "write": false}
2025-11-21T09:44:11.287733 - USER:arun - ACTION:list_shared_files - DETAILS:{"count": 8}
2025-11-21T09:44:16.285776 - USER:arun - ACTION:get_file_access - DETAILS:{"read": true, "write": false}
2025-11-21T09:44:16.292350 - USER:arun - ACTION:list_shared_files - DETAILS:{"count": 8}
2025-11-21T09:44:21.180643 - USER:arun - ACTION:get_file_access - DETAILS:{"read": true, "write": false}
2025-11-21T09:44:21.196902 - USER:arun - ACTION:list_shared_files - DETAILS:{"count": 8}
2025-11-21T09:44:21.199466 - USER:arun - ACTION:download - DETAILS:{"filename": "file_access.log", "size": 153403}
2025-11-21T09:44:21.290707 - USER:arun - ACTION:get_file_access - DETAILS:{"read": true, "write": false}
2025-11-21T09:44:21.295568 - USER:arun - ACTION:list_shared_files - DETAILS:{"count": 8}
2025-11-21T09:44:21.356652 - USER:arun - ACTION:get_file_access - DETAILS:{"read": true, "write": false}
2025-11-21T09:44:26.297152 - USER:arun - ACTION:get_file_access - DETAILS:{"read": true, "write": false}
2025-11-21T09:44:26.302730 - USER:arun - ACTION:list_shared_files - DETAILS:{"count": 8}
2025-11-21T09:44:31.301814 - USER:arun - ACTION:get_file_access - DETAILS:{"read": true, "write": false}
2025-11-21T09:44:31.306528 - USER:arun - ACTION:list_shared_files - DETAILS:{"count": 8}
2025-11-21T09:44:36.305906 - USER:arun - ACTION:get_file_access - DETAILS:{"read": true, "write": false}
2025-11-21T09:44:36.310967 - USER:arun - ACTION:list_shared_files - DETAILS:{"count": 8}
2025-11-21T09:44:41.314716 - USER:arun - ACTION:get_file_access - DETAILS:{"read": true, "write": false}
2025-11-21T09:44:41.322276 - USER:arun - ACTION:list_shared_files - DETAILS:{"count": 8}
2025-11-21T09:44:46.324304 - USER:arun - ACTION:get_file_access - DETAILS:{"read": true, "write": false}
2025-11-21T09:44:46.371165 - USER:arun - ACTION:list_shared_files - DETAILS:{"count": 8}
2025-11-21T09:44:51.364447 - USER:arun - ACTION:get_file_access - DETAILS:{"read": true, "write": false}
2025-11-21T09:44:51.402828 - USER:arun - ACTION:list_shared_files - DETAILS:{"count": 8}
2025-11-21T09:44:56.408253 - USER:arun - ACTION:get_file_access - DETAILS:{"read": true, "write": false}
2025-11-21T09:44:56.455550 - USER:arun - ACTION:list_shared_files - DETAILS:{"count": 8}
2025-11-21T09:45:01.454563 - USER:arun - ACTION:get_file_access - DETAILS:{"read": true, "write": false}
2025-11-21T09:45:01.462542 - USER:arun - ACTION:list_shared_files - DETAILS:{"count": 8}
2025-11-21T09:45:06.463060 - USER:arun - ACTION:get_file_access - DETAILS:{"read": true, "write": false}
2025-11-21T09:45:06.471737 - USER:arun - ACTION:list_shared_files - DETAILS:{"count": 8}
2025-11-21T09:45:11.471241 - USER:arun - ACTION:get_file_access - DETAILS:{"read": true, "write": false}
2025-11-21T09:45:11.477910 - USER:arun - ACTION:list_shared_files - DETAILS:{"count": 8}
2025-11-21T09:45:16.476971 - USER:arun - ACTION:get_file_access - DETAILS:{"read": true, "write": false}
2025-11-21T09:45:16.481992 - USER:arun - ACTION:list_shared_files - DETAILS:{"count": 8}
2025-11-21T09:45:16.680902 - USER:arun - ACTION:get_file_access - DETAILS:{"read": true, "write": false}
2025-11-21T09:45:21.206882 - USER:arun - ACTION:get_file_access - DETAILS:{"read": true, "write": false}
2025-11-21T09:45:21.214586 - USER:arun - ACTION:list_shared_files - DETAILS:{"count": 8}
2025-11-21T09:45:21.219789 - USER:arun - ACTION:download - DETAILS:{"filename": "file_access.log", "size": 156250}
2025-11-21T09:45:21.480645 - USER:arun - ACTION:get_file_access - DETAILS:{"read": true, "write": false}
2025-11-21T09:45:21.485589 - USER:arun - ACTION:list_shared_files - DETAILS:{"count": 8}
2025-11-21T09:45:26.484235 - USER:arun - ACTION:get_file_access - DETAILS:{"read": true, "write": false}
2025-11-21T09:45:26.488821 - USER:arun - ACTION:list_shared_files - DETAILS:{"count": 8}
2025-11-21T12:57:51.862312 - USER:arun - ACTION:get_file_access - DETAILS:{"read": true, "write": false}
2025-11-21T12:58:19.568300 - USER:arun - ACTION:update_file_access - DETAILS:{"read": true, "write": true}
2025-11-21T12:58:20.163791 - USER:arun - ACTION:update_file_access - DETAILS:{"read": true, "write": false}
2025-11-21T12:59:04.007873 - USER:arun - ACTION:get_file_access - DETAILS:{"read": true, "write": false}
2025-11-21T13:00:13.122678 - USER:arun - ACTION:get_file_access - DETAILS:{"read": true, "write": false}
